/home/shkim/.local/lib/python3.12/site-packages/timm/models/layers/__init__.py:49: FutureWarning: Importing from timm.models.layers is deprecated, please import via timm.layers
  warnings.warn(f"Importing from {__name__} is deprecated, please import via timm.layers", FutureWarning)
Not using distributed mode
Loading config file from /workspace/dino_dit/dit-dino-layout/src/dit_layout_bench/resources/dino_publaynet.py
[08/21 14:58:28.332]: git:
  sha: 8f2607d4f82daf18171bdaa3908090ddd42ef82c, status: has uncommited changes, branch: main

[08/21 14:58:28.332]: Command: train.py --config configs/dino_train.yaml
[08/21 14:58:28.332]: Full config saved to outputs/dino-fpn256/config_args_all.json
[08/21 14:58:28.332]: world size: 1
[08/21 14:58:28.332]: rank: 0
[08/21 14:58:28.332]: local_rank: 0
[08/21 14:58:28.332]: args: Namespace(config_file='/workspace/dino_dit/dit-dino-layout/src/dit_layout_bench/resources/dino_publaynet.py', options={'batch_size': 3, 'epochs': 12, 'lr': 0.0001, 'lr_backbone': 1e-05, 'weight_decay': 0.05, 'warmup_iters': 1000, 'warmup_factor': 0.001, 'evaluate_every_epochs': 1, 'dit_pretrained': '/workspace/boin-dit/boinDiT/pretrained_model/dit-base-224-p16-500k-62d53a.pth', 'dit_drop_path': 0.1, 'dit_use_checkpoint': True, 'dit_pyramid_channels': 256, 'data_aug_scales': [480, 512, 544, 576, 608, 640, 672, 704, 736, 768, 800], 'data_aug_max_size': 1333, 'data_norm_mean': [0.5, 0.5, 0.5], 'data_norm_std': [0.5, 0.5, 0.5], 'data_random_flip': 'horizontal', 'optimizer': 'adamw', 'fused_optimizer': True, 'adam_betas': [0.9, 0.999], 'scheduler': 'step', 'hidden_dim': 256, 'num_feature_levels': 4, 'enc_layers': 6, 'dec_layers': 6, 'nheads': 8, 'dim_feedforward': 2048, 'dropout': 0.0, 'enc_n_points': 4, 'dec_n_points': 4, 'num_queries': 300, 'num_select': 300, 'use_dn': True, 'dn_number': 100, 'dn_box_noise_scale': 0.4, 'dn_label_noise_ratio': 0.5, 'aux_loss': True, 'lr_drop': 11, 'lr_drop_list': [11], 'clip_max_norm': 0.1, 'set_cost_class': 2.0, 'set_cost_bbox': 5.0, 'set_cost_giou': 2.0, 'cls_loss_coef': 1.0, 'bbox_loss_coef': 5.0, 'giou_loss_coef': 2.0, 'focal_alpha': 0.25, 'use_ema': False, 'ema_decay': 0.9997, 'ema_epoch': 0, 'save_checkpoint_interval': 1, 'data_pin_memory': True, 'data_non_blocking': True, 'data_persistent_workers': True, 'data_prefetch_factor': 2, 'tracking_log_every_steps': 20, 'ddp_gradient_as_bucket_view': True, 'ddp_static_graph': True}, dataset_file='publaynet', coco_path='../publaynet', coco_panoptic_path=None, remove_difficult=False, fix_size=False, output_dir='outputs/dino-fpn256', note='', device='cuda', seed=42, resume='', pretrain_model_path=None, finetune_ignore=None, start_epoch=0, eval=False, num_workers=8, test=False, debug=False, find_unused_params=False, save_results=False, save_log=False, world_size=1, dist_url='env://', rank=0, local_rank=0, amp=True, distributed=False, data_aug_scales=[480, 512, 544, 576, 608, 640, 672, 704, 736, 768, 800], data_aug_max_size=1333, data_aug_scales2_resize=[400, 500, 600], data_aug_scales2_crop=[384, 600], data_aug_scale_overlap=None, num_classes=6, lr=0.0001, param_dict_type='default', lr_backbone=1e-05, lr_backbone_names=['backbone.0'], lr_linear_proj_names=['reference_points', 'sampling_offsets'], lr_linear_proj_mult=0.1, ddetr_lr_param=False, batch_size=3, weight_decay=0.05, epochs=12, lr_drop=11, save_checkpoint_interval=1, clip_max_norm=0.1, onecyclelr=False, multi_step_lr=False, lr_drop_list=[11], modelname='dino', frozen_weights=None, backbone='dit_base_patch16', use_checkpoint=False, dilation=False, position_embedding='sine', pe_temperatureH=20, pe_temperatureW=20, return_interm_indices=[0, 1, 2, 3], backbone_freeze_keywords=None, enc_layers=6, dec_layers=6, unic_layers=0, pre_norm=False, dim_feedforward=2048, hidden_dim=256, dropout=0.0, nheads=8, num_queries=300, query_dim=4, num_patterns=0, pdetr3_bbox_embed_diff_each_layer=False, pdetr3_refHW=-1, random_refpoints_xy=False, fix_refpoints_hw=-1, dabdetr_yolo_like_anchor_update=False, dabdetr_deformable_encoder=False, dabdetr_deformable_decoder=False, use_deformable_box_attn=False, box_attn_type='roi_align', dec_layer_number=None, num_feature_levels=4, enc_n_points=4, dec_n_points=4, decoder_layer_noise=False, dln_xy_noise=0.2, dln_hw_noise=0.2, add_channel_attention=False, add_pos_value=False, two_stage_type='standard', two_stage_pat_embed=0, two_stage_add_query_num=0, two_stage_bbox_embed_share=False, two_stage_class_embed_share=False, two_stage_learn_wh=False, two_stage_default_hw=0.05, two_stage_keep_all_tokens=False, num_select=300, transformer_activation='relu', batch_norm_type='FrozenBatchNorm2d', masks=False, aux_loss=True, set_cost_class=2.0, set_cost_bbox=5.0, set_cost_giou=2.0, cls_loss_coef=1.0, mask_loss_coef=1.0, dice_loss_coef=1.0, bbox_loss_coef=5.0, giou_loss_coef=2.0, enc_loss_coef=1.0, interm_loss_coef=1.0, no_interm_box_loss=False, focal_alpha=0.25, decoder_sa_type='sa', matcher_type='HungarianMatcher', decoder_module_seq=['sa', 'ca', 'ffn'], nms_iou_threshold=-1, dec_pred_bbox_embed_share=True, dec_pred_class_embed_share=True, use_dn=True, dn_number=100, dn_box_noise_scale=0.4, dn_label_noise_ratio=0.5, embed_init_tgt=True, dn_labelbook_size=6, match_unstable_error=True, use_ema=False, ema_decay=0.9997, ema_epoch=0, use_detached_boxes_dec_out=False, dit_pretrained='/workspace/boin-dit/boinDiT/pretrained_model/dit-base-224-p16-500k-62d53a.pth', dit_drop_path=0.1, dit_use_checkpoint=True, dit_pyramid_channels=256, data_norm_mean=[0.5, 0.5, 0.5], data_norm_std=[0.5, 0.5, 0.5], data_random_flip='horizontal', strong_aug=False, optimizer='adamw', fused_optimizer=True, adam_betas=[0.9, 0.999], scheduler='step', warmup_iters=1000, warmup_factor=0.001, evaluate_every_epochs=1, data_pin_memory=True, data_non_blocking=True, data_persistent_workers=True, data_prefetch_factor=2, tracking_log_every_steps=20, ddp_gradient_as_bucket_view=True, ddp_static_graph=True)

Namespace(config_file='/workspace/dino_dit/dit-dino-layout/src/dit_layout_bench/resources/dino_publaynet.py', options={'batch_size': 3, 'epochs': 12, 'lr': 0.0001, 'lr_backbone': 1e-05, 'weight_decay': 0.05, 'warmup_iters': 1000, 'warmup_factor': 0.001, 'evaluate_every_epochs': 1, 'dit_pretrained': '/workspace/boin-dit/boinDiT/pretrained_model/dit-base-224-p16-500k-62d53a.pth', 'dit_drop_path': 0.1, 'dit_use_checkpoint': True, 'dit_pyramid_channels': 256, 'data_aug_scales': [480, 512, 544, 576, 608, 640, 672, 704, 736, 768, 800], 'data_aug_max_size': 1333, 'data_norm_mean': [0.5, 0.5, 0.5], 'data_norm_std': [0.5, 0.5, 0.5], 'data_random_flip': 'horizontal', 'optimizer': 'adamw', 'fused_optimizer': True, 'adam_betas': [0.9, 0.999], 'scheduler': 'step', 'hidden_dim': 256, 'num_feature_levels': 4, 'enc_layers': 6, 'dec_layers': 6, 'nheads': 8, 'dim_feedforward': 2048, 'dropout': 0.0, 'enc_n_points': 4, 'dec_n_points': 4, 'num_queries': 300, 'num_select': 300, 'use_dn': True, 'dn_number': 100, 'dn_box_noise_scale': 0.4, 'dn_label_noise_ratio': 0.5, 'aux_loss': True, 'lr_drop': 11, 'lr_drop_list': [11], 'clip_max_norm': 0.1, 'set_cost_class': 2.0, 'set_cost_bbox': 5.0, 'set_cost_giou': 2.0, 'cls_loss_coef': 1.0, 'bbox_loss_coef': 5.0, 'giou_loss_coef': 2.0, 'focal_alpha': 0.25, 'use_ema': False, 'ema_decay': 0.9997, 'ema_epoch': 0, 'save_checkpoint_interval': 1, 'data_pin_memory': True, 'data_non_blocking': True, 'data_persistent_workers': True, 'data_prefetch_factor': 2, 'tracking_log_every_steps': 20, 'ddp_gradient_as_bucket_view': True, 'ddp_static_graph': True}, dataset_file='publaynet', coco_path='../publaynet', coco_panoptic_path=None, remove_difficult=False, fix_size=False, output_dir='outputs/dino-fpn256', note='', device='cuda', seed=42, resume='', pretrain_model_path=None, finetune_ignore=None, start_epoch=0, eval=False, num_workers=8, test=False, debug=False, find_unused_params=False, save_results=False, save_log=False, world_size=1, dist_url='env://', rank=0, local_rank=0, amp=True, distributed=False, data_aug_scales=[480, 512, 544, 576, 608, 640, 672, 704, 736, 768, 800], data_aug_max_size=1333, data_aug_scales2_resize=[400, 500, 600], data_aug_scales2_crop=[384, 600], data_aug_scale_overlap=None, num_classes=6, lr=0.0001, param_dict_type='default', lr_backbone=1e-05, lr_backbone_names=['backbone.0'], lr_linear_proj_names=['reference_points', 'sampling_offsets'], lr_linear_proj_mult=0.1, ddetr_lr_param=False, batch_size=3, weight_decay=0.05, epochs=12, lr_drop=11, save_checkpoint_interval=1, clip_max_norm=0.1, onecyclelr=False, multi_step_lr=False, lr_drop_list=[11], modelname='dino', frozen_weights=None, backbone='dit_base_patch16', use_checkpoint=False, dilation=False, position_embedding='sine', pe_temperatureH=20, pe_temperatureW=20, return_interm_indices=[0, 1, 2, 3], backbone_freeze_keywords=None, enc_layers=6, dec_layers=6, unic_layers=0, pre_norm=False, dim_feedforward=2048, hidden_dim=256, dropout=0.0, nheads=8, num_queries=300, query_dim=4, num_patterns=0, pdetr3_bbox_embed_diff_each_layer=False, pdetr3_refHW=-1, random_refpoints_xy=False, fix_refpoints_hw=-1, dabdetr_yolo_like_anchor_update=False, dabdetr_deformable_encoder=False, dabdetr_deformable_decoder=False, use_deformable_box_attn=False, box_attn_type='roi_align', dec_layer_number=None, num_feature_levels=4, enc_n_points=4, dec_n_points=4, decoder_layer_noise=False, dln_xy_noise=0.2, dln_hw_noise=0.2, add_channel_attention=False, add_pos_value=False, two_stage_type='standard', two_stage_pat_embed=0, two_stage_add_query_num=0, two_stage_bbox_embed_share=False, two_stage_class_embed_share=False, two_stage_learn_wh=False, two_stage_default_hw=0.05, two_stage_keep_all_tokens=False, num_select=300, transformer_activation='relu', batch_norm_type='FrozenBatchNorm2d', masks=False, aux_loss=True, set_cost_class=2.0, set_cost_bbox=5.0, set_cost_giou=2.0, cls_loss_coef=1.0, mask_loss_coef=1.0, dice_loss_coef=1.0, bbox_loss_coef=5.0, giou_loss_coef=2.0, enc_loss_coef=1.0, interm_loss_coef=1.0, no_interm_box_loss=False, focal_alpha=0.25, decoder_sa_type='sa', matcher_type='HungarianMatcher', decoder_module_seq=['sa', 'ca', 'ffn'], nms_iou_threshold=-1, dec_pred_bbox_embed_share=True, dec_pred_class_embed_share=True, use_dn=True, dn_number=100, dn_box_noise_scale=0.4, dn_label_noise_ratio=0.5, embed_init_tgt=True, dn_labelbook_size=6, match_unstable_error=True, use_ema=False, ema_decay=0.9997, ema_epoch=0, use_detached_boxes_dec_out=False, dit_pretrained='/workspace/boin-dit/boinDiT/pretrained_model/dit-base-224-p16-500k-62d53a.pth', dit_drop_path=0.1, dit_use_checkpoint=True, dit_pyramid_channels=256, data_norm_mean=[0.5, 0.5, 0.5], data_norm_std=[0.5, 0.5, 0.5], data_random_flip='horizontal', strong_aug=False, optimizer='adamw', fused_optimizer=True, adam_betas=[0.9, 0.999], scheduler='step', warmup_iters=1000, warmup_factor=0.001, evaluate_every_epochs=1, data_pin_memory=True, data_non_blocking=True, data_persistent_workers=True, data_prefetch_factor=2, tracking_log_every_steps=20, ddp_gradient_as_bucket_view=True, ddp_static_graph=True)
DiT checkpoint: path=/workspace/boin-dit/boinDiT/pretrained_model/dit-base-224-p16-500k-62d53a.pth, sha256=7f4d42dca01c2f1b09a441982e00873f921304377753bc1405820dac2e60d903, loaded=184, missing=0, unexpected=5, shape_mismatches=0
[08/21 14:58:31.211]: number of params:105226772
[08/21 14:58:31.213]: params:
{
  "transformer.level_embed": 1024,
  "transformer.encoder.layers.0.self_attn.sampling_offsets.weight": 65536,
  "transformer.encoder.layers.0.self_attn.sampling_offsets.bias": 256,
  "transformer.encoder.layers.0.self_attn.attention_weights.weight": 32768,
  "transformer.encoder.layers.0.self_attn.attention_weights.bias": 128,
  "transformer.encoder.layers.0.self_attn.value_proj.weight": 65536,
  "transformer.encoder.layers.0.self_attn.value_proj.bias": 256,
  "transformer.encoder.layers.0.self_attn.output_proj.weight": 65536,
  "transformer.encoder.layers.0.self_attn.output_proj.bias": 256,
  "transformer.encoder.layers.0.norm1.weight": 256,
  "transformer.encoder.layers.0.norm1.bias": 256,
  "transformer.encoder.layers.0.linear1.weight": 524288,
  "transformer.encoder.layers.0.linear1.bias": 2048,
  "transformer.encoder.layers.0.linear2.weight": 524288,
  "transformer.encoder.layers.0.linear2.bias": 256,
  "transformer.encoder.layers.0.norm2.weight": 256,
  "transformer.encoder.layers.0.norm2.bias": 256,
  "transformer.encoder.layers.1.self_attn.sampling_offsets.weight": 65536,
  "transformer.encoder.layers.1.self_attn.sampling_offsets.bias": 256,
  "transformer.encoder.layers.1.self_attn.attention_weights.weight": 32768,
  "transformer.encoder.layers.1.self_attn.attention_weights.bias": 128,
  "transformer.encoder.layers.1.self_attn.value_proj.weight": 65536,
  "transformer.encoder.layers.1.self_attn.value_proj.bias": 256,
  "transformer.encoder.layers.1.self_attn.output_proj.weight": 65536,
  "transformer.encoder.layers.1.self_attn.output_proj.bias": 256,
  "transformer.encoder.layers.1.norm1.weight": 256,
  "transformer.encoder.layers.1.norm1.bias": 256,
  "transformer.encoder.layers.1.linear1.weight": 524288,
  "transformer.encoder.layers.1.linear1.bias": 2048,
  "transformer.encoder.layers.1.linear2.weight": 524288,
  "transformer.encoder.layers.1.linear2.bias": 256,
  "transformer.encoder.layers.1.norm2.weight": 256,
  "transformer.encoder.layers.1.norm2.bias": 256,
  "transformer.encoder.layers.2.self_attn.sampling_offsets.weight": 65536,
  "transformer.encoder.layers.2.self_attn.sampling_offsets.bias": 256,
  "transformer.encoder.layers.2.self_attn.attention_weights.weight": 32768,
  "transformer.encoder.layers.2.self_attn.attention_weights.bias": 128,
  "transformer.encoder.layers.2.self_attn.value_proj.weight": 65536,
  "transformer.encoder.layers.2.self_attn.value_proj.bias": 256,
  "transformer.encoder.layers.2.self_attn.output_proj.weight": 65536,
  "transformer.encoder.layers.2.self_attn.output_proj.bias": 256,
  "transformer.encoder.layers.2.norm1.weight": 256,
  "transformer.encoder.layers.2.norm1.bias": 256,
  "transformer.encoder.layers.2.linear1.weight": 524288,
  "transformer.encoder.layers.2.linear1.bias": 2048,
  "transformer.encoder.layers.2.linear2.weight": 524288,
  "transformer.encoder.layers.2.linear2.bias": 256,
  "transformer.encoder.layers.2.norm2.weight": 256,
  "transformer.encoder.layers.2.norm2.bias": 256,
  "transformer.encoder.layers.3.self_attn.sampling_offsets.weight": 65536,
  "transformer.encoder.layers.3.self_attn.sampling_offsets.bias": 256,
  "transformer.encoder.layers.3.self_attn.attention_weights.weight": 32768,
  "transformer.encoder.layers.3.self_attn.attention_weights.bias": 128,
  "transformer.encoder.layers.3.self_attn.value_proj.weight": 65536,
  "transformer.encoder.layers.3.self_attn.value_proj.bias": 256,
  "transformer.encoder.layers.3.self_attn.output_proj.weight": 65536,
  "transformer.encoder.layers.3.self_attn.output_proj.bias": 256,
  "transformer.encoder.layers.3.norm1.weight": 256,
  "transformer.encoder.layers.3.norm1.bias": 256,
  "transformer.encoder.layers.3.linear1.weight": 524288,
  "transformer.encoder.layers.3.linear1.bias": 2048,
  "transformer.encoder.layers.3.linear2.weight": 524288,
  "transformer.encoder.layers.3.linear2.bias": 256,
  "transformer.encoder.layers.3.norm2.weight": 256,
  "transformer.encoder.layers.3.norm2.bias": 256,
  "transformer.encoder.layers.4.self_attn.sampling_offsets.weight": 65536,
  "transformer.encoder.layers.4.self_attn.sampling_offsets.bias": 256,
  "transformer.encoder.layers.4.self_attn.attention_weights.weight": 32768,
  "transformer.encoder.layers.4.self_attn.attention_weights.bias": 128,
  "transformer.encoder.layers.4.self_attn.value_proj.weight": 65536,
  "transformer.encoder.layers.4.self_attn.value_proj.bias": 256,
  "transformer.encoder.layers.4.self_attn.output_proj.weight": 65536,
  "transformer.encoder.layers.4.self_attn.output_proj.bias": 256,
  "transformer.encoder.layers.4.norm1.weight": 256,
  "transformer.encoder.layers.4.norm1.bias": 256,
  "transformer.encoder.layers.4.linear1.weight": 524288,
  "transformer.encoder.layers.4.linear1.bias": 2048,
  "transformer.encoder.layers.4.linear2.weight": 524288,
  "transformer.encoder.layers.4.linear2.bias": 256,
  "transformer.encoder.layers.4.norm2.weight": 256,
  "transformer.encoder.layers.4.norm2.bias": 256,
  "transformer.encoder.layers.5.self_attn.sampling_offsets.weight": 65536,
  "transformer.encoder.layers.5.self_attn.sampling_offsets.bias": 256,
  "transformer.encoder.layers.5.self_attn.attention_weights.weight": 32768,
  "transformer.encoder.layers.5.self_attn.attention_weights.bias": 128,
  "transformer.encoder.layers.5.self_attn.value_proj.weight": 65536,
  "transformer.encoder.layers.5.self_attn.value_proj.bias": 256,
  "transformer.encoder.layers.5.self_attn.output_proj.weight": 65536,
  "transformer.encoder.layers.5.self_attn.output_proj.bias": 256,
  "transformer.encoder.layers.5.norm1.weight": 256,
  "transformer.encoder.layers.5.norm1.bias": 256,
  "transformer.encoder.layers.5.linear1.weight": 524288,
  "transformer.encoder.layers.5.linear1.bias": 2048,
  "transformer.encoder.layers.5.linear2.weight": 524288,
  "transformer.encoder.layers.5.linear2.bias": 256,
  "transformer.encoder.layers.5.norm2.weight": 256,
  "transformer.encoder.layers.5.norm2.bias": 256,
  "transformer.decoder.layers.0.cross_attn.sampling_offsets.weight": 65536,
  "transformer.decoder.layers.0.cross_attn.sampling_offsets.bias": 256,
  "transformer.decoder.layers.0.cross_attn.attention_weights.weight": 32768,
  "transformer.decoder.layers.0.cross_attn.attention_weights.bias": 128,
  "transformer.decoder.layers.0.cross_attn.value_proj.weight": 65536,
  "transformer.decoder.layers.0.cross_attn.value_proj.bias": 256,
  "transformer.decoder.layers.0.cross_attn.output_proj.weight": 65536,
  "transformer.decoder.layers.0.cross_attn.output_proj.bias": 256,
  "transformer.decoder.layers.0.norm1.weight": 256,
  "transformer.decoder.layers.0.norm1.bias": 256,
  "transformer.decoder.layers.0.self_attn.in_proj_weight": 196608,
  "transformer.decoder.layers.0.self_attn.in_proj_bias": 768,
  "transformer.decoder.layers.0.self_attn.out_proj.weight": 65536,
  "transformer.decoder.layers.0.self_attn.out_proj.bias": 256,
  "transformer.decoder.layers.0.norm2.weight": 256,
  "transformer.decoder.layers.0.norm2.bias": 256,
  "transformer.decoder.layers.0.linear1.weight": 524288,
  "transformer.decoder.layers.0.linear1.bias": 2048,
  "transformer.decoder.layers.0.linear2.weight": 524288,
  "transformer.decoder.layers.0.linear2.bias": 256,
  "transformer.decoder.layers.0.norm3.weight": 256,
  "transformer.decoder.layers.0.norm3.bias": 256,
  "transformer.decoder.layers.1.cross_attn.sampling_offsets.weight": 65536,
  "transformer.decoder.layers.1.cross_attn.sampling_offsets.bias": 256,
  "transformer.decoder.layers.1.cross_attn.attention_weights.weight": 32768,
  "transformer.decoder.layers.1.cross_attn.attention_weights.bias": 128,
  "transformer.decoder.layers.1.cross_attn.value_proj.weight": 65536,
  "transformer.decoder.layers.1.cross_attn.value_proj.bias": 256,
  "transformer.decoder.layers.1.cross_attn.output_proj.weight": 65536,
  "transformer.decoder.layers.1.cross_attn.output_proj.bias": 256,
  "transformer.decoder.layers.1.norm1.weight": 256,
  "transformer.decoder.layers.1.norm1.bias": 256,
  "transformer.decoder.layers.1.self_attn.in_proj_weight": 196608,
  "transformer.decoder.layers.1.self_attn.in_proj_bias": 768,
  "transformer.decoder.layers.1.self_attn.out_proj.weight": 65536,
  "transformer.decoder.layers.1.self_attn.out_proj.bias": 256,
  "transformer.decoder.layers.1.norm2.weight": 256,
  "transformer.decoder.layers.1.norm2.bias": 256,
  "transformer.decoder.layers.1.linear1.weight": 524288,
  "transformer.decoder.layers.1.linear1.bias": 2048,
  "transformer.decoder.layers.1.linear2.weight": 524288,
  "transformer.decoder.layers.1.linear2.bias": 256,
  "transformer.decoder.layers.1.norm3.weight": 256,
  "transformer.decoder.layers.1.norm3.bias": 256,
  "transformer.decoder.layers.2.cross_attn.sampling_offsets.weight": 65536,
  "transformer.decoder.layers.2.cross_attn.sampling_offsets.bias": 256,
  "transformer.decoder.layers.2.cross_attn.attention_weights.weight": 32768,
  "transformer.decoder.layers.2.cross_attn.attention_weights.bias": 128,
  "transformer.decoder.layers.2.cross_attn.value_proj.weight": 65536,
  "transformer.decoder.layers.2.cross_attn.value_proj.bias": 256,
  "transformer.decoder.layers.2.cross_attn.output_proj.weight": 65536,
  "transformer.decoder.layers.2.cross_attn.output_proj.bias": 256,
  "transformer.decoder.layers.2.norm1.weight": 256,
  "transformer.decoder.layers.2.norm1.bias": 256,
  "transformer.decoder.layers.2.self_attn.in_proj_weight": 196608,
  "transformer.decoder.layers.2.self_attn.in_proj_bias": 768,
  "transformer.decoder.layers.2.self_attn.out_proj.weight": 65536,
  "transformer.decoder.layers.2.self_attn.out_proj.bias": 256,
  "transformer.decoder.layers.2.norm2.weight": 256,
  "transformer.decoder.layers.2.norm2.bias": 256,
  "transformer.decoder.layers.2.linear1.weight": 524288,
  "transformer.decoder.layers.2.linear1.bias": 2048,
  "transformer.decoder.layers.2.linear2.weight": 524288,
  "transformer.decoder.layers.2.linear2.bias": 256,
  "transformer.decoder.layers.2.norm3.weight": 256,
  "transformer.decoder.layers.2.norm3.bias": 256,
  "transformer.decoder.layers.3.cross_attn.sampling_offsets.weight": 65536,
  "transformer.decoder.layers.3.cross_attn.sampling_offsets.bias": 256,
  "transformer.decoder.layers.3.cross_attn.attention_weights.weight": 32768,
  "transformer.decoder.layers.3.cross_attn.attention_weights.bias": 128,
  "transformer.decoder.layers.3.cross_attn.value_proj.weight": 65536,
  "transformer.decoder.layers.3.cross_attn.value_proj.bias": 256,
  "transformer.decoder.layers.3.cross_attn.output_proj.weight": 65536,
  "transformer.decoder.layers.3.cross_attn.output_proj.bias": 256,
  "transformer.decoder.layers.3.norm1.weight": 256,
  "transformer.decoder.layers.3.norm1.bias": 256,
  "transformer.decoder.layers.3.self_attn.in_proj_weight": 196608,
  "transformer.decoder.layers.3.self_attn.in_proj_bias": 768,
  "transformer.decoder.layers.3.self_attn.out_proj.weight": 65536,
  "transformer.decoder.layers.3.self_attn.out_proj.bias": 256,
  "transformer.decoder.layers.3.norm2.weight": 256,
  "transformer.decoder.layers.3.norm2.bias": 256,
  "transformer.decoder.layers.3.linear1.weight": 524288,
  "transformer.decoder.layers.3.linear1.bias": 2048,
  "transformer.decoder.layers.3.linear2.weight": 524288,
  "transformer.decoder.layers.3.linear2.bias": 256,
  "transformer.decoder.layers.3.norm3.weight": 256,
  "transformer.decoder.layers.3.norm3.bias": 256,
  "transformer.decoder.layers.4.cross_attn.sampling_offsets.weight": 65536,
  "transformer.decoder.layers.4.cross_attn.sampling_offsets.bias": 256,
  "transformer.decoder.layers.4.cross_attn.attention_weights.weight": 32768,
  "transformer.decoder.layers.4.cross_attn.attention_weights.bias": 128,
  "transformer.decoder.layers.4.cross_attn.value_proj.weight": 65536,
  "transformer.decoder.layers.4.cross_attn.value_proj.bias": 256,
  "transformer.decoder.layers.4.cross_attn.output_proj.weight": 65536,
  "transformer.decoder.layers.4.cross_attn.output_proj.bias": 256,
  "transformer.decoder.layers.4.norm1.weight": 256,
  "transformer.decoder.layers.4.norm1.bias": 256,
  "transformer.decoder.layers.4.self_attn.in_proj_weight": 196608,
  "transformer.decoder.layers.4.self_attn.in_proj_bias": 768,
  "transformer.decoder.layers.4.self_attn.out_proj.weight": 65536,
  "transformer.decoder.layers.4.self_attn.out_proj.bias": 256,
  "transformer.decoder.layers.4.norm2.weight": 256,
  "transformer.decoder.layers.4.norm2.bias": 256,
  "transformer.decoder.layers.4.linear1.weight": 524288,
  "transformer.decoder.layers.4.linear1.bias": 2048,
  "transformer.decoder.layers.4.linear2.weight": 524288,
  "transformer.decoder.layers.4.linear2.bias": 256,
  "transformer.decoder.layers.4.norm3.weight": 256,
  "transformer.decoder.layers.4.norm3.bias": 256,
  "transformer.decoder.layers.5.cross_attn.sampling_offsets.weight": 65536,
  "transformer.decoder.layers.5.cross_attn.sampling_offsets.bias": 256,
  "transformer.decoder.layers.5.cross_attn.attention_weights.weight": 32768,
  "transformer.decoder.layers.5.cross_attn.attention_weights.bias": 128,
  "transformer.decoder.layers.5.cross_attn.value_proj.weight": 65536,
  "transformer.decoder.layers.5.cross_attn.value_proj.bias": 256,
  "transformer.decoder.layers.5.cross_attn.output_proj.weight": 65536,
  "transformer.decoder.layers.5.cross_attn.output_proj.bias": 256,
  "transformer.decoder.layers.5.norm1.weight": 256,
  "transformer.decoder.layers.5.norm1.bias": 256,
  "transformer.decoder.layers.5.self_attn.in_proj_weight": 196608,
  "transformer.decoder.layers.5.self_attn.in_proj_bias": 768,
  "transformer.decoder.layers.5.self_attn.out_proj.weight": 65536,
  "transformer.decoder.layers.5.self_attn.out_proj.bias": 256,
  "transformer.decoder.layers.5.norm2.weight": 256,
  "transformer.decoder.layers.5.norm2.bias": 256,
  "transformer.decoder.layers.5.linear1.weight": 524288,
  "transformer.decoder.layers.5.linear1.bias": 2048,
  "transformer.decoder.layers.5.linear2.weight": 524288,
  "transformer.decoder.layers.5.linear2.bias": 256,
  "transformer.decoder.layers.5.norm3.weight": 256,
  "transformer.decoder.layers.5.norm3.bias": 256,
  "transformer.decoder.norm.weight": 256,
  "transformer.decoder.norm.bias": 256,
  "transformer.decoder.ref_point_head.layers.0.weight": 131072,
  "transformer.decoder.ref_point_head.layers.0.bias": 256,
  "transformer.decoder.ref_point_head.layers.1.weight": 65536,
  "transformer.decoder.ref_point_head.layers.1.bias": 256,
  "transformer.decoder.bbox_embed.0.layers.0.weight": 65536,
  "transformer.decoder.bbox_embed.0.layers.0.bias": 256,
  "transformer.decoder.bbox_embed.0.layers.1.weight": 65536,
  "transformer.decoder.bbox_embed.0.layers.1.bias": 256,
  "transformer.decoder.bbox_embed.0.layers.2.weight": 1024,
  "transformer.decoder.bbox_embed.0.layers.2.bias": 4,
  "transformer.decoder.class_embed.0.weight": 1536,
  "transformer.decoder.class_embed.0.bias": 6,
  "transformer.tgt_embed.weight": 76800,
  "transformer.enc_output.weight": 65536,
  "transformer.enc_output.bias": 256,
  "transformer.enc_output_norm.weight": 256,
  "transformer.enc_output_norm.bias": 256,
  "transformer.enc_out_bbox_embed.layers.0.weight": 65536,
  "transformer.enc_out_bbox_embed.layers.0.bias": 256,
  "transformer.enc_out_bbox_embed.layers.1.weight": 65536,
  "transformer.enc_out_bbox_embed.layers.1.bias": 256,
  "transformer.enc_out_bbox_embed.layers.2.weight": 1024,
  "transformer.enc_out_bbox_embed.layers.2.bias": 4,
  "transformer.enc_out_class_embed.weight": 1536,
  "transformer.enc_out_class_embed.bias": 6,
  "label_enc.weight": 1792,
  "input_proj.0.0.weight": 65536,
  "input_proj.0.0.bias": 256,
  "input_proj.0.1.weight": 256,
  "input_proj.0.1.bias": 256,
  "input_proj.1.0.weight": 65536,
  "input_proj.1.0.bias": 256,
  "input_proj.1.1.weight": 256,
  "input_proj.1.1.bias": 256,
  "input_proj.2.0.weight": 65536,
  "input_proj.2.0.bias": 256,
  "input_proj.2.1.weight": 256,
  "input_proj.2.1.bias": 256,
  "input_proj.3.0.weight": 65536,
  "input_proj.3.0.bias": 256,
  "input_proj.3.1.weight": 256,
  "input_proj.3.1.bias": 256,
  "backbone.0.pyramid.backbone.cls_token": 768,
  "backbone.0.pyramid.backbone.pos_embed": 151296,
  "backbone.0.pyramid.backbone.patch_embed.proj.weight": 589824,
  "backbone.0.pyramid.backbone.patch_embed.proj.bias": 768,
  "backbone.0.pyramid.backbone.blocks.0.gamma_1": 768,
  "backbone.0.pyramid.backbone.blocks.0.gamma_2": 768,
  "backbone.0.pyramid.backbone.blocks.0.norm1.weight": 768,
  "backbone.0.pyramid.backbone.blocks.0.norm1.bias": 768,
  "backbone.0.pyramid.backbone.blocks.0.attn.q_bias": 768,
  "backbone.0.pyramid.backbone.blocks.0.attn.v_bias": 768,
  "backbone.0.pyramid.backbone.blocks.0.attn.qkv.weight": 1769472,
  "backbone.0.pyramid.backbone.blocks.0.attn.proj.weight": 589824,
  "backbone.0.pyramid.backbone.blocks.0.attn.proj.bias": 768,
  "backbone.0.pyramid.backbone.blocks.0.norm2.weight": 768,
  "backbone.0.pyramid.backbone.blocks.0.norm2.bias": 768,
  "backbone.0.pyramid.backbone.blocks.0.mlp.fc1.weight": 2359296,
  "backbone.0.pyramid.backbone.blocks.0.mlp.fc1.bias": 3072,
  "backbone.0.pyramid.backbone.blocks.0.mlp.fc2.weight": 2359296,
  "backbone.0.pyramid.backbone.blocks.0.mlp.fc2.bias": 768,
  "backbone.0.pyramid.backbone.blocks.1.gamma_1": 768,
  "backbone.0.pyramid.backbone.blocks.1.gamma_2": 768,
  "backbone.0.pyramid.backbone.blocks.1.norm1.weight": 768,
  "backbone.0.pyramid.backbone.blocks.1.norm1.bias": 768,
  "backbone.0.pyramid.backbone.blocks.1.attn.q_bias": 768,
  "backbone.0.pyramid.backbone.blocks.1.attn.v_bias": 768,
  "backbone.0.pyramid.backbone.blocks.1.attn.qkv.weight": 1769472,
  "backbone.0.pyramid.backbone.blocks.1.attn.proj.weight": 589824,
  "backbone.0.pyramid.backbone.blocks.1.attn.proj.bias": 768,
  "backbone.0.pyramid.backbone.blocks.1.norm2.weight": 768,
  "backbone.0.pyramid.backbone.blocks.1.norm2.bias": 768,
  "backbone.0.pyramid.backbone.blocks.1.mlp.fc1.weight": 2359296,
  "backbone.0.pyramid.backbone.blocks.1.mlp.fc1.bias": 3072,
  "backbone.0.pyramid.backbone.blocks.1.mlp.fc2.weight": 2359296,
  "backbone.0.pyramid.backbone.blocks.1.mlp.fc2.bias": 768,
  "backbone.0.pyramid.backbone.blocks.2.gamma_1": 768,
  "backbone.0.pyramid.backbone.blocks.2.gamma_2": 768,
  "backbone.0.pyramid.backbone.blocks.2.norm1.weight": 768,
  "backbone.0.pyramid.backbone.blocks.2.norm1.bias": 768,
  "backbone.0.pyramid.backbone.blocks.2.attn.q_bias": 768,
  "backbone.0.pyramid.backbone.blocks.2.attn.v_bias": 768,
  "backbone.0.pyramid.backbone.blocks.2.attn.qkv.weight": 1769472,
  "backbone.0.pyramid.backbone.blocks.2.attn.proj.weight": 589824,
  "backbone.0.pyramid.backbone.blocks.2.attn.proj.bias": 768,
  "backbone.0.pyramid.backbone.blocks.2.norm2.weight": 768,
  "backbone.0.pyramid.backbone.blocks.2.norm2.bias": 768,
  "backbone.0.pyramid.backbone.blocks.2.mlp.fc1.weight": 2359296,
  "backbone.0.pyramid.backbone.blocks.2.mlp.fc1.bias": 3072,
  "backbone.0.pyramid.backbone.blocks.2.mlp.fc2.weight": 2359296,
  "backbone.0.pyramid.backbone.blocks.2.mlp.fc2.bias": 768,
  "backbone.0.pyramid.backbone.blocks.3.gamma_1": 768,
  "backbone.0.pyramid.backbone.blocks.3.gamma_2": 768,
  "backbone.0.pyramid.backbone.blocks.3.norm1.weight": 768,
  "backbone.0.pyramid.backbone.blocks.3.norm1.bias": 768,
  "backbone.0.pyramid.backbone.blocks.3.attn.q_bias": 768,
  "backbone.0.pyramid.backbone.blocks.3.attn.v_bias": 768,
  "backbone.0.pyramid.backbone.blocks.3.attn.qkv.weight": 1769472,
  "backbone.0.pyramid.backbone.blocks.3.attn.proj.weight": 589824,
  "backbone.0.pyramid.backbone.blocks.3.attn.proj.bias": 768,
  "backbone.0.pyramid.backbone.blocks.3.norm2.weight": 768,
  "backbone.0.pyramid.backbone.blocks.3.norm2.bias": 768,
  "backbone.0.pyramid.backbone.blocks.3.mlp.fc1.weight": 2359296,
  "backbone.0.pyramid.backbone.blocks.3.mlp.fc1.bias": 3072,
  "backbone.0.pyramid.backbone.blocks.3.mlp.fc2.weight": 2359296,
  "backbone.0.pyramid.backbone.blocks.3.mlp.fc2.bias": 768,
  "backbone.0.pyramid.backbone.blocks.4.gamma_1": 768,
  "backbone.0.pyramid.backbone.blocks.4.gamma_2": 768,
  "backbone.0.pyramid.backbone.blocks.4.norm1.weight": 768,
  "backbone.0.pyramid.backbone.blocks.4.norm1.bias": 768,
  "backbone.0.pyramid.backbone.blocks.4.attn.q_bias": 768,
  "backbone.0.pyramid.backbone.blocks.4.attn.v_bias": 768,
  "backbone.0.pyramid.backbone.blocks.4.attn.qkv.weight": 1769472,
  "backbone.0.pyramid.backbone.blocks.4.attn.proj.weight": 589824,
  "backbone.0.pyramid.backbone.blocks.4.attn.proj.bias": 768,
  "backbone.0.pyramid.backbone.blocks.4.norm2.weight": 768,
  "backbone.0.pyramid.backbone.blocks.4.norm2.bias": 768,
  "backbone.0.pyramid.backbone.blocks.4.mlp.fc1.weight": 2359296,
  "backbone.0.pyramid.backbone.blocks.4.mlp.fc1.bias": 3072,
  "backbone.0.pyramid.backbone.blocks.4.mlp.fc2.weight": 2359296,
  "backbone.0.pyramid.backbone.blocks.4.mlp.fc2.bias": 768,
  "backbone.0.pyramid.backbone.blocks.5.gamma_1": 768,
  "backbone.0.pyramid.backbone.blocks.5.gamma_2": 768,
  "backbone.0.pyramid.backbone.blocks.5.norm1.weight": 768,
  "backbone.0.pyramid.backbone.blocks.5.norm1.bias": 768,
  "backbone.0.pyramid.backbone.blocks.5.attn.q_bias": 768,
  "backbone.0.pyramid.backbone.blocks.5.attn.v_bias": 768,
  "backbone.0.pyramid.backbone.blocks.5.attn.qkv.weight": 1769472,
  "backbone.0.pyramid.backbone.blocks.5.attn.proj.weight": 589824,
  "backbone.0.pyramid.backbone.blocks.5.attn.proj.bias": 768,
  "backbone.0.pyramid.backbone.blocks.5.norm2.weight": 768,
  "backbone.0.pyramid.backbone.blocks.5.norm2.bias": 768,
  "backbone.0.pyramid.backbone.blocks.5.mlp.fc1.weight": 2359296,
  "backbone.0.pyramid.backbone.blocks.5.mlp.fc1.bias": 3072,
  "backbone.0.pyramid.backbone.blocks.5.mlp.fc2.weight": 2359296,
  "backbone.0.pyramid.backbone.blocks.5.mlp.fc2.bias": 768,
  "backbone.0.pyramid.backbone.blocks.6.gamma_1": 768,
  "backbone.0.pyramid.backbone.blocks.6.gamma_2": 768,
  "backbone.0.pyramid.backbone.blocks.6.norm1.weight": 768,
  "backbone.0.pyramid.backbone.blocks.6.norm1.bias": 768,
  "backbone.0.pyramid.backbone.blocks.6.attn.q_bias": 768,
  "backbone.0.pyramid.backbone.blocks.6.attn.v_bias": 768,
  "backbone.0.pyramid.backbone.blocks.6.attn.qkv.weight": 1769472,
  "backbone.0.pyramid.backbone.blocks.6.attn.proj.weight": 589824,
  "backbone.0.pyramid.backbone.blocks.6.attn.proj.bias": 768,
  "backbone.0.pyramid.backbone.blocks.6.norm2.weight": 768,
  "backbone.0.pyramid.backbone.blocks.6.norm2.bias": 768,
  "backbone.0.pyramid.backbone.blocks.6.mlp.fc1.weight": 2359296,
  "backbone.0.pyramid.backbone.blocks.6.mlp.fc1.bias": 3072,
  "backbone.0.pyramid.backbone.blocks.6.mlp.fc2.weight": 2359296,
  "backbone.0.pyramid.backbone.blocks.6.mlp.fc2.bias": 768,
  "backbone.0.pyramid.backbone.blocks.7.gamma_1": 768,
  "backbone.0.pyramid.backbone.blocks.7.gamma_2": 768,
  "backbone.0.pyramid.backbone.blocks.7.norm1.weight": 768,
  "backbone.0.pyramid.backbone.blocks.7.norm1.bias": 768,
  "backbone.0.pyramid.backbone.blocks.7.attn.q_bias": 768,
  "backbone.0.pyramid.backbone.blocks.7.attn.v_bias": 768,
  "backbone.0.pyramid.backbone.blocks.7.attn.qkv.weight": 1769472,
  "backbone.0.pyramid.backbone.blocks.7.attn.proj.weight": 589824,
  "backbone.0.pyramid.backbone.blocks.7.attn.proj.bias": 768,
  "backbone.0.pyramid.backbone.blocks.7.norm2.weight": 768,
  "backbone.0.pyramid.backbone.blocks.7.norm2.bias": 768,
  "backbone.0.pyramid.backbone.blocks.7.mlp.fc1.weight": 2359296,
  "backbone.0.pyramid.backbone.blocks.7.mlp.fc1.bias": 3072,
  "backbone.0.pyramid.backbone.blocks.7.mlp.fc2.weight": 2359296,
  "backbone.0.pyramid.backbone.blocks.7.mlp.fc2.bias": 768,
  "backbone.0.pyramid.backbone.blocks.8.gamma_1": 768,
  "backbone.0.pyramid.backbone.blocks.8.gamma_2": 768,
  "backbone.0.pyramid.backbone.blocks.8.norm1.weight": 768,
  "backbone.0.pyramid.backbone.blocks.8.norm1.bias": 768,
  "backbone.0.pyramid.backbone.blocks.8.attn.q_bias": 768,
  "backbone.0.pyramid.backbone.blocks.8.attn.v_bias": 768,
  "backbone.0.pyramid.backbone.blocks.8.attn.qkv.weight": 1769472,
  "backbone.0.pyramid.backbone.blocks.8.attn.proj.weight": 589824,
  "backbone.0.pyramid.backbone.blocks.8.attn.proj.bias": 768,
  "backbone.0.pyramid.backbone.blocks.8.norm2.weight": 768,
  "backbone.0.pyramid.backbone.blocks.8.norm2.bias": 768,
  "backbone.0.pyramid.backbone.blocks.8.mlp.fc1.weight": 2359296,
  "backbone.0.pyramid.backbone.blocks.8.mlp.fc1.bias": 3072,
  "backbone.0.pyramid.backbone.blocks.8.mlp.fc2.weight": 2359296,
  "backbone.0.pyramid.backbone.blocks.8.mlp.fc2.bias": 768,
  "backbone.0.pyramid.backbone.blocks.9.gamma_1": 768,
  "backbone.0.pyramid.backbone.blocks.9.gamma_2": 768,
  "backbone.0.pyramid.backbone.blocks.9.norm1.weight": 768,
  "backbone.0.pyramid.backbone.blocks.9.norm1.bias": 768,
  "backbone.0.pyramid.backbone.blocks.9.attn.q_bias": 768,
  "backbone.0.pyramid.backbone.blocks.9.attn.v_bias": 768,
  "backbone.0.pyramid.backbone.blocks.9.attn.qkv.weight": 1769472,
  "backbone.0.pyramid.backbone.blocks.9.attn.proj.weight": 589824,
  "backbone.0.pyramid.backbone.blocks.9.attn.proj.bias": 768,
  "backbone.0.pyramid.backbone.blocks.9.norm2.weight": 768,
  "backbone.0.pyramid.backbone.blocks.9.norm2.bias": 768,
  "backbone.0.pyramid.backbone.blocks.9.mlp.fc1.weight": 2359296,
  "backbone.0.pyramid.backbone.blocks.9.mlp.fc1.bias": 3072,
  "backbone.0.pyramid.backbone.blocks.9.mlp.fc2.weight": 2359296,
  "backbone.0.pyramid.backbone.blocks.9.mlp.fc2.bias": 768,
  "backbone.0.pyramid.backbone.blocks.10.gamma_1": 768,
  "backbone.0.pyramid.backbone.blocks.10.gamma_2": 768,
  "backbone.0.pyramid.backbone.blocks.10.norm1.weight": 768,
  "backbone.0.pyramid.backbone.blocks.10.norm1.bias": 768,
  "backbone.0.pyramid.backbone.blocks.10.attn.q_bias": 768,
  "backbone.0.pyramid.backbone.blocks.10.attn.v_bias": 768,
  "backbone.0.pyramid.backbone.blocks.10.attn.qkv.weight": 1769472,
  "backbone.0.pyramid.backbone.blocks.10.attn.proj.weight": 589824,
  "backbone.0.pyramid.backbone.blocks.10.attn.proj.bias": 768,
  "backbone.0.pyramid.backbone.blocks.10.norm2.weight": 768,
  "backbone.0.pyramid.backbone.blocks.10.norm2.bias": 768,
  "backbone.0.pyramid.backbone.blocks.10.mlp.fc1.weight": 2359296,
  "backbone.0.pyramid.backbone.blocks.10.mlp.fc1.bias": 3072,
  "backbone.0.pyramid.backbone.blocks.10.mlp.fc2.weight": 2359296,
  "backbone.0.pyramid.backbone.blocks.10.mlp.fc2.bias": 768,
  "backbone.0.pyramid.backbone.blocks.11.gamma_1": 768,
  "backbone.0.pyramid.backbone.blocks.11.gamma_2": 768,
  "backbone.0.pyramid.backbone.blocks.11.norm1.weight": 768,
  "backbone.0.pyramid.backbone.blocks.11.norm1.bias": 768,
  "backbone.0.pyramid.backbone.blocks.11.attn.q_bias": 768,
  "backbone.0.pyramid.backbone.blocks.11.attn.v_bias": 768,
  "backbone.0.pyramid.backbone.blocks.11.attn.qkv.weight": 1769472,
  "backbone.0.pyramid.backbone.blocks.11.attn.proj.weight": 589824,
  "backbone.0.pyramid.backbone.blocks.11.attn.proj.bias": 768,
  "backbone.0.pyramid.backbone.blocks.11.norm2.weight": 768,
  "backbone.0.pyramid.backbone.blocks.11.norm2.bias": 768,
  "backbone.0.pyramid.backbone.blocks.11.mlp.fc1.weight": 2359296,
  "backbone.0.pyramid.backbone.blocks.11.mlp.fc1.bias": 3072,
  "backbone.0.pyramid.backbone.blocks.11.mlp.fc2.weight": 2359296,
  "backbone.0.pyramid.backbone.blocks.11.mlp.fc2.bias": 768,
  "backbone.0.pyramid.projections.0.weight": 196608,
  "backbone.0.pyramid.projections.0.bias": 256,
  "backbone.0.pyramid.projections.1.weight": 196608,
  "backbone.0.pyramid.projections.1.bias": 256,
  "backbone.0.pyramid.projections.2.weight": 196608,
  "backbone.0.pyramid.projections.2.bias": 256,
  "backbone.0.pyramid.projections.3.weight": 196608,
  "backbone.0.pyramid.projections.3.bias": 256,
  "backbone.0.pyramid.transforms.0.0.weight": 262144,
  "backbone.0.pyramid.transforms.0.0.bias": 256,
  "backbone.0.pyramid.transforms.0.1.weight": 256,
  "backbone.0.pyramid.transforms.0.1.bias": 256,
  "backbone.0.pyramid.transforms.0.3.weight": 262144,
  "backbone.0.pyramid.transforms.0.3.bias": 256,
  "backbone.0.pyramid.transforms.1.weight": 262144,
  "backbone.0.pyramid.transforms.1.bias": 256
}
[08/21 14:58:31.214]: fused optimizer: True
loading annotations into memory...
Done (t=6.70s)
creating index...
index created!
loading annotations into memory...
Done (t=0.32s)
creating index...
index created!
Start training
/opt/conda/envs/huggingface/lib/python3.12/site-packages/torch/functional.py:505: UserWarning: torch.meshgrid: in an upcoming release, it will be required to pass the indexing argument. (Triggered internally at /pytorch/aten/src/ATen/native/TensorShape.cpp:4381.)
  return _VF.meshgrid(tensors, **kwargs)  # type: ignore[attr-defined]
/workspace/dino_dit/dit-dino-layout/src/dit_layout_bench/_vendor/dino/models/dino/dino.py:512: UserWarning: torch.range is deprecated and will be removed in a future release because its behavior is inconsistent with Python's range builtin. Instead, use torch.arange, which produces values in [start, end).
  t = torch.range(0, len(targets[i]['labels']) - 1).long().cuda()
Epoch: [0]  [     0/111901]  eta: 3 days, 15:40:01  lr: 0.000000  class_error: 66.67  loss: 71.3994 (71.3994)  loss_ce_dn: 1.0747 (1.0747)  loss_bbox_dn: 0.6059 (0.6059)  loss_giou_dn: 0.6538 (0.6538)  loss_ce: 1.0251 (1.0251)  loss_bbox: 4.3033 (4.3033)  loss_giou: 2.8845 (2.8845)  loss_ce_0: 0.9363 (0.9363)  loss_bbox_0: 4.3612 (4.3612)  loss_giou_0: 2.9507 (2.9507)  loss_ce_dn_0: 1.1340 (1.1340)  loss_bbox_dn_0: 0.6059 (0.6059)  loss_giou_dn_0: 0.6538 (0.6538)  loss_ce_1: 0.9630 (0.9630)  loss_bbox_1: 4.3210 (4.3210)  loss_giou_1: 2.9327 (2.9327)  loss_ce_dn_1: 1.0495 (1.0495)  loss_bbox_dn_1: 0.6059 (0.6059)  loss_giou_dn_1: 0.6538 (0.6538)  loss_ce_2: 0.9684 (0.9684)  loss_bbox_2: 4.2786 (4.2786)  loss_giou_2: 2.9330 (2.9330)  loss_ce_dn_2: 0.9973 (0.9973)  loss_bbox_dn_2: 0.6059 (0.6059)  loss_giou_dn_2: 0.6538 (0.6538)  loss_ce_3: 1.0194 (1.0194)  loss_bbox_3: 4.3297 (4.3297)  loss_giou_3: 2.8814 (2.8814)  loss_ce_dn_3: 1.0825 (1.0825)  loss_bbox_dn_3: 0.6059 (0.6059)  loss_giou_dn_3: 0.6538 (0.6538)  loss_ce_4: 0.9970 (0.9970)  loss_bbox_4: 4.3149 (4.3149)  loss_giou_4: 2.9061 (2.9061)  loss_ce_dn_4: 1.0635 (1.0635)  loss_bbox_dn_4: 0.6059 (0.6059)  loss_giou_dn_4: 0.6538 (0.6538)  loss_ce_interm: 0.9339 (0.9339)  loss_bbox_interm: 4.3138 (4.3138)  loss_giou_interm: 2.8860 (2.8860)  loss_ce_dn_unscaled: 1.0747 (1.0747)  loss_bbox_dn_unscaled: 0.1212 (0.1212)  loss_giou_dn_unscaled: 0.3269 (0.3269)  loss_xy_dn_unscaled: 0.0385 (0.0385)  loss_hw_dn_unscaled: 0.0827 (0.0827)  cardinality_error_dn_unscaled: 174.3333 (174.3333)  loss_ce_unscaled: 1.0251 (1.0251)  class_error_unscaled: 66.6667 (66.6667)  loss_bbox_unscaled: 0.8607 (0.8607)  loss_giou_unscaled: 1.4422 (1.4422)  loss_xy_unscaled: 0.3856 (0.3856)  loss_hw_unscaled: 0.4750 (0.4750)  cardinality_error_unscaled: 289.0000 (289.0000)  loss_ce_0_unscaled: 0.9363 (0.9363)  loss_bbox_0_unscaled: 0.8722 (0.8722)  loss_giou_0_unscaled: 1.4754 (1.4754)  loss_xy_0_unscaled: 0.3956 (0.3956)  loss_hw_0_unscaled: 0.4767 (0.4767)  cardinality_error_0_unscaled: 278.6667 (278.6667)  loss_ce_dn_0_unscaled: 1.1340 (1.1340)  loss_bbox_dn_0_unscaled: 0.1212 (0.1212)  loss_giou_dn_0_unscaled: 0.3269 (0.3269)  loss_xy_dn_0_unscaled: 0.0385 (0.0385)  loss_hw_dn_0_unscaled: 0.0827 (0.0827)  cardinality_error_dn_0_unscaled: 125.3333 (125.3333)  loss_ce_1_unscaled: 0.9630 (0.9630)  loss_bbox_1_unscaled: 0.8642 (0.8642)  loss_giou_1_unscaled: 1.4664 (1.4664)  loss_xy_1_unscaled: 0.3892 (0.3892)  loss_hw_1_unscaled: 0.4750 (0.4750)  cardinality_error_1_unscaled: 228.0000 (228.0000)  loss_ce_dn_1_unscaled: 1.0495 (1.0495)  loss_bbox_dn_1_unscaled: 0.1212 (0.1212)  loss_giou_dn_1_unscaled: 0.3269 (0.3269)  loss_xy_dn_1_unscaled: 0.0385 (0.0385)  loss_hw_dn_1_unscaled: 0.0827 (0.0827)  cardinality_error_dn_1_unscaled: 99.6667 (99.6667)  loss_ce_2_unscaled: 0.9684 (0.9684)  loss_bbox_2_unscaled: 0.8557 (0.8557)  loss_giou_2_unscaled: 1.4665 (1.4665)  loss_xy_2_unscaled: 0.3807 (0.3807)  loss_hw_2_unscaled: 0.4750 (0.4750)  cardinality_error_2_unscaled: 288.0000 (288.0000)  loss_ce_dn_2_unscaled: 0.9973 (0.9973)  loss_bbox_dn_2_unscaled: 0.1212 (0.1212)  loss_giou_dn_2_unscaled: 0.3269 (0.3269)  loss_xy_dn_2_unscaled: 0.0385 (0.0385)  loss_hw_dn_2_unscaled: 0.0827 (0.0827)  cardinality_error_dn_2_unscaled: 190.0000 (190.0000)  loss_ce_3_unscaled: 1.0194 (1.0194)  loss_bbox_3_unscaled: 0.8659 (0.8659)  loss_giou_3_unscaled: 1.4407 (1.4407)  loss_xy_3_unscaled: 0.3909 (0.3909)  loss_hw_3_unscaled: 0.4750 (0.4750)  cardinality_error_3_unscaled: 293.3333 (293.3333)  loss_ce_dn_3_unscaled: 1.0825 (1.0825)  loss_bbox_dn_3_unscaled: 0.1212 (0.1212)  loss_giou_dn_3_unscaled: 0.3269 (0.3269)  loss_xy_dn_3_unscaled: 0.0385 (0.0385)  loss_hw_dn_3_unscaled: 0.0827 (0.0827)  cardinality_error_dn_3_unscaled: 190.0000 (190.0000)  loss_ce_4_unscaled: 0.9970 (0.9970)  loss_bbox_4_unscaled: 0.8630 (0.8630)  loss_giou_4_unscaled: 1.4531 (1.4531)  loss_xy_4_unscaled: 0.3879 (0.3879)  loss_hw_4_unscaled: 0.4750 (0.4750)  cardinality_error_4_unscaled: 294.0000 (294.0000)  loss_ce_dn_4_unscaled: 1.0635 (1.0635)  loss_bbox_dn_4_unscaled: 0.1212 (0.1212)  loss_giou_dn_4_unscaled: 0.3269 (0.3269)  loss_xy_dn_4_unscaled: 0.0385 (0.0385)  loss_hw_dn_4_unscaled: 0.0827 (0.0827)  cardinality_error_dn_4_unscaled: 190.0000 (190.0000)  loss_ce_interm_unscaled: 0.9339 (0.9339)  loss_bbox_interm_unscaled: 0.8628 (0.8628)  loss_giou_interm_unscaled: 1.4430 (1.4430)  loss_xy_interm_unscaled: 0.3744 (0.3744)  loss_hw_interm_unscaled: 0.4884 (0.4884)  cardinality_error_interm_unscaled: 292.6667 (292.6667)  time: 2.8204  data: 0.8825  max mem: 19087
Epoch: [0]  [    10/111901]  eta: 18:31:34  lr: 0.000001  class_error: 64.52  loss: 65.9326 (65.8450)  loss_ce_dn: 1.0665 (1.0655)  loss_bbox_dn: 0.5373 (0.5422)  loss_giou_dn: 0.6678 (0.6670)  loss_ce: 1.0251 (1.0178)  loss_bbox: 3.4892 (3.5405)  loss_giou: 2.9852 (2.9098)  loss_ce_0: 0.9399 (0.9446)  loss_bbox_0: 3.5426 (3.6004)  loss_giou_0: 3.0084 (2.9380)  loss_ce_dn_0: 1.1116 (1.1125)  loss_bbox_dn_0: 0.5373 (0.5422)  loss_giou_dn_0: 0.6678 (0.6669)  loss_ce_1: 0.9594 (0.9594)  loss_bbox_1: 3.5348 (3.5771)  loss_giou_1: 3.0059 (2.9164)  loss_ce_dn_1: 1.0818 (1.0712)  loss_bbox_dn_1: 0.5373 (0.5422)  loss_giou_dn_1: 0.6678 (0.6669)  loss_ce_2: 0.9444 (0.9533)  loss_bbox_2: 3.5283 (3.5590)  loss_giou_2: 2.9870 (2.9126)  loss_ce_dn_2: 1.0227 (1.0183)  loss_bbox_dn_2: 0.5373 (0.5422)  loss_giou_dn_2: 0.6678 (0.6670)  loss_ce_3: 1.0045 (1.0010)  loss_bbox_3: 3.4878 (3.5539)  loss_giou_3: 2.9867 (2.9072)  loss_ce_dn_3: 1.0527 (1.0518)  loss_bbox_dn_3: 0.5373 (0.5422)  loss_giou_dn_3: 0.6678 (0.6670)  loss_ce_4: 1.0055 (1.0080)  loss_bbox_4: 3.4850 (3.5492)  loss_giou_4: 2.9834 (2.9085)  loss_ce_dn_4: 1.0503 (1.0473)  loss_bbox_dn_4: 0.5373 (0.5422)  loss_giou_dn_4: 0.6678 (0.6670)  loss_ce_interm: 0.9915 (0.9951)  loss_bbox_interm: 3.4894 (3.5571)  loss_giou_interm: 3.0045 (2.9147)  loss_ce_dn_unscaled: 1.0665 (1.0655)  loss_bbox_dn_unscaled: 0.1075 (0.1084)  loss_giou_dn_unscaled: 0.3339 (0.3335)  loss_xy_dn_unscaled: 0.0354 (0.0357)  loss_hw_dn_unscaled: 0.0721 (0.0728)  cardinality_error_dn_unscaled: 176.6667 (174.6970)  loss_ce_unscaled: 1.0251 (1.0178)  class_error_unscaled: 57.6923 (57.4267)  loss_bbox_unscaled: 0.6978 (0.7081)  loss_giou_unscaled: 1.4926 (1.4549)  loss_xy_unscaled: 0.3389 (0.3296)  loss_hw_unscaled: 0.3733 (0.3785)  cardinality_error_unscaled: 289.0000 (288.0606)  loss_ce_0_unscaled: 0.9399 (0.9446)  loss_bbox_0_unscaled: 0.7085 (0.7201)  loss_giou_0_unscaled: 1.5042 (1.4690)  loss_xy_0_unscaled: 0.3519 (0.3410)  loss_hw_0_unscaled: 0.3696 (0.3791)  cardinality_error_0_unscaled: 269.3333 (270.0909)  loss_ce_dn_0_unscaled: 1.1116 (1.1125)  loss_bbox_dn_0_unscaled: 0.1075 (0.1084)  loss_giou_dn_0_unscaled: 0.3339 (0.3335)  loss_xy_dn_0_unscaled: 0.0354 (0.0357)  loss_hw_dn_0_unscaled: 0.0721 (0.0728)  cardinality_error_dn_0_unscaled: 119.6667 (116.6667)  loss_ce_1_unscaled: 0.9594 (0.9594)  loss_bbox_1_unscaled: 0.7070 (0.7154)  loss_giou_1_unscaled: 1.5029 (1.4582)  loss_xy_1_unscaled: 0.3497 (0.3343)  loss_hw_1_unscaled: 0.3695 (0.3811)  cardinality_error_1_unscaled: 228.0000 (229.9091)  loss_ce_dn_1_unscaled: 1.0818 (1.0712)  loss_bbox_dn_1_unscaled: 0.1075 (0.1084)  loss_giou_dn_1_unscaled: 0.3339 (0.3335)  loss_xy_dn_1_unscaled: 0.0354 (0.0357)  loss_hw_dn_1_unscaled: 0.0721 (0.0728)  cardinality_error_dn_1_unscaled: 95.6667 (98.0909)  loss_ce_2_unscaled: 0.9444 (0.9533)  loss_bbox_2_unscaled: 0.7057 (0.7118)  loss_giou_2_unscaled: 1.4935 (1.4563)  loss_xy_2_unscaled: 0.3458 (0.3304)  loss_hw_2_unscaled: 0.3731 (0.3814)  cardinality_error_2_unscaled: 287.3333 (286.0606)  loss_ce_dn_2_unscaled: 1.0227 (1.0183)  loss_bbox_dn_2_unscaled: 0.1075 (0.1084)  loss_giou_dn_2_unscaled: 0.3339 (0.3335)  loss_xy_dn_2_unscaled: 0.0354 (0.0357)  loss_hw_dn_2_unscaled: 0.0721 (0.0728)  cardinality_error_dn_2_unscaled: 184.0000 (182.5455)  loss_ce_3_unscaled: 1.0045 (1.0010)  loss_bbox_3_unscaled: 0.6976 (0.7108)  loss_giou_3_unscaled: 1.4933 (1.4536)  loss_xy_3_unscaled: 0.3389 (0.3304)  loss_hw_3_unscaled: 0.3724 (0.3804)  cardinality_error_3_unscaled: 290.0000 (289.7576)  loss_ce_dn_3_unscaled: 1.0527 (1.0518)  loss_bbox_dn_3_unscaled: 0.1075 (0.1084)  loss_giou_dn_3_unscaled: 0.3339 (0.3335)  loss_xy_dn_3_unscaled: 0.0354 (0.0357)  loss_hw_dn_3_unscaled: 0.0721 (0.0728)  cardinality_error_dn_3_unscaled: 183.6667 (182.0606)  loss_ce_4_unscaled: 1.0055 (1.0080)  loss_bbox_4_unscaled: 0.6970 (0.7098)  loss_giou_4_unscaled: 1.4917 (1.4542)  loss_xy_4_unscaled: 0.3367 (0.3283)  loss_hw_4_unscaled: 0.3733 (0.3816)  cardinality_error_4_unscaled: 291.0000 (290.2121)  loss_ce_dn_4_unscaled: 1.0503 (1.0473)  loss_bbox_dn_4_unscaled: 0.1075 (0.1084)  loss_giou_dn_4_unscaled: 0.3339 (0.3335)  loss_xy_dn_4_unscaled: 0.0354 (0.0357)  loss_hw_dn_4_unscaled: 0.0721 (0.0728)  cardinality_error_dn_4_unscaled: 184.0000 (182.5758)  loss_ce_interm_unscaled: 0.9915 (0.9951)  loss_bbox_interm_unscaled: 0.6979 (0.7114)  loss_giou_interm_unscaled: 1.5023 (1.4573)  loss_xy_interm_unscaled: 0.3429 (0.3295)  loss_hw_interm_unscaled: 0.3788 (0.3820)  cardinality_error_interm_unscaled: 287.0000 (283.8788)  time: 0.5961  data: 0.0805  max mem: 20109
Epoch: [0]  [    20/111901]  eta: 15:11:46  lr: 0.000002  class_error: 31.03  loss: 63.4792 (64.7606)  loss_ce_dn: 1.0324 (1.0156)  loss_bbox_dn: 0.5416 (0.5535)  loss_giou_dn: 0.6696 (0.6683)  loss_ce: 0.9877 (0.9735)  loss_bbox: 3.4149 (3.5014)  loss_giou: 2.8454 (2.8533)  loss_ce_0: 0.9399 (0.9384)  loss_bbox_0: 3.4950 (3.5678)  loss_giou_0: 2.8787 (2.8791)  loss_ce_dn_0: 1.1007 (1.0986)  loss_bbox_dn_0: 0.5417 (0.5536)  loss_giou_dn_0: 0.6696 (0.6683)  loss_ce_1: 0.9168 (0.9268)  loss_bbox_1: 3.4750 (3.5461)  loss_giou_1: 2.8737 (2.8611)  loss_ce_dn_1: 1.0378 (1.0270)  loss_bbox_dn_1: 0.5416 (0.5536)  loss_giou_dn_1: 0.6696 (0.6683)  loss_ce_2: 0.9022 (0.9022)  loss_bbox_2: 3.4673 (3.5307)  loss_giou_2: 2.8478 (2.8529)  loss_ce_dn_2: 0.9806 (0.9578)  loss_bbox_dn_2: 0.5416 (0.5536)  loss_giou_dn_2: 0.6696 (0.6683)  loss_ce_3: 0.9566 (0.9395)  loss_bbox_3: 3.4404 (3.5212)  loss_giou_3: 2.8432 (2.8495)  loss_ce_dn_3: 1.0002 (0.9902)  loss_bbox_dn_3: 0.5416 (0.5535)  loss_giou_dn_3: 0.6696 (0.6683)  loss_ce_4: 0.9651 (0.9562)  loss_bbox_4: 3.4445 (3.5113)  loss_giou_4: 2.8683 (2.8526)  loss_ce_dn_4: 0.9979 (0.9989)  loss_bbox_dn_4: 0.5416 (0.5535)  loss_giou_dn_4: 0.6696 (0.6683)  loss_ce_interm: 0.9915 (0.9897)  loss_bbox_interm: 3.4504 (3.5241)  loss_giou_interm: 2.8584 (2.8639)  loss_ce_dn_unscaled: 1.0324 (1.0156)  loss_bbox_dn_unscaled: 0.1083 (0.1107)  loss_giou_dn_unscaled: 0.3348 (0.3342)  loss_xy_dn_unscaled: 0.0364 (0.0367)  loss_hw_dn_unscaled: 0.0721 (0.0740)  cardinality_error_dn_unscaled: 178.0000 (177.0952)  loss_ce_unscaled: 0.9877 (0.9735)  class_error_unscaled: 45.8333 (48.6036)  loss_bbox_unscaled: 0.6830 (0.7003)  loss_giou_unscaled: 1.4227 (1.4266)  loss_xy_unscaled: 0.3001 (0.3131)  loss_hw_unscaled: 0.3733 (0.3872)  cardinality_error_unscaled: 290.0000 (289.3810)  loss_ce_0_unscaled: 0.9399 (0.9384)  loss_bbox_0_unscaled: 0.6990 (0.7136)  loss_giou_0_unscaled: 1.4394 (1.4395)  loss_xy_0_unscaled: 0.3149 (0.3242)  loss_hw_0_unscaled: 0.3696 (0.3894)  cardinality_error_0_unscaled: 271.0000 (271.5714)  loss_ce_dn_0_unscaled: 1.1007 (1.0986)  loss_bbox_dn_0_unscaled: 0.1083 (0.1107)  loss_giou_dn_0_unscaled: 0.3348 (0.3342)  loss_xy_dn_0_unscaled: 0.0364 (0.0367)  loss_hw_dn_0_unscaled: 0.0721 (0.0740)  cardinality_error_dn_0_unscaled: 123.6667 (126.1429)  loss_ce_1_unscaled: 0.9168 (0.9268)  loss_bbox_1_unscaled: 0.6950 (0.7092)  loss_giou_1_unscaled: 1.4369 (1.4306)  loss_xy_1_unscaled: 0.3082 (0.3185)  loss_hw_1_unscaled: 0.3695 (0.3907)  cardinality_error_1_unscaled: 245.3333 (242.0635)  loss_ce_dn_1_unscaled: 1.0378 (1.0270)  loss_bbox_dn_1_unscaled: 0.1083 (0.1107)  loss_giou_dn_1_unscaled: 0.3348 (0.3342)  loss_xy_dn_1_unscaled: 0.0364 (0.0367)  loss_hw_dn_1_unscaled: 0.0721 (0.0740)  cardinality_error_dn_1_unscaled: 106.6667 (114.7302)  loss_ce_2_unscaled: 0.9022 (0.9022)  loss_bbox_2_unscaled: 0.6935 (0.7061)  loss_giou_2_unscaled: 1.4239 (1.4265)  loss_xy_2_unscaled: 0.3054 (0.3152)  loss_hw_2_unscaled: 0.3731 (0.3910)  cardinality_error_2_unscaled: 288.6667 (287.8889)  loss_ce_dn_2_unscaled: 0.9806 (0.9578)  loss_bbox_dn_2_unscaled: 0.1083 (0.1107)  loss_giou_dn_2_unscaled: 0.3348 (0.3342)  loss_xy_dn_2_unscaled: 0.0364 (0.0367)  loss_hw_dn_2_unscaled: 0.0721 (0.0740)  cardinality_error_dn_2_unscaled: 183.3333 (181.1746)  loss_ce_3_unscaled: 0.9566 (0.9395)  loss_bbox_3_unscaled: 0.6881 (0.7042)  loss_giou_3_unscaled: 1.4216 (1.4248)  loss_xy_3_unscaled: 0.3041 (0.3139)  loss_hw_3_unscaled: 0.3724 (0.3904)  cardinality_error_3_unscaled: 290.3333 (290.4921)  loss_ce_dn_3_unscaled: 1.0002 (0.9902)  loss_bbox_dn_3_unscaled: 0.1083 (0.1107)  loss_giou_dn_3_unscaled: 0.3348 (0.3342)  loss_xy_dn_3_unscaled: 0.0364 (0.0367)  loss_hw_dn_3_unscaled: 0.0721 (0.0740)  cardinality_error_dn_3_unscaled: 183.0000 (181.0000)  loss_ce_4_unscaled: 0.9651 (0.9562)  loss_bbox_4_unscaled: 0.6889 (0.7023)  loss_giou_4_unscaled: 1.4342 (1.4263)  loss_xy_4_unscaled: 0.3058 (0.3130)  loss_hw_4_unscaled: 0.3733 (0.3893)  cardinality_error_4_unscaled: 291.0000 (290.7937)  loss_ce_dn_4_unscaled: 0.9979 (0.9989)  loss_bbox_dn_4_unscaled: 0.1083 (0.1107)  loss_giou_dn_4_unscaled: 0.3348 (0.3342)  loss_xy_dn_4_unscaled: 0.0364 (0.0367)  loss_hw_dn_4_unscaled: 0.0721 (0.0740)  cardinality_error_dn_4_unscaled: 183.3333 (181.2698)  loss_ce_interm_unscaled: 0.9915 (0.9897)  loss_bbox_interm_unscaled: 0.6901 (0.7048)  loss_giou_interm_unscaled: 1.4292 (1.4320)  loss_xy_interm_unscaled: 0.2989 (0.3144)  loss_hw_interm_unscaled: 0.3788 (0.3904)  cardinality_error_interm_unscaled: 283.6667 (283.9683)  time: 0.3724  data: 0.0003  max mem: 21757
Epoch: [0]  [    30/111901]  eta: 13:44:36  lr: 0.000003  class_error: 19.05  loss: 62.2628 (63.9305)  loss_ce_dn: 0.8540 (0.9320)  loss_bbox_dn: 0.5736 (0.5721)  loss_giou_dn: 0.6697 (0.6691)  loss_ce: 0.8459 (0.9016)  loss_bbox: 3.3481 (3.5210)  loss_giou: 2.7718 (2.8261)  loss_ce_0: 0.9064 (0.9185)  loss_bbox_0: 3.4188 (3.5927)  loss_giou_0: 2.7933 (2.8423)  loss_ce_dn_0: 1.0347 (1.0687)  loss_bbox_dn_0: 0.5738 (0.5723)  loss_giou_dn_0: 0.6706 (0.6692)  loss_ce_1: 0.8439 (0.8735)  loss_bbox_1: 3.4096 (3.5693)  loss_giou_1: 2.7725 (2.8274)  loss_ce_dn_1: 0.8981 (0.9503)  loss_bbox_dn_1: 0.5738 (0.5722)  loss_giou_dn_1: 0.6705 (0.6691)  loss_ce_2: 0.7914 (0.8347)  loss_bbox_2: 3.4002 (3.5518)  loss_giou_2: 2.7769 (2.8219)  loss_ce_dn_2: 0.7844 (0.8714)  loss_bbox_dn_2: 0.5737 (0.5722)  loss_giou_dn_2: 0.6704 (0.6691)  loss_ce_3: 0.7618 (0.8565)  loss_bbox_3: 3.4062 (3.5413)  loss_giou_3: 2.7731 (2.8202)  loss_ce_dn_3: 0.8070 (0.8911)  loss_bbox_dn_3: 0.5737 (0.5721)  loss_giou_dn_3: 0.6700 (0.6691)  loss_ce_4: 0.7985 (0.8711)  loss_bbox_4: 3.3409 (3.5288)  loss_giou_4: 2.7769 (2.8263)  loss_ce_dn_4: 0.8477 (0.9002)  loss_bbox_dn_4: 0.5736 (0.5721)  loss_giou_dn_4: 0.6697 (0.6691)  loss_ce_interm: 0.9669 (0.9640)  loss_bbox_interm: 3.4161 (3.5495)  loss_giou_interm: 2.7854 (2.8306)  loss_ce_dn_unscaled: 0.8540 (0.9320)  loss_bbox_dn_unscaled: 0.1147 (0.1144)  loss_giou_dn_unscaled: 0.3349 (0.3345)  loss_xy_dn_unscaled: 0.0372 (0.0375)  loss_hw_dn_unscaled: 0.0781 (0.0769)  cardinality_error_dn_unscaled: 186.0000 (180.3763)  loss_ce_unscaled: 0.8459 (0.9016)  class_error_unscaled: 27.5862 (41.4966)  loss_bbox_unscaled: 0.6696 (0.7042)  loss_giou_unscaled: 1.3859 (1.4131)  loss_xy_unscaled: 0.2966 (0.3081)  loss_hw_unscaled: 0.3916 (0.3961)  cardinality_error_unscaled: 291.0000 (290.2796)  loss_ce_0_unscaled: 0.9064 (0.9185)  loss_bbox_0_unscaled: 0.6838 (0.7185)  loss_giou_0_unscaled: 1.3967 (1.4212)  loss_xy_0_unscaled: 0.2968 (0.3185)  loss_hw_0_unscaled: 0.3922 (0.4001)  cardinality_error_0_unscaled: 277.0000 (273.8495)  loss_ce_dn_0_unscaled: 1.0347 (1.0687)  loss_bbox_dn_0_unscaled: 0.1148 (0.1145)  loss_giou_dn_0_unscaled: 0.3353 (0.3346)  loss_xy_dn_0_unscaled: 0.0372 (0.0375)  loss_hw_dn_0_unscaled: 0.0782 (0.0769)  cardinality_error_dn_0_unscaled: 147.6667 (136.0108)  loss_ce_1_unscaled: 0.8439 (0.8735)  loss_bbox_1_unscaled: 0.6819 (0.7139)  loss_giou_1_unscaled: 1.3862 (1.4137)  loss_xy_1_unscaled: 0.2910 (0.3129)  loss_hw_1_unscaled: 0.3922 (0.4010)  cardinality_error_1_unscaled: 270.3333 (255.3441)  loss_ce_dn_1_unscaled: 0.8981 (0.9503)  loss_bbox_dn_1_unscaled: 0.1148 (0.1144)  loss_giou_dn_1_unscaled: 0.3353 (0.3346)  loss_xy_dn_1_unscaled: 0.0372 (0.0375)  loss_hw_dn_1_unscaled: 0.0781 (0.0769)  cardinality_error_dn_1_unscaled: 163.3333 (136.5914)  loss_ce_2_unscaled: 0.7914 (0.8347)  loss_bbox_2_unscaled: 0.6800 (0.7104)  loss_giou_2_unscaled: 1.3884 (1.4109)  loss_xy_2_unscaled: 0.2920 (0.3099)  loss_hw_2_unscaled: 0.3921 (0.4005)  cardinality_error_2_unscaled: 291.3333 (289.2151)  loss_ce_dn_2_unscaled: 0.7844 (0.8714)  loss_bbox_dn_2_unscaled: 0.1147 (0.1144)  loss_giou_dn_2_unscaled: 0.3352 (0.3346)  loss_xy_dn_2_unscaled: 0.0372 (0.0375)  loss_hw_dn_2_unscaled: 0.0781 (0.0769)  cardinality_error_dn_2_unscaled: 186.0000 (183.1398)  loss_ce_3_unscaled: 0.7618 (0.8565)  loss_bbox_3_unscaled: 0.6812 (0.7083)  loss_giou_3_unscaled: 1.3866 (1.4101)  loss_xy_3_unscaled: 0.2922 (0.3087)  loss_hw_3_unscaled: 0.3934 (0.3996)  cardinality_error_3_unscaled: 291.6667 (291.0645)  loss_ce_dn_3_unscaled: 0.8070 (0.8911)  loss_bbox_dn_3_unscaled: 0.1147 (0.1144)  loss_giou_dn_3_unscaled: 0.3350 (0.3345)  loss_xy_dn_3_unscaled: 0.0372 (0.0375)  loss_hw_dn_3_unscaled: 0.0781 (0.0769)  cardinality_error_dn_3_unscaled: 186.0000 (183.0215)  loss_ce_4_unscaled: 0.7985 (0.8711)  loss_bbox_4_unscaled: 0.6682 (0.7058)  loss_giou_4_unscaled: 1.3884 (1.4132)  loss_xy_4_unscaled: 0.2869 (0.3068)  loss_hw_4_unscaled: 0.3917 (0.3990)  cardinality_error_4_unscaled: 291.6667 (291.2688)  loss_ce_dn_4_unscaled: 0.8477 (0.9002)  loss_bbox_dn_4_unscaled: 0.1147 (0.1144)  loss_giou_dn_4_unscaled: 0.3349 (0.3345)  loss_xy_dn_4_unscaled: 0.0372 (0.0375)  loss_hw_dn_4_unscaled: 0.0781 (0.0769)  cardinality_error_dn_4_unscaled: 186.0000 (183.2043)  loss_ce_interm_unscaled: 0.9669 (0.9640)  loss_bbox_interm_unscaled: 0.6832 (0.7099)  loss_giou_interm_unscaled: 1.3927 (1.4153)  loss_xy_interm_unscaled: 0.2938 (0.3088)  loss_hw_interm_unscaled: 0.3923 (0.4011)  cardinality_error_interm_unscaled: 277.6667 (278.4731)  time: 0.3577  data: 0.0003  max mem: 21757
Epoch: [0]  [    40/111901]  eta: 12:54:55  lr: 0.000004  class_error: 33.33  loss: 59.3356 (62.3165)  loss_ce_dn: 0.6531 (0.8480)  loss_bbox_dn: 0.5489 (0.5624)  loss_giou_dn: 0.6642 (0.6683)  loss_ce: 0.6725 (0.8387)  loss_bbox: 3.2809 (3.4466)  loss_giou: 2.7260 (2.7954)  loss_ce_0: 0.8254 (0.8905)  loss_bbox_0: 3.3743 (3.5201)  loss_giou_0: 2.7241 (2.8141)  loss_ce_dn_0: 0.9699 (1.0361)  loss_bbox_dn_0: 0.5492 (0.5626)  loss_giou_dn_0: 0.6605 (0.6678)  loss_ce_1: 0.6962 (0.8173)  loss_bbox_1: 3.3309 (3.4925)  loss_giou_1: 2.6924 (2.7993)  loss_ce_dn_1: 0.7410 (0.8780)  loss_bbox_dn_1: 0.5491 (0.5626)  loss_giou_dn_1: 0.6619 (0.6678)  loss_ce_2: 0.6233 (0.7705)  loss_bbox_2: 3.2836 (3.4747)  loss_giou_2: 2.6906 (2.7947)  loss_ce_dn_2: 0.6087 (0.7838)  loss_bbox_dn_2: 0.5490 (0.5625)  loss_giou_dn_2: 0.6627 (0.6679)  loss_ce_3: 0.6247 (0.7945)  loss_bbox_3: 3.2581 (3.4653)  loss_giou_3: 2.6917 (2.7927)  loss_ce_dn_3: 0.5786 (0.7957)  loss_bbox_dn_3: 0.5490 (0.5625)  loss_giou_dn_3: 0.6629 (0.6680)  loss_ce_4: 0.6374 (0.8133)  loss_bbox_4: 3.2505 (3.4517)  loss_giou_4: 2.7269 (2.7990)  loss_ce_dn_4: 0.5674 (0.8056)  loss_bbox_dn_4: 0.5489 (0.5624)  loss_giou_dn_4: 0.6632 (0.6681)  loss_ce_interm: 0.8879 (0.9406)  loss_bbox_interm: 3.3029 (3.4740)  loss_giou_interm: 2.6766 (2.8008)  loss_ce_dn_unscaled: 0.6531 (0.8480)  loss_bbox_dn_unscaled: 0.1098 (0.1125)  loss_giou_dn_unscaled: 0.3321 (0.3342)  loss_xy_dn_unscaled: 0.0359 (0.0371)  loss_hw_dn_unscaled: 0.0738 (0.0754)  cardinality_error_dn_unscaled: 187.0000 (181.3008)  loss_ce_unscaled: 0.6725 (0.8387)  class_error_unscaled: 25.0000 (38.9428)  loss_bbox_unscaled: 0.6562 (0.6893)  loss_giou_unscaled: 1.3630 (1.3977)  loss_xy_unscaled: 0.2675 (0.2946)  loss_hw_unscaled: 0.3849 (0.3947)  cardinality_error_unscaled: 291.0000 (290.2033)  loss_ce_0_unscaled: 0.8254 (0.8905)  loss_bbox_0_unscaled: 0.6749 (0.7040)  loss_giou_0_unscaled: 1.3621 (1.4071)  loss_xy_0_unscaled: 0.2820 (0.3062)  loss_hw_0_unscaled: 0.3809 (0.3979)  cardinality_error_0_unscaled: 281.3333 (276.1707)  loss_ce_dn_0_unscaled: 0.9699 (1.0361)  loss_bbox_dn_0_unscaled: 0.1098 (0.1125)  loss_giou_dn_0_unscaled: 0.3303 (0.3339)  loss_xy_dn_0_unscaled: 0.0359 (0.0370)  loss_hw_dn_0_unscaled: 0.0739 (0.0755)  cardinality_error_dn_0_unscaled: 167.0000 (146.8943)  loss_ce_1_unscaled: 0.6962 (0.8173)  loss_bbox_1_unscaled: 0.6662 (0.6985)  loss_giou_1_unscaled: 1.3462 (1.3997)  loss_xy_1_unscaled: 0.2797 (0.3002)  loss_hw_1_unscaled: 0.3816 (0.3983)  cardinality_error_1_unscaled: 288.3333 (263.5935)  loss_ce_dn_1_unscaled: 0.7410 (0.8780)  loss_bbox_dn_1_unscaled: 0.1098 (0.1125)  loss_giou_dn_1_unscaled: 0.3309 (0.3339)  loss_xy_dn_1_unscaled: 0.0359 (0.0370)  loss_hw_dn_1_unscaled: 0.0739 (0.0755)  cardinality_error_dn_1_unscaled: 185.3333 (148.1951)  loss_ce_2_unscaled: 0.6233 (0.7705)  loss_bbox_2_unscaled: 0.6567 (0.6949)  loss_giou_2_unscaled: 1.3453 (1.3974)  loss_xy_2_unscaled: 0.2679 (0.2966)  loss_hw_2_unscaled: 0.3815 (0.3983)  cardinality_error_2_unscaled: 291.0000 (289.3984)  loss_ce_dn_2_unscaled: 0.6087 (0.7838)  loss_bbox_dn_2_unscaled: 0.1098 (0.1125)  loss_giou_dn_2_unscaled: 0.3313 (0.3339)  loss_xy_dn_2_unscaled: 0.0359 (0.0370)  loss_hw_dn_2_unscaled: 0.0739 (0.0755)  cardinality_error_dn_2_unscaled: 187.0000 (183.3902)  loss_ce_3_unscaled: 0.6247 (0.7945)  loss_bbox_3_unscaled: 0.6516 (0.6931)  loss_giou_3_unscaled: 1.3458 (1.3964)  loss_xy_3_unscaled: 0.2679 (0.2953)  loss_hw_3_unscaled: 0.3815 (0.3978)  cardinality_error_3_unscaled: 291.0000 (290.7968)  loss_ce_dn_3_unscaled: 0.5786 (0.7957)  loss_bbox_dn_3_unscaled: 0.1098 (0.1125)  loss_giou_dn_3_unscaled: 0.3314 (0.3340)  loss_xy_dn_3_unscaled: 0.0359 (0.0370)  loss_hw_dn_3_unscaled: 0.0738 (0.0754)  cardinality_error_dn_3_unscaled: 187.0000 (183.3008)  loss_ce_4_unscaled: 0.6374 (0.8133)  loss_bbox_4_unscaled: 0.6501 (0.6903)  loss_giou_4_unscaled: 1.3634 (1.3995)  loss_xy_4_unscaled: 0.2639 (0.2936)  loss_hw_4_unscaled: 0.3850 (0.3967)  cardinality_error_4_unscaled: 291.0000 (290.9512)  loss_ce_dn_4_unscaled: 0.5674 (0.8056)  loss_bbox_dn_4_unscaled: 0.1098 (0.1125)  loss_giou_dn_4_unscaled: 0.3316 (0.3341)  loss_xy_dn_4_unscaled: 0.0359 (0.0370)  loss_hw_dn_4_unscaled: 0.0738 (0.0754)  cardinality_error_dn_4_unscaled: 187.0000 (183.4390)  loss_ce_interm_unscaled: 0.8879 (0.9406)  loss_bbox_interm_unscaled: 0.6606 (0.6948)  loss_giou_interm_unscaled: 1.3383 (1.4004)  loss_xy_interm_unscaled: 0.2657 (0.2959)  loss_hw_interm_unscaled: 0.3819 (0.3989)  cardinality_error_interm_unscaled: 265.3333 (274.4797)  time: 0.3387  data: 0.0003  max mem: 21757
Epoch: [0]  [    50/111901]  eta: 12:24:22  lr: 0.000005  class_error: 39.02  loss: 57.1057 (61.5376)  loss_ce_dn: 0.5201 (0.7732)  loss_bbox_dn: 0.5468 (0.5631)  loss_giou_dn: 0.6694 (0.6687)  loss_ce: 0.6214 (0.7885)  loss_bbox: 3.2983 (3.4561)  loss_giou: 2.6943 (2.7787)  loss_ce_0: 0.7493 (0.8493)  loss_bbox_0: 3.3743 (3.5347)  loss_giou_0: 2.7241 (2.7970)  loss_ce_dn_0: 0.8818 (0.9908)  loss_bbox_dn_0: 0.5466 (0.5632)  loss_giou_dn_0: 0.6624 (0.6678)  loss_ce_1: 0.5718 (0.7629)  loss_bbox_1: 3.3475 (3.5046)  loss_giou_1: 2.7000 (2.7837)  loss_ce_dn_1: 0.5705 (0.7999)  loss_bbox_dn_1: 0.5466 (0.5631)  loss_giou_dn_1: 0.6623 (0.6679)  loss_ce_2: 0.5522 (0.7291)  loss_bbox_2: 3.2836 (3.4819)  loss_giou_2: 2.7131 (2.7812)  loss_ce_dn_2: 0.4487 (0.7068)  loss_bbox_dn_2: 0.5466 (0.5631)  loss_giou_dn_2: 0.6635 (0.6680)  loss_ce_3: 0.5727 (0.7507)  loss_bbox_3: 3.2738 (3.4714)  loss_giou_3: 2.7207 (2.7797)  loss_ce_dn_3: 0.4413 (0.7192)  loss_bbox_dn_3: 0.5467 (0.5631)  loss_giou_dn_3: 0.6655 (0.6682)  loss_ce_4: 0.5849 (0.7763)  loss_bbox_4: 3.2761 (3.4599)  loss_giou_4: 2.7274 (2.7839)  loss_ce_dn_4: 0.4350 (0.7293)  loss_bbox_dn_4: 0.5467 (0.5631)  loss_giou_dn_4: 0.6672 (0.6684)  loss_ce_interm: 0.7916 (0.8950)  loss_bbox_interm: 3.3029 (3.4805)  loss_giou_interm: 2.7083 (2.7855)  loss_ce_dn_unscaled: 0.5201 (0.7732)  loss_bbox_dn_unscaled: 0.1094 (0.1126)  loss_giou_dn_unscaled: 0.3347 (0.3344)  loss_xy_dn_unscaled: 0.0355 (0.0370)  loss_hw_dn_unscaled: 0.0738 (0.0756)  cardinality_error_dn_unscaled: 185.3333 (181.8627)  loss_ce_unscaled: 0.6214 (0.7885)  class_error_unscaled: 25.0000 (36.2869)  loss_bbox_unscaled: 0.6597 (0.6912)  loss_giou_unscaled: 1.3472 (1.3893)  loss_xy_unscaled: 0.2506 (0.2868)  loss_hw_unscaled: 0.4025 (0.4044)  cardinality_error_unscaled: 290.0000 (290.2745)  loss_ce_0_unscaled: 0.7493 (0.8493)  loss_bbox_0_unscaled: 0.6749 (0.7069)  loss_giou_0_unscaled: 1.3621 (1.3985)  loss_xy_0_unscaled: 0.2632 (0.2992)  loss_hw_0_unscaled: 0.4015 (0.4078)  cardinality_error_0_unscaled: 286.3333 (278.6340)  loss_ce_dn_0_unscaled: 0.8818 (0.9908)  loss_bbox_dn_0_unscaled: 0.1093 (0.1126)  loss_giou_dn_0_unscaled: 0.3312 (0.3339)  loss_xy_dn_0_unscaled: 0.0355 (0.0370)  loss_hw_dn_0_unscaled: 0.0739 (0.0756)  cardinality_error_dn_0_unscaled: 184.6667 (154.1046)  loss_ce_1_unscaled: 0.5718 (0.7629)  loss_bbox_1_unscaled: 0.6695 (0.7009)  loss_giou_1_unscaled: 1.3500 (1.3919)  loss_xy_1_unscaled: 0.2571 (0.2931)  loss_hw_1_unscaled: 0.4030 (0.4079)  cardinality_error_1_unscaled: 289.3333 (268.8758)  loss_ce_dn_1_unscaled: 0.5705 (0.7999)  loss_bbox_dn_1_unscaled: 0.1093 (0.1126)  loss_giou_dn_1_unscaled: 0.3312 (0.3339)  loss_xy_dn_1_unscaled: 0.0355 (0.0370)  loss_hw_dn_1_unscaled: 0.0739 (0.0756)  cardinality_error_dn_1_unscaled: 185.3333 (155.2484)  loss_ce_2_unscaled: 0.5522 (0.7291)  loss_bbox_2_unscaled: 0.6567 (0.6964)  loss_giou_2_unscaled: 1.3565 (1.3906)  loss_xy_2_unscaled: 0.2552 (0.2889)  loss_hw_2_unscaled: 0.4004 (0.4074)  cardinality_error_2_unscaled: 290.0000 (289.6275)  loss_ce_dn_2_unscaled: 0.4487 (0.7068)  loss_bbox_dn_2_unscaled: 0.1093 (0.1126)  loss_giou_dn_2_unscaled: 0.3317 (0.3340)  loss_xy_dn_2_unscaled: 0.0355 (0.0370)  loss_hw_dn_2_unscaled: 0.0739 (0.0756)  cardinality_error_dn_2_unscaled: 185.3333 (183.5425)  loss_ce_3_unscaled: 0.5727 (0.7507)  loss_bbox_3_unscaled: 0.6548 (0.6943)  loss_giou_3_unscaled: 1.3604 (1.3898)  loss_xy_3_unscaled: 0.2553 (0.2876)  loss_hw_3_unscaled: 0.4011 (0.4067)  cardinality_error_3_unscaled: 290.0000 (290.7516)  loss_ce_dn_3_unscaled: 0.4413 (0.7192)  loss_bbox_dn_3_unscaled: 0.1093 (0.1126)  loss_giou_dn_3_unscaled: 0.3327 (0.3341)  loss_xy_dn_3_unscaled: 0.0355 (0.0370)  loss_hw_dn_3_unscaled: 0.0738 (0.0756)  cardinality_error_dn_3_unscaled: 185.3333 (183.4706)  loss_ce_4_unscaled: 0.5849 (0.7763)  loss_bbox_4_unscaled: 0.6552 (0.6920)  loss_giou_4_unscaled: 1.3637 (1.3919)  loss_xy_4_unscaled: 0.2529 (0.2862)  loss_hw_4_unscaled: 0.4008 (0.4058)  cardinality_error_4_unscaled: 290.0000 (290.8758)  loss_ce_dn_4_unscaled: 0.4350 (0.7293)  loss_bbox_dn_4_unscaled: 0.1093 (0.1126)  loss_giou_dn_4_unscaled: 0.3336 (0.3342)  loss_xy_dn_4_unscaled: 0.0355 (0.0370)  loss_hw_dn_4_unscaled: 0.0738 (0.0756)  cardinality_error_dn_4_unscaled: 185.3333 (183.5817)  loss_ce_interm_unscaled: 0.7916 (0.8950)  loss_bbox_interm_unscaled: 0.6606 (0.6961)  loss_giou_interm_unscaled: 1.3542 (1.3927)  loss_xy_interm_unscaled: 0.2559 (0.2885)  loss_hw_interm_unscaled: 0.4017 (0.4076)  cardinality_error_interm_unscaled: 277.3333 (276.9935)  time: 0.3327  data: 0.0003  max mem: 21757
Epoch: [0]  [    60/111901]  eta: 12:02:02  lr: 0.000006  class_error: 32.26  loss: 56.9341 (60.8084)  loss_ce_dn: 0.4283 (0.7166)  loss_bbox_dn: 0.5433 (0.5602)  loss_giou_dn: 0.6703 (0.6680)  loss_ce: 0.5485 (0.7487)  loss_bbox: 3.3732 (3.4548)  loss_giou: 2.7288 (2.7643)  loss_ce_0: 0.6320 (0.8087)  loss_bbox_0: 3.4202 (3.5342)  loss_giou_0: 2.7489 (2.7811)  loss_ce_dn_0: 0.7527 (0.9455)  loss_bbox_dn_0: 0.5446 (0.5601)  loss_giou_dn_0: 0.6675 (0.6667)  loss_ce_1: 0.5295 (0.7257)  loss_bbox_1: 3.4291 (3.5010)  loss_giou_1: 2.7339 (2.7708)  loss_ce_dn_1: 0.4406 (0.7404)  loss_bbox_dn_1: 0.5441 (0.5600)  loss_giou_dn_1: 0.6681 (0.6668)  loss_ce_2: 0.5296 (0.6948)  loss_bbox_2: 3.4091 (3.4782)  loss_giou_2: 2.7336 (2.7688)  loss_ce_dn_2: 0.3871 (0.6550)  loss_bbox_dn_2: 0.5437 (0.5600)  loss_giou_dn_2: 0.6689 (0.6670)  loss_ce_3: 0.5303 (0.7125)  loss_bbox_3: 3.3833 (3.4685)  loss_giou_3: 2.7415 (2.7660)  loss_ce_dn_3: 0.3782 (0.6668)  loss_bbox_dn_3: 0.5434 (0.5601)  loss_giou_dn_3: 0.6696 (0.6673)  loss_ce_4: 0.5590 (0.7346)  loss_bbox_4: 3.3871 (3.4565)  loss_giou_4: 2.7383 (2.7705)  loss_ce_dn_4: 0.3857 (0.6746)  loss_bbox_dn_4: 0.5433 (0.5601)  loss_giou_dn_4: 0.6699 (0.6676)  loss_ce_interm: 0.6848 (0.8570)  loss_bbox_interm: 3.3764 (3.4766)  loss_giou_interm: 2.7316 (2.7721)  loss_ce_dn_unscaled: 0.4283 (0.7166)  loss_bbox_dn_unscaled: 0.1087 (0.1120)  loss_giou_dn_unscaled: 0.3351 (0.3340)  loss_xy_dn_unscaled: 0.0366 (0.0370)  loss_hw_dn_unscaled: 0.0728 (0.0751)  cardinality_error_dn_unscaled: 185.3333 (181.8470)  loss_ce_unscaled: 0.5485 (0.7487)  class_error_unscaled: 29.1667 (35.4508)  loss_bbox_unscaled: 0.6746 (0.6910)  loss_giou_unscaled: 1.3644 (1.3821)  loss_xy_unscaled: 0.2506 (0.2804)  loss_hw_unscaled: 0.4164 (0.4105)  cardinality_error_unscaled: 290.0000 (290.3552)  loss_ce_0_unscaled: 0.6320 (0.8087)  loss_bbox_0_unscaled: 0.6840 (0.7068)  loss_giou_0_unscaled: 1.3744 (1.3906)  loss_xy_0_unscaled: 0.2622 (0.2928)  loss_hw_0_unscaled: 0.4208 (0.4140)  cardinality_error_0_unscaled: 289.0000 (280.5792)  loss_ce_dn_0_unscaled: 0.7527 (0.9455)  loss_bbox_dn_0_unscaled: 0.1089 (0.1120)  loss_giou_dn_0_unscaled: 0.3337 (0.3334)  loss_xy_dn_0_unscaled: 0.0364 (0.0369)  loss_hw_dn_0_unscaled: 0.0727 (0.0751)  cardinality_error_dn_0_unscaled: 185.3333 (158.6393)  loss_ce_1_unscaled: 0.5295 (0.7257)  loss_bbox_1_unscaled: 0.6858 (0.7002)  loss_giou_1_unscaled: 1.3669 (1.3854)  loss_xy_1_unscaled: 0.2555 (0.2864)  loss_hw_1_unscaled: 0.4206 (0.4138)  cardinality_error_1_unscaled: 290.0000 (272.4645)  loss_ce_dn_1_unscaled: 0.4406 (0.7404)  loss_bbox_dn_1_unscaled: 0.1088 (0.1120)  loss_giou_dn_1_unscaled: 0.3341 (0.3334)  loss_xy_dn_1_unscaled: 0.0364 (0.0370)  loss_hw_dn_1_unscaled: 0.0727 (0.0751)  cardinality_error_dn_1_unscaled: 185.3333 (159.5956)  loss_ce_2_unscaled: 0.5296 (0.6948)  loss_bbox_2_unscaled: 0.6818 (0.6956)  loss_giou_2_unscaled: 1.3668 (1.3844)  loss_xy_2_unscaled: 0.2544 (0.2824)  loss_hw_2_unscaled: 0.4220 (0.4132)  cardinality_error_2_unscaled: 290.0000 (289.8142)  loss_ce_dn_2_unscaled: 0.3871 (0.6550)  loss_bbox_dn_2_unscaled: 0.1087 (0.1120)  loss_giou_dn_2_unscaled: 0.3344 (0.3335)  loss_xy_dn_2_unscaled: 0.0364 (0.0370)  loss_hw_dn_2_unscaled: 0.0727 (0.0751)  cardinality_error_dn_2_unscaled: 185.3333 (183.2514)  loss_ce_3_unscaled: 0.5303 (0.7125)  loss_bbox_3_unscaled: 0.6767 (0.6937)  loss_giou_3_unscaled: 1.3708 (1.3830)  loss_xy_3_unscaled: 0.2517 (0.2811)  loss_hw_3_unscaled: 0.4168 (0.4126)  cardinality_error_3_unscaled: 290.0000 (290.7541)  loss_ce_dn_3_unscaled: 0.3782 (0.6668)  loss_bbox_dn_3_unscaled: 0.1087 (0.1120)  loss_giou_dn_3_unscaled: 0.3348 (0.3336)  loss_xy_dn_3_unscaled: 0.0364 (0.0370)  loss_hw_dn_3_unscaled: 0.0727 (0.0750)  cardinality_error_dn_3_unscaled: 185.3333 (183.1913)  loss_ce_4_unscaled: 0.5590 (0.7346)  loss_bbox_4_unscaled: 0.6774 (0.6913)  loss_giou_4_unscaled: 1.3691 (1.3853)  loss_xy_4_unscaled: 0.2523 (0.2798)  loss_hw_4_unscaled: 0.4166 (0.4116)  cardinality_error_4_unscaled: 290.0000 (290.8579)  loss_ce_dn_4_unscaled: 0.3857 (0.6746)  loss_bbox_dn_4_unscaled: 0.1087 (0.1120)  loss_giou_dn_4_unscaled: 0.3350 (0.3338)  loss_xy_dn_4_unscaled: 0.0365 (0.0370)  loss_hw_dn_4_unscaled: 0.0728 (0.0750)  cardinality_error_dn_4_unscaled: 185.3333 (183.2842)  loss_ce_interm_unscaled: 0.6848 (0.8570)  loss_bbox_interm_unscaled: 0.6753 (0.6953)  loss_giou_interm_unscaled: 1.3658 (1.3860)  loss_xy_interm_unscaled: 0.2509 (0.2821)  loss_hw_interm_unscaled: 0.4164 (0.4132)  cardinality_error_interm_unscaled: 289.3333 (279.2514)  time: 0.3293  data: 0.0003  max mem: 21757
Epoch: [0]  [    70/111901]  eta: 11:55:25  lr: 0.000007  class_error: 27.78  loss: 55.3088 (60.1057)  loss_ce_dn: 0.3864 (0.6681)  loss_bbox_dn: 0.5313 (0.5561)  loss_giou_dn: 0.6662 (0.6682)  loss_ce: 0.5022 (0.7151)  loss_bbox: 3.2473 (3.4380)  loss_giou: 2.7088 (2.7552)  loss_ce_0: 0.5610 (0.7701)  loss_bbox_0: 3.3291 (3.5187)  loss_giou_0: 2.7299 (2.7738)  loss_ce_dn_0: 0.6484 (0.8963)  loss_bbox_dn_0: 0.5271 (0.5554)  loss_giou_dn_0: 0.6615 (0.6663)  loss_ce_1: 0.5068 (0.6940)  loss_bbox_1: 3.2932 (3.4846)  loss_giou_1: 2.7207 (2.7634)  loss_ce_dn_1: 0.4081 (0.6903)  loss_bbox_dn_1: 0.5275 (0.5554)  loss_giou_dn_1: 0.6615 (0.6665)  loss_ce_2: 0.4903 (0.6672)  loss_bbox_2: 3.2823 (3.4622)  loss_giou_2: 2.7190 (2.7614)  loss_ce_dn_2: 0.3502 (0.6118)  loss_bbox_dn_2: 0.5282 (0.5555)  loss_giou_dn_2: 0.6618 (0.6668)  loss_ce_3: 0.4712 (0.6827)  loss_bbox_3: 3.2661 (3.4527)  loss_giou_3: 2.7080 (2.7574)  loss_ce_dn_3: 0.3521 (0.6203)  loss_bbox_dn_3: 0.5290 (0.5557)  loss_giou_dn_3: 0.6625 (0.6672)  loss_ce_4: 0.4940 (0.7075)  loss_bbox_4: 3.2596 (3.4409)  loss_giou_4: 2.7025 (2.7603)  loss_ce_dn_4: 0.3646 (0.6282)  loss_bbox_dn_4: 0.5298 (0.5559)  loss_giou_dn_4: 0.6633 (0.6676)  loss_ce_interm: 0.6455 (0.8253)  loss_bbox_interm: 3.2820 (3.4606)  loss_giou_interm: 2.7240 (2.7632)  loss_ce_dn_unscaled: 0.3864 (0.6681)  loss_bbox_dn_unscaled: 0.1063 (0.1112)  loss_giou_dn_unscaled: 0.3331 (0.3341)  loss_xy_dn_unscaled: 0.0360 (0.0369)  loss_hw_dn_unscaled: 0.0699 (0.0743)  cardinality_error_dn_unscaled: 182.6667 (181.3099)  loss_ce_unscaled: 0.5022 (0.7151)  class_error_unscaled: 30.5556 (34.8856)  loss_bbox_unscaled: 0.6495 (0.6876)  loss_giou_unscaled: 1.3544 (1.3776)  loss_xy_unscaled: 0.2477 (0.2768)  loss_hw_unscaled: 0.4159 (0.4108)  cardinality_error_unscaled: 290.6667 (290.3099)  loss_ce_0_unscaled: 0.5610 (0.7701)  loss_bbox_0_unscaled: 0.6658 (0.7037)  loss_giou_0_unscaled: 1.3650 (1.3869)  loss_xy_0_unscaled: 0.2584 (0.2895)  loss_hw_0_unscaled: 0.4182 (0.4142)  cardinality_error_0_unscaled: 290.6667 (281.9014)  loss_ce_dn_0_unscaled: 0.6484 (0.8963)  loss_bbox_dn_0_unscaled: 0.1054 (0.1111)  loss_giou_dn_0_unscaled: 0.3308 (0.3332)  loss_xy_dn_0_unscaled: 0.0358 (0.0368)  loss_hw_dn_0_unscaled: 0.0690 (0.0743)  cardinality_error_dn_0_unscaled: 182.6667 (161.3709)  loss_ce_1_unscaled: 0.5068 (0.6940)  loss_bbox_1_unscaled: 0.6586 (0.6969)  loss_giou_1_unscaled: 1.3604 (1.3817)  loss_xy_1_unscaled: 0.2518 (0.2831)  loss_hw_1_unscaled: 0.4177 (0.4139)  cardinality_error_1_unscaled: 290.6667 (274.9390)  loss_ce_dn_1_unscaled: 0.4081 (0.6903)  loss_bbox_dn_1_unscaled: 0.1055 (0.1111)  loss_giou_dn_1_unscaled: 0.3308 (0.3332)  loss_xy_dn_1_unscaled: 0.0358 (0.0368)  loss_hw_dn_1_unscaled: 0.0691 (0.0743)  cardinality_error_dn_1_unscaled: 182.6667 (162.1925)  loss_ce_2_unscaled: 0.4903 (0.6672)  loss_bbox_2_unscaled: 0.6565 (0.6924)  loss_giou_2_unscaled: 1.3595 (1.3807)  loss_xy_2_unscaled: 0.2452 (0.2791)  loss_hw_2_unscaled: 0.4172 (0.4133)  cardinality_error_2_unscaled: 290.6667 (289.8451)  loss_ce_dn_2_unscaled: 0.3502 (0.6118)  loss_bbox_dn_2_unscaled: 0.1056 (0.1111)  loss_giou_dn_2_unscaled: 0.3309 (0.3334)  loss_xy_dn_2_unscaled: 0.0358 (0.0368)  loss_hw_dn_2_unscaled: 0.0692 (0.0743)  cardinality_error_dn_2_unscaled: 182.6667 (182.5164)  loss_ce_3_unscaled: 0.4712 (0.6827)  loss_bbox_3_unscaled: 0.6532 (0.6905)  loss_giou_3_unscaled: 1.3540 (1.3787)  loss_xy_3_unscaled: 0.2491 (0.2778)  loss_hw_3_unscaled: 0.4168 (0.4128)  cardinality_error_3_unscaled: 290.6667 (290.6526)  loss_ce_dn_3_unscaled: 0.3521 (0.6203)  loss_bbox_dn_3_unscaled: 0.1058 (0.1111)  loss_giou_dn_3_unscaled: 0.3312 (0.3336)  loss_xy_dn_3_unscaled: 0.0359 (0.0368)  loss_hw_dn_3_unscaled: 0.0694 (0.0743)  cardinality_error_dn_3_unscaled: 182.6667 (182.4648)  loss_ce_4_unscaled: 0.4940 (0.7075)  loss_bbox_4_unscaled: 0.6519 (0.6882)  loss_giou_4_unscaled: 1.3512 (1.3801)  loss_xy_4_unscaled: 0.2485 (0.2764)  loss_hw_4_unscaled: 0.4164 (0.4118)  cardinality_error_4_unscaled: 290.6667 (290.7418)  loss_ce_dn_4_unscaled: 0.3646 (0.6282)  loss_bbox_dn_4_unscaled: 0.1060 (0.1112)  loss_giou_dn_4_unscaled: 0.3317 (0.3338)  loss_xy_dn_4_unscaled: 0.0359 (0.0369)  loss_hw_dn_4_unscaled: 0.0697 (0.0743)  cardinality_error_dn_4_unscaled: 182.6667 (182.5446)  loss_ce_interm_unscaled: 0.6455 (0.8253)  loss_bbox_interm_unscaled: 0.6564 (0.6921)  loss_giou_interm_unscaled: 1.3620 (1.3816)  loss_xy_interm_unscaled: 0.2484 (0.2788)  loss_hw_interm_unscaled: 0.4186 (0.4133)  cardinality_error_interm_unscaled: 290.6667 (280.7700)  time: 0.3444  data: 0.0003  max mem: 21757
Epoch: [0]  [    80/111901]  eta: 11:43:04  lr: 0.000008  class_error: 14.29  loss: 55.3088 (59.4038)  loss_ce_dn: 0.3518 (0.6257)  loss_bbox_dn: 0.5308 (0.5563)  loss_giou_dn: 0.6662 (0.6676)  loss_ce: 0.4820 (0.6871)  loss_bbox: 3.2473 (3.4180)  loss_giou: 2.6607 (2.7379)  loss_ce_0: 0.5143 (0.7363)  loss_bbox_0: 3.3291 (3.5026)  loss_giou_0: 2.6871 (2.7569)  loss_ce_dn_0: 0.5295 (0.8431)  loss_bbox_dn_0: 0.5271 (0.5545)  loss_giou_dn_0: 0.6615 (0.6652)  loss_ce_1: 0.4794 (0.6692)  loss_bbox_1: 3.2932 (3.4667)  loss_giou_1: 2.6667 (2.7467)  loss_ce_dn_1: 0.3605 (0.6442)  loss_bbox_dn_1: 0.5275 (0.5546)  loss_giou_dn_1: 0.6615 (0.6654)  loss_ce_2: 0.4903 (0.6471)  loss_bbox_2: 3.2823 (3.4432)  loss_giou_2: 2.6784 (2.7445)  loss_ce_dn_2: 0.3151 (0.5716)  loss_bbox_dn_2: 0.5282 (0.5549)  loss_giou_dn_2: 0.6618 (0.6657)  loss_ce_3: 0.4625 (0.6592)  loss_bbox_3: 3.2661 (3.4335)  loss_giou_3: 2.6572 (2.7402)  loss_ce_dn_3: 0.3176 (0.5802)  loss_bbox_dn_3: 0.5290 (0.5553)  loss_giou_dn_3: 0.6625 (0.6662)  loss_ce_4: 0.4940 (0.6813)  loss_bbox_4: 3.2596 (3.4213)  loss_giou_4: 2.6555 (2.7426)  loss_ce_dn_4: 0.3329 (0.5897)  loss_bbox_dn_4: 0.5297 (0.5557)  loss_giou_dn_4: 0.6633 (0.6668)  loss_ce_interm: 0.6109 (0.7978)  loss_bbox_interm: 3.2820 (3.4427)  loss_giou_interm: 2.6791 (2.7465)  loss_ce_dn_unscaled: 0.3518 (0.6257)  loss_bbox_dn_unscaled: 0.1062 (0.1113)  loss_giou_dn_unscaled: 0.3331 (0.3338)  loss_xy_dn_unscaled: 0.0363 (0.0370)  loss_hw_dn_unscaled: 0.0699 (0.0743)  cardinality_error_dn_unscaled: 182.6667 (180.8848)  loss_ce_unscaled: 0.4820 (0.6871)  class_error_unscaled: 28.5714 (33.8691)  loss_bbox_unscaled: 0.6495 (0.6836)  loss_giou_unscaled: 1.3303 (1.3690)  loss_xy_unscaled: 0.2335 (0.2706)  loss_hw_unscaled: 0.4142 (0.4130)  cardinality_error_unscaled: 290.0000 (290.2798)  loss_ce_0_unscaled: 0.5143 (0.7363)  loss_bbox_0_unscaled: 0.6658 (0.7005)  loss_giou_0_unscaled: 1.3435 (1.3785)  loss_xy_0_unscaled: 0.2476 (0.2835)  loss_hw_0_unscaled: 0.4161 (0.4170)  cardinality_error_0_unscaled: 290.0000 (282.9095)  loss_ce_dn_0_unscaled: 0.5295 (0.8431)  loss_bbox_dn_0_unscaled: 0.1054 (0.1109)  loss_giou_dn_0_unscaled: 0.3308 (0.3326)  loss_xy_dn_0_unscaled: 0.0357 (0.0367)  loss_hw_dn_0_unscaled: 0.0692 (0.0742)  cardinality_error_dn_0_unscaled: 182.6667 (163.4074)  loss_ce_1_unscaled: 0.4794 (0.6692)  loss_bbox_1_unscaled: 0.6586 (0.6933)  loss_giou_1_unscaled: 1.3334 (1.3733)  loss_xy_1_unscaled: 0.2437 (0.2769)  loss_hw_1_unscaled: 0.4154 (0.4164)  cardinality_error_1_unscaled: 290.0000 (276.8066)  loss_ce_dn_1_unscaled: 0.3605 (0.6442)  loss_bbox_dn_1_unscaled: 0.1055 (0.1109)  loss_giou_dn_1_unscaled: 0.3308 (0.3327)  loss_xy_dn_1_unscaled: 0.0358 (0.0368)  loss_hw_dn_1_unscaled: 0.0692 (0.0742)  cardinality_error_dn_1_unscaled: 182.6667 (164.1276)  loss_ce_2_unscaled: 0.4903 (0.6471)  loss_bbox_2_unscaled: 0.6565 (0.6886)  loss_giou_2_unscaled: 1.3392 (1.3722)  loss_xy_2_unscaled: 0.2443 (0.2727)  loss_hw_2_unscaled: 0.4153 (0.4159)  cardinality_error_2_unscaled: 290.0000 (289.8724)  loss_ce_dn_2_unscaled: 0.3151 (0.5716)  loss_bbox_dn_2_unscaled: 0.1056 (0.1110)  loss_giou_dn_2_unscaled: 0.3309 (0.3328)  loss_xy_dn_2_unscaled: 0.0359 (0.0368)  loss_hw_dn_2_unscaled: 0.0693 (0.0742)  cardinality_error_dn_2_unscaled: 182.6667 (181.9424)  loss_ce_3_unscaled: 0.4625 (0.6592)  loss_bbox_3_unscaled: 0.6532 (0.6867)  loss_giou_3_unscaled: 1.3286 (1.3701)  loss_xy_3_unscaled: 0.2401 (0.2717)  loss_hw_3_unscaled: 0.4149 (0.4150)  cardinality_error_3_unscaled: 290.0000 (290.5803)  loss_ce_dn_3_unscaled: 0.3176 (0.5802)  loss_bbox_dn_3_unscaled: 0.1058 (0.1111)  loss_giou_dn_3_unscaled: 0.3312 (0.3331)  loss_xy_dn_3_unscaled: 0.0361 (0.0369)  loss_hw_dn_3_unscaled: 0.0694 (0.0742)  cardinality_error_dn_3_unscaled: 182.6667 (181.8971)  loss_ce_4_unscaled: 0.4940 (0.6813)  loss_bbox_4_unscaled: 0.6519 (0.6843)  loss_giou_4_unscaled: 1.3278 (1.3713)  loss_xy_4_unscaled: 0.2366 (0.2703)  loss_hw_4_unscaled: 0.4145 (0.4140)  cardinality_error_4_unscaled: 290.0000 (290.6584)  loss_ce_dn_4_unscaled: 0.3329 (0.5897)  loss_bbox_dn_4_unscaled: 0.1059 (0.1111)  loss_giou_dn_4_unscaled: 0.3317 (0.3334)  loss_xy_dn_4_unscaled: 0.0362 (0.0369)  loss_hw_dn_4_unscaled: 0.0697 (0.0742)  cardinality_error_dn_4_unscaled: 182.6667 (181.9671)  loss_ce_interm_unscaled: 0.6109 (0.7978)  loss_bbox_interm_unscaled: 0.6564 (0.6885)  loss_giou_interm_unscaled: 1.3396 (1.3733)  loss_xy_interm_unscaled: 0.2386 (0.2728)  loss_hw_interm_unscaled: 0.4164 (0.4157)  cardinality_error_interm_unscaled: 290.0000 (281.9177)  time: 0.3464  data: 0.0003  max mem: 21757
Epoch: [0]  [    90/111901]  eta: 11:31:22  lr: 0.000009  class_error: 38.46  loss: 53.4206 (58.5777)  loss_ce_dn: 0.3291 (0.5958)  loss_bbox_dn: 0.5441 (0.5616)  loss_giou_dn: 0.6672 (0.6682)  loss_ce: 0.5003 (0.6702)  loss_bbox: 3.0287 (3.3784)  loss_giou: 2.5113 (2.6957)  loss_ce_0: 0.5102 (0.7182)  loss_bbox_0: 3.1254 (3.4630)  loss_giou_0: 2.5372 (2.7173)  loss_ce_dn_0: 0.4523 (0.8016)  loss_bbox_dn_0: 0.5408 (0.5587)  loss_giou_dn_0: 0.6579 (0.6646)  loss_ce_1: 0.5035 (0.6553)  loss_bbox_1: 3.0912 (3.4272)  loss_giou_1: 2.5384 (2.7075)  loss_ce_dn_1: 0.3271 (0.6131)  loss_bbox_dn_1: 0.5403 (0.5588)  loss_giou_dn_1: 0.6595 (0.6648)  loss_ce_2: 0.4929 (0.6345)  loss_bbox_2: 3.0645 (3.4038)  loss_giou_2: 2.5334 (2.7041)  loss_ce_dn_2: 0.3001 (0.5448)  loss_bbox_dn_2: 0.5400 (0.5592)  loss_giou_dn_2: 0.6620 (0.6653)  loss_ce_3: 0.5008 (0.6460)  loss_bbox_3: 3.0588 (3.3941)  loss_giou_3: 2.5228 (2.6989)  loss_ce_dn_3: 0.3085 (0.5527)  loss_bbox_dn_3: 0.5401 (0.5598)  loss_giou_dn_3: 0.6653 (0.6661)  loss_ce_4: 0.5044 (0.6648)  loss_bbox_4: 3.0361 (3.3824)  loss_giou_4: 2.5139 (2.7002)  loss_ce_dn_4: 0.3259 (0.5635)  loss_bbox_dn_4: 0.5408 (0.5606)  loss_giou_dn_4: 0.6665 (0.6670)  loss_ce_interm: 0.5946 (0.7786)  loss_bbox_interm: 3.1065 (3.4054)  loss_giou_interm: 2.5458 (2.7058)  loss_ce_dn_unscaled: 0.3291 (0.5958)  loss_bbox_dn_unscaled: 0.1088 (0.1123)  loss_giou_dn_unscaled: 0.3336 (0.3341)  loss_xy_dn_unscaled: 0.0364 (0.0374)  loss_hw_dn_unscaled: 0.0728 (0.0750)  cardinality_error_dn_unscaled: 187.3333 (181.1392)  loss_ce_unscaled: 0.5003 (0.6702)  class_error_unscaled: 28.5714 (33.5939)  loss_bbox_unscaled: 0.6057 (0.6757)  loss_giou_unscaled: 1.2557 (1.3479)  loss_xy_unscaled: 0.1782 (0.2568)  loss_hw_unscaled: 0.4154 (0.4189)  cardinality_error_unscaled: 290.6667 (290.3993)  loss_ce_0_unscaled: 0.5102 (0.7182)  loss_bbox_0_unscaled: 0.6251 (0.6926)  loss_giou_0_unscaled: 1.2686 (1.3587)  loss_xy_0_unscaled: 0.1926 (0.2695)  loss_hw_0_unscaled: 0.4305 (0.4231)  cardinality_error_0_unscaled: 290.6667 (283.8425)  loss_ce_dn_0_unscaled: 0.4523 (0.8016)  loss_bbox_dn_0_unscaled: 0.1082 (0.1117)  loss_giou_dn_0_unscaled: 0.3289 (0.3323)  loss_xy_dn_0_unscaled: 0.0360 (0.0370)  loss_hw_dn_0_unscaled: 0.0720 (0.0747)  cardinality_error_dn_0_unscaled: 187.3333 (165.5824)  loss_ce_1_unscaled: 0.5035 (0.6553)  loss_bbox_1_unscaled: 0.6182 (0.6854)  loss_giou_1_unscaled: 1.2692 (1.3537)  loss_xy_1_unscaled: 0.1880 (0.2631)  loss_hw_1_unscaled: 0.4202 (0.4223)  cardinality_error_1_unscaled: 290.6667 (278.4066)  loss_ce_dn_1_unscaled: 0.3271 (0.6131)  loss_bbox_dn_1_unscaled: 0.1081 (0.1118)  loss_giou_dn_1_unscaled: 0.3297 (0.3324)  loss_xy_dn_1_unscaled: 0.0360 (0.0370)  loss_hw_dn_1_unscaled: 0.0719 (0.0747)  cardinality_error_dn_1_unscaled: 187.3333 (166.2234)  loss_ce_2_unscaled: 0.4929 (0.6345)  loss_bbox_2_unscaled: 0.6129 (0.6808)  loss_giou_2_unscaled: 1.2667 (1.3520)  loss_xy_2_unscaled: 0.1804 (0.2590)  loss_hw_2_unscaled: 0.4190 (0.4218)  cardinality_error_2_unscaled: 290.6667 (290.0403)  loss_ce_dn_2_unscaled: 0.3001 (0.5448)  loss_bbox_dn_2_unscaled: 0.1080 (0.1118)  loss_giou_dn_2_unscaled: 0.3310 (0.3326)  loss_xy_dn_2_unscaled: 0.0361 (0.0371)  loss_hw_dn_2_unscaled: 0.0719 (0.0748)  cardinality_error_dn_2_unscaled: 187.3333 (182.0806)  loss_ce_3_unscaled: 0.5008 (0.6460)  loss_bbox_3_unscaled: 0.6118 (0.6788)  loss_giou_3_unscaled: 1.2614 (1.3494)  loss_xy_3_unscaled: 0.1802 (0.2579)  loss_hw_3_unscaled: 0.4177 (0.4209)  cardinality_error_3_unscaled: 290.6667 (290.6593)  loss_ce_dn_3_unscaled: 0.3085 (0.5527)  loss_bbox_dn_3_unscaled: 0.1080 (0.1120)  loss_giou_dn_3_unscaled: 0.3326 (0.3330)  loss_xy_dn_3_unscaled: 0.0361 (0.0372)  loss_hw_dn_3_unscaled: 0.0719 (0.0748)  cardinality_error_dn_3_unscaled: 187.3333 (182.0403)  loss_ce_4_unscaled: 0.5044 (0.6648)  loss_bbox_4_unscaled: 0.6072 (0.6765)  loss_giou_4_unscaled: 1.2570 (1.3501)  loss_xy_4_unscaled: 0.1792 (0.2566)  loss_hw_4_unscaled: 0.4165 (0.4199)  cardinality_error_4_unscaled: 290.6667 (290.7399)  loss_ce_dn_4_unscaled: 0.3259 (0.5635)  loss_bbox_dn_4_unscaled: 0.1082 (0.1121)  loss_giou_dn_4_unscaled: 0.3332 (0.3335)  loss_xy_dn_4_unscaled: 0.0362 (0.0373)  loss_hw_dn_4_unscaled: 0.0723 (0.0749)  cardinality_error_dn_4_unscaled: 187.3333 (182.1026)  loss_ce_interm_unscaled: 0.5946 (0.7786)  loss_bbox_interm_unscaled: 0.6213 (0.6811)  loss_giou_interm_unscaled: 1.2729 (1.3529)  loss_xy_interm_unscaled: 0.1841 (0.2593)  loss_hw_interm_unscaled: 0.4172 (0.4218)  cardinality_error_interm_unscaled: 290.6667 (282.9597)  time: 0.3255  data: 0.0003  max mem: 21757
Epoch: [0]  [   100/111901]  eta: 11:21:53  lr: 0.000010  class_error: 29.03  loss: 47.9461 (57.3327)  loss_ce_dn: 0.3347 (0.5704)  loss_bbox_dn: 0.5720 (0.5621)  loss_giou_dn: 0.6855 (0.6708)  loss_ce: 0.5017 (0.6548)  loss_bbox: 2.6279 (3.2917)  loss_giou: 2.1818 (2.6410)  loss_ce_0: 0.5062 (0.6976)  loss_bbox_0: 2.7439 (3.3774)  loss_giou_0: 2.2036 (2.6659)  loss_ce_dn_0: 0.4338 (0.7636)  loss_bbox_dn_0: 0.5542 (0.5569)  loss_giou_dn_0: 0.6660 (0.6653)  loss_ce_1: 0.4966 (0.6401)  loss_bbox_1: 2.7058 (3.3413)  loss_giou_1: 2.2274 (2.6558)  loss_ce_dn_1: 0.3247 (0.5834)  loss_bbox_dn_1: 0.5545 (0.5573)  loss_giou_dn_1: 0.6669 (0.6657)  loss_ce_2: 0.4929 (0.6212)  loss_bbox_2: 2.6860 (3.3176)  loss_giou_2: 2.2313 (2.6509)  loss_ce_dn_2: 0.2979 (0.5198)  loss_bbox_dn_2: 0.5568 (0.5581)  loss_giou_dn_2: 0.6697 (0.6665)  loss_ce_3: 0.5129 (0.6333)  loss_bbox_3: 2.6721 (3.3075)  loss_giou_3: 2.2049 (2.6455)  loss_ce_dn_3: 0.3085 (0.5285)  loss_bbox_dn_3: 0.5607 (0.5592)  loss_giou_dn_3: 0.6752 (0.6677)  loss_ce_4: 0.5044 (0.6505)  loss_bbox_4: 2.6636 (3.2959)  loss_giou_4: 2.1884 (2.6460)  loss_ce_dn_4: 0.3268 (0.5407)  loss_bbox_dn_4: 0.5657 (0.5605)  loss_giou_dn_4: 0.6809 (0.6691)  loss_ce_interm: 0.5798 (0.7582)  loss_bbox_interm: 2.6965 (3.3198)  loss_giou_interm: 2.2055 (2.6549)  loss_ce_dn_unscaled: 0.3347 (0.5704)  loss_bbox_dn_unscaled: 0.1144 (0.1124)  loss_giou_dn_unscaled: 0.3427 (0.3354)  loss_xy_dn_unscaled: 0.0382 (0.0375)  loss_hw_dn_unscaled: 0.0749 (0.0749)  cardinality_error_dn_unscaled: 185.6667 (181.0462)  loss_ce_unscaled: 0.5017 (0.6548)  class_error_unscaled: 28.9474 (33.1388)  loss_bbox_unscaled: 0.5256 (0.6583)  loss_giou_unscaled: 1.0909 (1.3205)  loss_xy_unscaled: 0.1050 (0.2410)  loss_hw_unscaled: 0.4154 (0.4173)  cardinality_error_unscaled: 290.6667 (290.4126)  loss_ce_0_unscaled: 0.5062 (0.6976)  loss_bbox_0_unscaled: 0.5488 (0.6755)  loss_giou_0_unscaled: 1.1018 (1.3329)  loss_xy_0_unscaled: 0.1221 (0.2538)  loss_hw_0_unscaled: 0.4212 (0.4217)  cardinality_error_0_unscaled: 290.6667 (284.5116)  loss_ce_dn_0_unscaled: 0.4338 (0.7636)  loss_bbox_dn_0_unscaled: 0.1108 (0.1114)  loss_giou_dn_0_unscaled: 0.3330 (0.3326)  loss_xy_dn_0_unscaled: 0.0362 (0.0370)  loss_hw_dn_0_unscaled: 0.0720 (0.0744)  cardinality_error_dn_0_unscaled: 185.6667 (167.0297)  loss_ce_1_unscaled: 0.4966 (0.6401)  loss_bbox_1_unscaled: 0.5412 (0.6683)  loss_giou_1_unscaled: 1.1137 (1.3279)  loss_xy_1_unscaled: 0.1106 (0.2473)  loss_hw_1_unscaled: 0.4202 (0.4210)  cardinality_error_1_unscaled: 290.6667 (279.6139)  loss_ce_dn_1_unscaled: 0.3247 (0.5834)  loss_bbox_dn_1_unscaled: 0.1109 (0.1115)  loss_giou_dn_1_unscaled: 0.3334 (0.3328)  loss_xy_dn_1_unscaled: 0.0364 (0.0370)  loss_hw_dn_1_unscaled: 0.0721 (0.0744)  cardinality_error_dn_1_unscaled: 185.6667 (167.6073)  loss_ce_2_unscaled: 0.4929 (0.6212)  loss_bbox_2_unscaled: 0.5372 (0.6635)  loss_giou_2_unscaled: 1.1157 (1.3255)  loss_xy_2_unscaled: 0.1060 (0.2432)  loss_hw_2_unscaled: 0.4190 (0.4203)  cardinality_error_2_unscaled: 290.6667 (290.0924)  loss_ce_dn_2_unscaled: 0.2979 (0.5198)  loss_bbox_dn_2_unscaled: 0.1114 (0.1116)  loss_giou_dn_2_unscaled: 0.3349 (0.3333)  loss_xy_dn_2_unscaled: 0.0367 (0.0371)  loss_hw_dn_2_unscaled: 0.0723 (0.0745)  cardinality_error_dn_2_unscaled: 185.6667 (181.8944)  loss_ce_3_unscaled: 0.5129 (0.6333)  loss_bbox_3_unscaled: 0.5344 (0.6615)  loss_giou_3_unscaled: 1.1025 (1.3228)  loss_xy_3_unscaled: 0.1064 (0.2422)  loss_hw_3_unscaled: 0.4177 (0.4193)  cardinality_error_3_unscaled: 290.6667 (290.5545)  loss_ce_dn_3_unscaled: 0.3085 (0.5285)  loss_bbox_dn_3_unscaled: 0.1121 (0.1118)  loss_giou_dn_3_unscaled: 0.3376 (0.3338)  loss_xy_dn_3_unscaled: 0.0371 (0.0372)  loss_hw_dn_3_unscaled: 0.0730 (0.0746)  cardinality_error_dn_3_unscaled: 185.6667 (181.8581)  loss_ce_4_unscaled: 0.5044 (0.6505)  loss_bbox_4_unscaled: 0.5327 (0.6592)  loss_giou_4_unscaled: 1.0942 (1.3230)  loss_xy_4_unscaled: 0.1057 (0.2409)  loss_hw_4_unscaled: 0.4165 (0.4183)  cardinality_error_4_unscaled: 290.6667 (290.7261)  loss_ce_dn_4_unscaled: 0.3268 (0.5407)  loss_bbox_dn_4_unscaled: 0.1131 (0.1121)  loss_giou_dn_4_unscaled: 0.3404 (0.3346)  loss_xy_dn_4_unscaled: 0.0376 (0.0373)  loss_hw_dn_4_unscaled: 0.0740 (0.0748)  cardinality_error_dn_4_unscaled: 185.6667 (181.9142)  loss_ce_interm_unscaled: 0.5798 (0.7582)  loss_bbox_interm_unscaled: 0.5393 (0.6640)  loss_giou_interm_unscaled: 1.1028 (1.3274)  loss_xy_interm_unscaled: 0.1065 (0.2434)  loss_hw_interm_unscaled: 0.4222 (0.4206)  cardinality_error_interm_unscaled: 290.6667 (283.7162)  time: 0.3202  data: 0.0003  max mem: 21757
Epoch: [0]  [   110/111901]  eta: 11:18:08  lr: 0.000011  class_error: 18.75  loss: 46.4548 (56.3989)  loss_ce_dn: 0.3267 (0.5478)  loss_bbox_dn: 0.5710 (0.5626)  loss_giou_dn: 0.6872 (0.6715)  loss_ce: 0.5223 (0.6425)  loss_bbox: 2.5155 (3.2255)  loss_giou: 2.1715 (2.6063)  loss_ce_0: 0.4914 (0.6790)  loss_bbox_0: 2.6407 (3.3133)  loss_giou_0: 2.2259 (2.6337)  loss_ce_dn_0: 0.3966 (0.7290)  loss_bbox_dn_0: 0.5335 (0.5557)  loss_giou_dn_0: 0.6674 (0.6655)  loss_ce_1: 0.4959 (0.6270)  loss_bbox_1: 2.6062 (3.2776)  loss_giou_1: 2.2065 (2.6228)  loss_ce_dn_1: 0.3009 (0.5566)  loss_bbox_dn_1: 0.5354 (0.5562)  loss_giou_dn_1: 0.6698 (0.6659)  loss_ce_2: 0.4994 (0.6105)  loss_bbox_2: 2.5613 (3.2532)  loss_giou_2: 2.1936 (2.6173)  loss_ce_dn_2: 0.2842 (0.4970)  loss_bbox_dn_2: 0.5411 (0.5573)  loss_giou_dn_2: 0.6738 (0.6668)  loss_ce_3: 0.5202 (0.6222)  loss_bbox_3: 2.5367 (3.2422)  loss_giou_3: 2.1894 (2.6117)  loss_ce_dn_3: 0.2917 (0.5061)  loss_bbox_dn_3: 0.5505 (0.5587)  loss_giou_dn_3: 0.6769 (0.6681)  loss_ce_4: 0.5203 (0.6385)  loss_bbox_4: 2.5178 (3.2303)  loss_giou_4: 2.1723 (2.6113)  loss_ce_dn_4: 0.3098 (0.5191)  loss_bbox_dn_4: 0.5601 (0.5604)  loss_giou_dn_4: 0.6814 (0.6696)  loss_ce_interm: 0.5601 (0.7403)  loss_bbox_interm: 2.5449 (3.2572)  loss_giou_interm: 2.2236 (2.6225)  loss_ce_dn_unscaled: 0.3267 (0.5478)  loss_bbox_dn_unscaled: 0.1142 (0.1125)  loss_giou_dn_unscaled: 0.3436 (0.3358)  loss_xy_dn_unscaled: 0.0372 (0.0375)  loss_hw_dn_unscaled: 0.0741 (0.0750)  cardinality_error_dn_unscaled: 185.3333 (181.3213)  loss_ce_unscaled: 0.5223 (0.6425)  class_error_unscaled: 28.5714 (32.6718)  loss_bbox_unscaled: 0.5031 (0.6451)  loss_giou_unscaled: 1.0858 (1.3031)  loss_xy_unscaled: 0.0930 (0.2286)  loss_hw_unscaled: 0.4053 (0.4165)  cardinality_error_unscaled: 290.6667 (290.3514)  loss_ce_0_unscaled: 0.4914 (0.6790)  loss_bbox_0_unscaled: 0.5281 (0.6627)  loss_giou_0_unscaled: 1.1130 (1.3168)  loss_xy_0_unscaled: 0.1056 (0.2413)  loss_hw_0_unscaled: 0.4126 (0.4213)  cardinality_error_0_unscaled: 290.6667 (285.0661)  loss_ce_dn_0_unscaled: 0.3966 (0.7290)  loss_bbox_dn_0_unscaled: 0.1067 (0.1111)  loss_giou_dn_0_unscaled: 0.3337 (0.3328)  loss_xy_dn_0_unscaled: 0.0357 (0.0369)  loss_hw_dn_0_unscaled: 0.0720 (0.0743)  cardinality_error_dn_0_unscaled: 185.6667 (168.5826)  loss_ce_1_unscaled: 0.4959 (0.6270)  loss_bbox_1_unscaled: 0.5212 (0.6555)  loss_giou_1_unscaled: 1.1032 (1.3114)  loss_xy_1_unscaled: 0.1023 (0.2352)  loss_hw_1_unscaled: 0.4144 (0.4204)  cardinality_error_1_unscaled: 290.6667 (280.6066)  loss_ce_dn_1_unscaled: 0.3009 (0.5566)  loss_bbox_dn_1_unscaled: 0.1071 (0.1112)  loss_giou_dn_1_unscaled: 0.3349 (0.3330)  loss_xy_dn_1_unscaled: 0.0359 (0.0369)  loss_hw_dn_1_unscaled: 0.0719 (0.0743)  cardinality_error_dn_1_unscaled: 185.6667 (169.1081)  loss_ce_2_unscaled: 0.4994 (0.6105)  loss_bbox_2_unscaled: 0.5123 (0.6506)  loss_giou_2_unscaled: 1.0968 (1.3086)  loss_xy_2_unscaled: 0.0983 (0.2310)  loss_hw_2_unscaled: 0.4130 (0.4196)  cardinality_error_2_unscaled: 290.6667 (290.1261)  loss_ce_dn_2_unscaled: 0.2842 (0.4970)  loss_bbox_dn_2_unscaled: 0.1082 (0.1115)  loss_giou_dn_2_unscaled: 0.3369 (0.3334)  loss_xy_dn_2_unscaled: 0.0361 (0.0370)  loss_hw_dn_2_unscaled: 0.0722 (0.0744)  cardinality_error_dn_2_unscaled: 185.6667 (182.1081)  loss_ce_3_unscaled: 0.5202 (0.6222)  loss_bbox_3_unscaled: 0.5073 (0.6484)  loss_giou_3_unscaled: 1.0947 (1.3058)  loss_xy_3_unscaled: 0.0933 (0.2298)  loss_hw_3_unscaled: 0.4113 (0.4186)  cardinality_error_3_unscaled: 289.3333 (290.4024)  loss_ce_dn_3_unscaled: 0.2917 (0.5061)  loss_bbox_dn_3_unscaled: 0.1101 (0.1117)  loss_giou_dn_3_unscaled: 0.3384 (0.3340)  loss_xy_dn_3_unscaled: 0.0365 (0.0372)  loss_hw_dn_3_unscaled: 0.0730 (0.0746)  cardinality_error_dn_3_unscaled: 185.6667 (182.0751)  loss_ce_4_unscaled: 0.5203 (0.6385)  loss_bbox_4_unscaled: 0.5036 (0.6461)  loss_giou_4_unscaled: 1.0862 (1.3057)  loss_xy_4_unscaled: 0.0932 (0.2285)  loss_hw_4_unscaled: 0.4100 (0.4175)  cardinality_error_4_unscaled: 290.6667 (290.7207)  loss_ce_dn_4_unscaled: 0.3098 (0.5191)  loss_bbox_dn_4_unscaled: 0.1120 (0.1121)  loss_giou_dn_4_unscaled: 0.3407 (0.3348)  loss_xy_dn_4_unscaled: 0.0367 (0.0373)  loss_hw_dn_4_unscaled: 0.0735 (0.0748)  cardinality_error_dn_4_unscaled: 185.6667 (182.1261)  loss_ce_interm_unscaled: 0.5601 (0.7403)  loss_bbox_interm_unscaled: 0.5090 (0.6514)  loss_giou_interm_unscaled: 1.1118 (1.3113)  loss_xy_interm_unscaled: 0.0900 (0.2312)  loss_hw_interm_unscaled: 0.4138 (0.4202)  cardinality_error_interm_unscaled: 290.6667 (284.3424)  time: 0.3320  data: 0.0003  max mem: 22869
Epoch: [0]  [   120/111901]  eta: 11:12:57  lr: 0.000012  class_error: 26.67  loss: 45.6952 (55.4426)  loss_ce_dn: 0.2962 (0.5274)  loss_bbox_dn: 0.5458 (0.5630)  loss_giou_dn: 0.6707 (0.6715)  loss_ce: 0.5083 (0.6327)  loss_bbox: 2.4151 (3.1558)  loss_giou: 2.1731 (2.5677)  loss_ce_0: 0.4730 (0.6633)  loss_bbox_0: 2.5227 (3.2470)  loss_giou_0: 2.2674 (2.5988)  loss_ce_dn_0: 0.3334 (0.6966)  loss_bbox_dn_0: 0.5149 (0.5537)  loss_giou_dn_0: 0.6648 (0.6651)  loss_ce_1: 0.4770 (0.6158)  loss_bbox_1: 2.4711 (3.2106)  loss_giou_1: 2.2345 (2.5869)  loss_ce_dn_1: 0.2589 (0.5322)  loss_bbox_dn_1: 0.5195 (0.5545)  loss_giou_dn_1: 0.6651 (0.6654)  loss_ce_2: 0.4794 (0.6010)  loss_bbox_2: 2.4594 (3.1861)  loss_giou_2: 2.2144 (2.5806)  loss_ce_dn_2: 0.2474 (0.4765)  loss_bbox_dn_2: 0.5249 (0.5559)  loss_giou_dn_2: 0.6650 (0.6663)  loss_ce_3: 0.4965 (0.6128)  loss_bbox_3: 2.4326 (3.1738)  loss_giou_3: 2.1962 (2.5744)  loss_ce_dn_3: 0.2610 (0.4862)  loss_bbox_dn_3: 0.5314 (0.5578)  loss_giou_dn_3: 0.6648 (0.6676)  loss_ce_4: 0.5045 (0.6285)  loss_bbox_4: 2.4216 (3.1614)  loss_giou_4: 2.1843 (2.5730)  loss_ce_dn_4: 0.2814 (0.4998)  loss_bbox_dn_4: 0.5376 (0.5602)  loss_giou_dn_4: 0.6673 (0.6694)  loss_ce_interm: 0.5332 (0.7243)  loss_bbox_interm: 2.4768 (3.1913)  loss_giou_interm: 2.2236 (2.5877)  loss_ce_dn_unscaled: 0.2962 (0.5274)  loss_bbox_dn_unscaled: 0.1092 (0.1126)  loss_giou_dn_unscaled: 0.3354 (0.3357)  loss_xy_dn_unscaled: 0.0350 (0.0374)  loss_hw_dn_unscaled: 0.0738 (0.0752)  cardinality_error_dn_unscaled: 183.0000 (180.9669)  loss_ce_unscaled: 0.5083 (0.6327)  class_error_unscaled: 26.9231 (32.5467)  loss_bbox_unscaled: 0.4830 (0.6312)  loss_giou_unscaled: 1.0865 (1.2838)  loss_xy_unscaled: 0.0865 (0.2171)  loss_hw_unscaled: 0.3900 (0.4141)  cardinality_error_unscaled: 289.6667 (290.2810)  loss_ce_0_unscaled: 0.4730 (0.6633)  loss_bbox_0_unscaled: 0.5045 (0.6494)  loss_giou_0_unscaled: 1.1337 (1.2994)  loss_xy_0_unscaled: 0.1023 (0.2297)  loss_hw_0_unscaled: 0.3976 (0.4197)  cardinality_error_0_unscaled: 290.6667 (285.5262)  loss_ce_dn_0_unscaled: 0.3334 (0.6966)  loss_bbox_dn_0_unscaled: 0.1030 (0.1107)  loss_giou_dn_0_unscaled: 0.3324 (0.3325)  loss_xy_dn_0_unscaled: 0.0341 (0.0368)  loss_hw_dn_0_unscaled: 0.0686 (0.0740)  cardinality_error_dn_0_unscaled: 183.0000 (169.2810)  loss_ce_1_unscaled: 0.4770 (0.6158)  loss_bbox_1_unscaled: 0.4942 (0.6421)  loss_giou_1_unscaled: 1.1173 (1.2934)  loss_xy_1_unscaled: 0.0960 (0.2236)  loss_hw_1_unscaled: 0.3930 (0.4185)  cardinality_error_1_unscaled: 290.6667 (281.4353)  loss_ce_dn_1_unscaled: 0.2589 (0.5322)  loss_bbox_dn_1_unscaled: 0.1039 (0.1109)  loss_giou_dn_1_unscaled: 0.3325 (0.3327)  loss_xy_dn_1_unscaled: 0.0343 (0.0368)  loss_hw_dn_1_unscaled: 0.0692 (0.0741)  cardinality_error_dn_1_unscaled: 183.0000 (169.7631)  loss_ce_2_unscaled: 0.4794 (0.6010)  loss_bbox_2_unscaled: 0.4919 (0.6372)  loss_giou_2_unscaled: 1.1072 (1.2903)  loss_xy_2_unscaled: 0.0918 (0.2197)  loss_hw_2_unscaled: 0.3907 (0.4176)  cardinality_error_2_unscaled: 290.6667 (290.1322)  loss_ce_dn_2_unscaled: 0.2474 (0.4765)  loss_bbox_dn_2_unscaled: 0.1050 (0.1112)  loss_giou_dn_2_unscaled: 0.3325 (0.3331)  loss_xy_dn_2_unscaled: 0.0346 (0.0369)  loss_hw_dn_2_unscaled: 0.0699 (0.0742)  cardinality_error_dn_2_unscaled: 183.0000 (181.6887)  loss_ce_3_unscaled: 0.4965 (0.6128)  loss_bbox_3_unscaled: 0.4865 (0.6348)  loss_giou_3_unscaled: 1.0981 (1.2872)  loss_xy_3_unscaled: 0.0885 (0.2184)  loss_hw_3_unscaled: 0.3873 (0.4164)  cardinality_error_3_unscaled: 289.0000 (290.3389)  loss_ce_dn_3_unscaled: 0.2610 (0.4862)  loss_bbox_dn_3_unscaled: 0.1063 (0.1116)  loss_giou_dn_3_unscaled: 0.3324 (0.3338)  loss_xy_dn_3_unscaled: 0.0347 (0.0371)  loss_hw_dn_3_unscaled: 0.0706 (0.0745)  cardinality_error_dn_3_unscaled: 183.0000 (181.6584)  loss_ce_4_unscaled: 0.5045 (0.6285)  loss_bbox_4_unscaled: 0.4843 (0.6323)  loss_giou_4_unscaled: 1.0922 (1.2865)  loss_xy_4_unscaled: 0.0864 (0.2171)  loss_hw_4_unscaled: 0.3847 (0.4152)  cardinality_error_4_unscaled: 290.6667 (290.7135)  loss_ce_dn_4_unscaled: 0.2814 (0.4998)  loss_bbox_dn_4_unscaled: 0.1075 (0.1120)  loss_giou_dn_4_unscaled: 0.3336 (0.3347)  loss_xy_dn_4_unscaled: 0.0349 (0.0372)  loss_hw_dn_4_unscaled: 0.0718 (0.0748)  cardinality_error_dn_4_unscaled: 183.0000 (181.7052)  loss_ce_interm_unscaled: 0.5332 (0.7243)  loss_bbox_interm_unscaled: 0.4954 (0.6383)  loss_giou_interm_unscaled: 1.1118 (1.2939)  loss_xy_interm_unscaled: 0.0895 (0.2195)  loss_hw_interm_unscaled: 0.3953 (0.4187)  cardinality_error_interm_unscaled: 290.6667 (284.8623)  time: 0.3373  data: 0.0003  max mem: 22869
Epoch: [0]  [   130/111901]  eta: 11:12:23  lr: 0.000013  class_error: 20.00  loss: 44.9992 (54.8619)  loss_ce_dn: 0.2962 (0.5108)  loss_bbox_dn: 0.5909 (0.5681)  loss_giou_dn: 0.6757 (0.6729)  loss_ce: 0.5083 (0.6241)  loss_bbox: 2.4193 (3.1176)  loss_giou: 2.1379 (2.5414)  loss_ce_0: 0.4730 (0.6499)  loss_bbox_0: 2.5227 (3.2125)  loss_giou_0: 2.2275 (2.5766)  loss_ce_dn_0: 0.3233 (0.6683)  loss_bbox_dn_0: 0.5430 (0.5560)  loss_giou_dn_0: 0.6656 (0.6653)  loss_ce_1: 0.4754 (0.6062)  loss_bbox_1: 2.4711 (3.1756)  loss_giou_1: 2.1951 (2.5641)  loss_ce_dn_1: 0.2589 (0.5112)  loss_bbox_dn_1: 0.5505 (0.5571)  loss_giou_dn_1: 0.6653 (0.6656)  loss_ce_2: 0.4794 (0.5931)  loss_bbox_2: 2.4708 (3.1506)  loss_giou_2: 2.1747 (2.5569)  loss_ce_dn_2: 0.2474 (0.4589)  loss_bbox_dn_2: 0.5600 (0.5589)  loss_giou_dn_2: 0.6664 (0.6666)  loss_ce_3: 0.4965 (0.6045)  loss_bbox_3: 2.4671 (3.1372)  loss_giou_3: 2.1693 (2.5496)  loss_ce_dn_3: 0.2609 (0.4691)  loss_bbox_dn_3: 0.5686 (0.5614)  loss_giou_dn_3: 0.6681 (0.6683)  loss_ce_4: 0.5034 (0.6199)  loss_bbox_4: 2.4426 (3.1241)  loss_giou_4: 2.1558 (2.5474)  loss_ce_dn_4: 0.2812 (0.4837)  loss_bbox_dn_4: 0.5790 (0.5645)  loss_giou_dn_4: 0.6713 (0.6703)  loss_ce_interm: 0.5324 (0.7109)  loss_bbox_interm: 2.4857 (3.1579)  loss_giou_interm: 2.2111 (2.5649)  loss_ce_dn_unscaled: 0.2962 (0.5108)  loss_bbox_dn_unscaled: 0.1182 (0.1136)  loss_giou_dn_unscaled: 0.3378 (0.3364)  loss_xy_dn_unscaled: 0.0370 (0.0375)  loss_hw_dn_unscaled: 0.0829 (0.0761)  cardinality_error_dn_unscaled: 182.6667 (181.1298)  loss_ce_unscaled: 0.5083 (0.6241)  class_error_unscaled: 26.9231 (32.2686)  loss_bbox_unscaled: 0.4839 (0.6235)  loss_giou_unscaled: 1.0690 (1.2707)  loss_xy_unscaled: 0.0846 (0.2085)  loss_hw_unscaled: 0.3900 (0.4151)  cardinality_error_unscaled: 290.0000 (290.3410)  loss_ce_0_unscaled: 0.4730 (0.6499)  loss_bbox_0_unscaled: 0.5045 (0.6425)  loss_giou_0_unscaled: 1.1138 (1.2883)  loss_xy_0_unscaled: 0.0981 (0.2209)  loss_hw_0_unscaled: 0.3976 (0.4216)  cardinality_error_0_unscaled: 291.3333 (285.9644)  loss_ce_dn_0_unscaled: 0.3233 (0.6683)  loss_bbox_dn_0_unscaled: 0.1086 (0.1112)  loss_giou_dn_0_unscaled: 0.3328 (0.3327)  loss_xy_dn_0_unscaled: 0.0360 (0.0370)  loss_hw_dn_0_unscaled: 0.0712 (0.0742)  cardinality_error_dn_0_unscaled: 182.6667 (170.3359)  loss_ce_1_unscaled: 0.4754 (0.6062)  loss_bbox_1_unscaled: 0.4942 (0.6351)  loss_giou_1_unscaled: 1.0975 (1.2820)  loss_xy_1_unscaled: 0.0892 (0.2148)  loss_hw_1_unscaled: 0.3930 (0.4203)  cardinality_error_1_unscaled: 290.0000 (282.1578)  loss_ce_dn_1_unscaled: 0.2589 (0.5112)  loss_bbox_dn_1_unscaled: 0.1101 (0.1114)  loss_giou_dn_1_unscaled: 0.3327 (0.3328)  loss_xy_dn_1_unscaled: 0.0362 (0.0370)  loss_hw_dn_1_unscaled: 0.0725 (0.0744)  cardinality_error_dn_1_unscaled: 182.6667 (170.7812)  loss_ce_2_unscaled: 0.4794 (0.5931)  loss_bbox_2_unscaled: 0.4942 (0.6301)  loss_giou_2_unscaled: 1.0873 (1.2784)  loss_xy_2_unscaled: 0.0853 (0.2110)  loss_hw_2_unscaled: 0.3907 (0.4191)  cardinality_error_2_unscaled: 289.6667 (289.9797)  loss_ce_dn_2_unscaled: 0.2474 (0.4589)  loss_bbox_dn_2_unscaled: 0.1120 (0.1118)  loss_giou_dn_2_unscaled: 0.3332 (0.3333)  loss_xy_dn_2_unscaled: 0.0364 (0.0371)  loss_hw_dn_2_unscaled: 0.0745 (0.0747)  cardinality_error_dn_2_unscaled: 182.6667 (181.7939)  loss_ce_3_unscaled: 0.4965 (0.6045)  loss_bbox_3_unscaled: 0.4934 (0.6274)  loss_giou_3_unscaled: 1.0846 (1.2748)  loss_xy_3_unscaled: 0.0852 (0.2098)  loss_hw_3_unscaled: 0.3873 (0.4177)  cardinality_error_3_unscaled: 290.0000 (290.3715)  loss_ce_dn_3_unscaled: 0.2609 (0.4691)  loss_bbox_dn_3_unscaled: 0.1137 (0.1123)  loss_giou_dn_3_unscaled: 0.3341 (0.3341)  loss_xy_dn_3_unscaled: 0.0366 (0.0372)  loss_hw_dn_3_unscaled: 0.0769 (0.0750)  cardinality_error_dn_3_unscaled: 182.6667 (181.7685)  loss_ce_4_unscaled: 0.5034 (0.6199)  loss_bbox_4_unscaled: 0.4885 (0.6248)  loss_giou_4_unscaled: 1.0779 (1.2737)  loss_xy_4_unscaled: 0.0847 (0.2085)  loss_hw_4_unscaled: 0.3847 (0.4163)  cardinality_error_4_unscaled: 290.6667 (290.6819)  loss_ce_dn_4_unscaled: 0.2812 (0.4837)  loss_bbox_dn_4_unscaled: 0.1158 (0.1129)  loss_giou_dn_4_unscaled: 0.3357 (0.3352)  loss_xy_dn_4_unscaled: 0.0368 (0.0374)  loss_hw_dn_4_unscaled: 0.0797 (0.0755)  cardinality_error_dn_4_unscaled: 182.6667 (181.8066)  loss_ce_interm_unscaled: 0.5324 (0.7109)  loss_bbox_interm_unscaled: 0.4971 (0.6316)  loss_giou_interm_unscaled: 1.1056 (1.2825)  loss_xy_interm_unscaled: 0.0822 (0.2105)  loss_hw_interm_unscaled: 0.3974 (0.4210)  cardinality_error_interm_unscaled: 291.3333 (285.3537)  time: 0.3442  data: 0.0003  max mem: 22869
Epoch: [0]  [   140/111901]  eta: 11:10:04  lr: 0.000014  class_error: 29.63  loss: 46.7049 (54.2528)  loss_ce_dn: 0.2863 (0.4953)  loss_bbox_dn: 0.6248 (0.5706)  loss_giou_dn: 0.6948 (0.6749)  loss_ce: 0.5065 (0.6160)  loss_bbox: 2.4965 (3.0645)  loss_giou: 2.2566 (2.5249)  loss_ce_0: 0.4821 (0.6383)  loss_bbox_0: 2.6523 (3.1642)  loss_giou_0: 2.3674 (2.5645)  loss_ce_dn_0: 0.3143 (0.6434)  loss_bbox_dn_0: 0.5461 (0.5539)  loss_giou_dn_0: 0.6689 (0.6659)  loss_ce_1: 0.4745 (0.5971)  loss_bbox_1: 2.5948 (3.1270)  loss_giou_1: 2.3459 (2.5507)  loss_ce_dn_1: 0.2537 (0.4927)  loss_bbox_dn_1: 0.5561 (0.5555)  loss_giou_dn_1: 0.6696 (0.6663)  loss_ce_2: 0.4886 (0.5860)  loss_bbox_2: 2.5614 (3.1010)  loss_giou_2: 2.3165 (2.5427)  loss_ce_dn_2: 0.2423 (0.4443)  loss_bbox_dn_2: 0.5692 (0.5581)  loss_giou_dn_2: 0.6699 (0.6674)  loss_ce_3: 0.4940 (0.5974)  loss_bbox_3: 2.5413 (3.0862)  loss_giou_3: 2.2951 (2.5350)  loss_ce_dn_3: 0.2515 (0.4540)  loss_bbox_dn_3: 0.5852 (0.5616)  loss_giou_dn_3: 0.6784 (0.6694)  loss_ce_4: 0.5003 (0.6118)  loss_bbox_4: 2.5157 (3.0721)  loss_giou_4: 2.2816 (2.5316)  loss_ce_dn_4: 0.2760 (0.4691)  loss_bbox_dn_4: 0.6044 (0.5657)  loss_giou_dn_4: 0.6851 (0.6718)  loss_ce_interm: 0.5319 (0.6982)  loss_bbox_interm: 2.6167 (3.1102)  loss_giou_interm: 2.3516 (2.5534)  loss_ce_dn_unscaled: 0.2863 (0.4953)  loss_bbox_dn_unscaled: 0.1250 (0.1141)  loss_giou_dn_unscaled: 0.3474 (0.3374)  loss_xy_dn_unscaled: 0.0372 (0.0374)  loss_hw_dn_unscaled: 0.0859 (0.0768)  cardinality_error_dn_unscaled: 183.0000 (180.3239)  loss_ce_unscaled: 0.5065 (0.6160)  class_error_unscaled: 29.6296 (32.4527)  loss_bbox_unscaled: 0.4993 (0.6129)  loss_giou_unscaled: 1.1283 (1.2624)  loss_xy_unscaled: 0.0867 (0.2000)  loss_hw_unscaled: 0.3888 (0.4129)  cardinality_error_unscaled: 290.6667 (290.2577)  loss_ce_0_unscaled: 0.4821 (0.6383)  loss_bbox_0_unscaled: 0.5305 (0.6328)  loss_giou_0_unscaled: 1.1837 (1.2822)  loss_xy_0_unscaled: 0.1006 (0.2125)  loss_hw_0_unscaled: 0.4081 (0.4204)  cardinality_error_0_unscaled: 290.6667 (286.1915)  loss_ce_dn_0_unscaled: 0.3143 (0.6434)  loss_bbox_dn_0_unscaled: 0.1092 (0.1108)  loss_giou_dn_0_unscaled: 0.3345 (0.3330)  loss_xy_dn_0_unscaled: 0.0370 (0.0368)  loss_hw_dn_0_unscaled: 0.0731 (0.0740)  cardinality_error_dn_0_unscaled: 183.0000 (170.2955)  loss_ce_1_unscaled: 0.4745 (0.5971)  loss_bbox_1_unscaled: 0.5190 (0.6254)  loss_giou_1_unscaled: 1.1729 (1.2754)  loss_xy_1_unscaled: 0.0938 (0.2065)  loss_hw_1_unscaled: 0.4039 (0.4189)  cardinality_error_1_unscaled: 290.0000 (282.6501)  loss_ce_dn_1_unscaled: 0.2537 (0.4927)  loss_bbox_dn_1_unscaled: 0.1112 (0.1111)  loss_giou_dn_1_unscaled: 0.3348 (0.3331)  loss_xy_dn_1_unscaled: 0.0370 (0.0369)  loss_hw_dn_1_unscaled: 0.0748 (0.0742)  cardinality_error_dn_1_unscaled: 183.0000 (170.7092)  loss_ce_2_unscaled: 0.4886 (0.5860)  loss_bbox_2_unscaled: 0.5123 (0.6202)  loss_giou_2_unscaled: 1.1582 (1.2714)  loss_xy_2_unscaled: 0.0934 (0.2027)  loss_hw_2_unscaled: 0.4000 (0.4175)  cardinality_error_2_unscaled: 289.6667 (289.8794)  loss_ce_dn_2_unscaled: 0.2423 (0.4443)  loss_bbox_dn_2_unscaled: 0.1138 (0.1116)  loss_giou_dn_2_unscaled: 0.3350 (0.3337)  loss_xy_dn_2_unscaled: 0.0371 (0.0370)  loss_hw_dn_2_unscaled: 0.0773 (0.0747)  cardinality_error_dn_2_unscaled: 183.0000 (180.9409)  loss_ce_3_unscaled: 0.4940 (0.5974)  loss_bbox_3_unscaled: 0.5083 (0.6172)  loss_giou_3_unscaled: 1.1475 (1.2675)  loss_xy_3_unscaled: 0.0913 (0.2014)  loss_hw_3_unscaled: 0.3961 (0.4159)  cardinality_error_3_unscaled: 290.0000 (290.2577)  loss_ce_dn_3_unscaled: 0.2515 (0.4540)  loss_bbox_dn_3_unscaled: 0.1170 (0.1123)  loss_giou_dn_3_unscaled: 0.3392 (0.3347)  loss_xy_dn_3_unscaled: 0.0371 (0.0371)  loss_hw_dn_3_unscaled: 0.0800 (0.0752)  cardinality_error_dn_3_unscaled: 183.0000 (180.9125)  loss_ce_4_unscaled: 0.5003 (0.6118)  loss_bbox_4_unscaled: 0.5031 (0.6144)  loss_giou_4_unscaled: 1.1408 (1.2658)  loss_xy_4_unscaled: 0.0876 (0.2001)  loss_hw_4_unscaled: 0.3924 (0.4143)  cardinality_error_4_unscaled: 290.0000 (290.5697)  loss_ce_dn_4_unscaled: 0.2760 (0.4691)  loss_bbox_dn_4_unscaled: 0.1209 (0.1131)  loss_giou_dn_4_unscaled: 0.3425 (0.3359)  loss_xy_dn_4_unscaled: 0.0372 (0.0372)  loss_hw_dn_4_unscaled: 0.0841 (0.0759)  cardinality_error_dn_4_unscaled: 183.0000 (180.9504)  loss_ce_interm_unscaled: 0.5319 (0.6982)  loss_bbox_interm_unscaled: 0.5233 (0.6220)  loss_giou_interm_unscaled: 1.1758 (1.2767)  loss_xy_interm_unscaled: 0.0866 (0.2019)  loss_hw_interm_unscaled: 0.4116 (0.4201)  cardinality_error_interm_unscaled: 290.6667 (285.6241)  time: 0.3507  data: 0.0003  max mem: 22869
Epoch: [0]  [   150/111901]  eta: 11:05:27  lr: 0.000015  class_error: 28.00  loss: 44.9974 (53.6038)  loss_ce_dn: 0.2788 (0.4804)  loss_bbox_dn: 0.6416 (0.5769)  loss_giou_dn: 0.6968 (0.6764)  loss_ce: 0.4928 (0.6082)  loss_bbox: 2.2195 (3.0124)  loss_giou: 2.1791 (2.4975)  loss_ce_0: 0.4623 (0.6271)  loss_bbox_0: 2.4025 (3.1190)  loss_giou_0: 2.2831 (2.5421)  loss_ce_dn_0: 0.2989 (0.6200)  loss_bbox_dn_0: 0.5135 (0.5532)  loss_giou_dn_0: 0.6678 (0.6655)  loss_ce_1: 0.4689 (0.5880)  loss_bbox_1: 2.3514 (3.0810)  loss_giou_1: 2.2635 (2.5276)  loss_ce_dn_1: 0.2362 (0.4754)  loss_bbox_dn_1: 0.5243 (0.5554)  loss_giou_dn_1: 0.6663 (0.6659)  loss_ce_2: 0.4700 (0.5783)  loss_bbox_2: 2.3084 (3.0541)  loss_giou_2: 2.2347 (2.5184)  loss_ce_dn_2: 0.2338 (0.4300)  loss_bbox_dn_2: 0.5467 (0.5591)  loss_giou_dn_2: 0.6699 (0.6673)  loss_ce_3: 0.4784 (0.5903)  loss_bbox_3: 2.2565 (3.0376)  loss_giou_3: 2.2125 (2.5095)  loss_ce_dn_3: 0.2373 (0.4396)  loss_bbox_dn_3: 0.5677 (0.5642)  loss_giou_dn_3: 0.6784 (0.6697)  loss_ce_4: 0.4882 (0.6043)  loss_bbox_4: 2.2394 (3.0214)  loss_giou_4: 2.1991 (2.5052)  loss_ce_dn_4: 0.2621 (0.4547)  loss_bbox_dn_4: 0.6044 (0.5701)  loss_giou_dn_4: 0.6864 (0.6727)  loss_ce_interm: 0.5278 (0.6870)  loss_bbox_interm: 2.3417 (3.0660)  loss_giou_interm: 2.2934 (2.5321)  loss_ce_dn_unscaled: 0.2788 (0.4804)  loss_bbox_dn_unscaled: 0.1283 (0.1154)  loss_giou_dn_unscaled: 0.3484 (0.3382)  loss_xy_dn_unscaled: 0.0347 (0.0373)  loss_hw_dn_unscaled: 0.0913 (0.0781)  cardinality_error_dn_unscaled: 183.3333 (180.5232)  loss_ce_unscaled: 0.4928 (0.6082)  class_error_unscaled: 31.0345 (32.2239)  loss_bbox_unscaled: 0.4439 (0.6025)  loss_giou_unscaled: 1.0896 (1.2488)  loss_xy_unscaled: 0.0787 (0.1920)  loss_hw_unscaled: 0.3609 (0.4105)  cardinality_error_unscaled: 289.6667 (290.1788)  loss_ce_0_unscaled: 0.4623 (0.6271)  loss_bbox_0_unscaled: 0.4805 (0.6238)  loss_giou_0_unscaled: 1.1416 (1.2711)  loss_xy_0_unscaled: 0.0908 (0.2043)  loss_hw_0_unscaled: 0.3838 (0.4195)  cardinality_error_0_unscaled: 290.0000 (286.4636)  loss_ce_dn_0_unscaled: 0.2989 (0.6200)  loss_bbox_dn_0_unscaled: 0.1027 (0.1106)  loss_giou_dn_0_unscaled: 0.3339 (0.3328)  loss_xy_dn_0_unscaled: 0.0347 (0.0368)  loss_hw_dn_0_unscaled: 0.0702 (0.0739)  cardinality_error_dn_0_unscaled: 183.3333 (171.1589)  loss_ce_1_unscaled: 0.4689 (0.5880)  loss_bbox_1_unscaled: 0.4703 (0.6162)  loss_giou_1_unscaled: 1.1318 (1.2638)  loss_xy_1_unscaled: 0.0887 (0.1984)  loss_hw_1_unscaled: 0.3796 (0.4178)  cardinality_error_1_unscaled: 289.6667 (283.0927)  loss_ce_dn_1_unscaled: 0.2362 (0.4754)  loss_bbox_dn_1_unscaled: 0.1049 (0.1111)  loss_giou_dn_1_unscaled: 0.3332 (0.3330)  loss_xy_dn_1_unscaled: 0.0347 (0.0368)  loss_hw_dn_1_unscaled: 0.0721 (0.0743)  cardinality_error_dn_1_unscaled: 183.3333 (171.5453)  loss_ce_2_unscaled: 0.4700 (0.5783)  loss_bbox_2_unscaled: 0.4617 (0.6108)  loss_giou_2_unscaled: 1.1174 (1.2592)  loss_xy_2_unscaled: 0.0863 (0.1948)  loss_hw_2_unscaled: 0.3751 (0.4160)  cardinality_error_2_unscaled: 288.6667 (289.7572)  loss_ce_dn_2_unscaled: 0.2338 (0.4300)  loss_bbox_dn_2_unscaled: 0.1093 (0.1118)  loss_giou_dn_2_unscaled: 0.3350 (0.3337)  loss_xy_dn_2_unscaled: 0.0346 (0.0369)  loss_hw_dn_2_unscaled: 0.0747 (0.0749)  cardinality_error_dn_2_unscaled: 183.3333 (181.0993)  loss_ce_3_unscaled: 0.4784 (0.5903)  loss_bbox_3_unscaled: 0.4513 (0.6075)  loss_giou_3_unscaled: 1.1062 (1.2547)  loss_xy_3_unscaled: 0.0827 (0.1934)  loss_hw_3_unscaled: 0.3697 (0.4141)  cardinality_error_3_unscaled: 289.3333 (290.1899)  loss_ce_dn_3_unscaled: 0.2373 (0.4396)  loss_bbox_dn_3_unscaled: 0.1135 (0.1128)  loss_giou_dn_3_unscaled: 0.3392 (0.3348)  loss_xy_dn_3_unscaled: 0.0346 (0.0370)  loss_hw_dn_3_unscaled: 0.0812 (0.0758)  cardinality_error_dn_3_unscaled: 183.3333 (181.0729)  loss_ce_4_unscaled: 0.4882 (0.6043)  loss_bbox_4_unscaled: 0.4479 (0.6043)  loss_giou_4_unscaled: 1.0996 (1.2526)  loss_xy_4_unscaled: 0.0796 (0.1921)  loss_hw_4_unscaled: 0.3654 (0.4122)  cardinality_error_4_unscaled: 290.0000 (290.5320)  loss_ce_dn_4_unscaled: 0.2621 (0.4547)  loss_bbox_dn_4_unscaled: 0.1209 (0.1140)  loss_giou_dn_4_unscaled: 0.3432 (0.3364)  loss_xy_dn_4_unscaled: 0.0346 (0.0371)  loss_hw_dn_4_unscaled: 0.0862 (0.0769)  cardinality_error_dn_4_unscaled: 183.3333 (181.1082)  loss_ce_interm_unscaled: 0.5278 (0.6870)  loss_bbox_interm_unscaled: 0.4683 (0.6132)  loss_giou_interm_unscaled: 1.1467 (1.2660)  loss_xy_interm_unscaled: 0.0804 (0.1937)  loss_hw_interm_unscaled: 0.3873 (0.4195)  cardinality_error_interm_unscaled: 290.0000 (285.9360)  time: 0.3333  data: 0.0003  max mem: 22869
Epoch: [0]  [   160/111901]  eta: 11:02:36  lr: 0.000016  class_error: 30.77  loss: 43.6535 (53.0077)  loss_ce_dn: 0.2729 (0.4669)  loss_bbox_dn: 0.6537 (0.5819)  loss_giou_dn: 0.7064 (0.6787)  loss_ce: 0.5052 (0.6039)  loss_bbox: 2.1786 (2.9627)  loss_giou: 2.0437 (2.4704)  loss_ce_0: 0.4679 (0.6184)  loss_bbox_0: 2.4287 (3.0766)  loss_giou_0: 2.1929 (2.5215)  loss_ce_dn_0: 0.2821 (0.5989)  loss_bbox_dn_0: 0.5246 (0.5522)  loss_giou_dn_0: 0.6586 (0.6654)  loss_ce_1: 0.4689 (0.5816)  loss_bbox_1: 2.4058 (3.0372)  loss_giou_1: 2.1512 (2.5058)  loss_ce_dn_1: 0.2300 (0.4600)  loss_bbox_dn_1: 0.5325 (0.5548)  loss_giou_dn_1: 0.6596 (0.6658)  loss_ce_2: 0.4802 (0.5739)  loss_bbox_2: 2.3253 (3.0091)  loss_giou_2: 2.1219 (2.4952)  loss_ce_dn_2: 0.2227 (0.4171)  loss_bbox_dn_2: 0.5480 (0.5595)  loss_giou_dn_2: 0.6628 (0.6675)  loss_ce_3: 0.4989 (0.5868)  loss_bbox_3: 2.2585 (2.9907)  loss_giou_3: 2.0882 (2.4849)  loss_ce_dn_3: 0.2390 (0.4267)  loss_bbox_dn_3: 0.5791 (0.5659)  loss_giou_dn_3: 0.6724 (0.6703)  loss_ce_4: 0.5092 (0.6005)  loss_bbox_4: 2.2283 (2.9733)  loss_giou_4: 2.0625 (2.4790)  loss_ce_dn_4: 0.2546 (0.4418)  loss_bbox_dn_4: 0.6157 (0.5733)  loss_giou_dn_4: 0.6874 (0.6741)  loss_ce_interm: 0.5287 (0.6775)  loss_bbox_interm: 2.3785 (3.0254)  loss_giou_interm: 2.2020 (2.5125)  loss_ce_dn_unscaled: 0.2729 (0.4669)  loss_bbox_dn_unscaled: 0.1307 (0.1164)  loss_giou_dn_unscaled: 0.3532 (0.3394)  loss_xy_dn_unscaled: 0.0353 (0.0372)  loss_hw_dn_unscaled: 0.0962 (0.0792)  cardinality_error_dn_unscaled: 185.3333 (180.3872)  loss_ce_unscaled: 0.5052 (0.6039)  class_error_unscaled: 29.0323 (32.1731)  loss_bbox_unscaled: 0.4357 (0.5925)  loss_giou_unscaled: 1.0218 (1.2352)  loss_xy_unscaled: 0.0724 (0.1847)  loss_hw_unscaled: 0.3669 (0.4079)  cardinality_error_unscaled: 289.0000 (289.6977)  loss_ce_0_unscaled: 0.4679 (0.6184)  loss_bbox_0_unscaled: 0.4857 (0.6153)  loss_giou_0_unscaled: 1.0964 (1.2608)  loss_xy_0_unscaled: 0.0786 (0.1969)  loss_hw_0_unscaled: 0.3971 (0.4185)  cardinality_error_0_unscaled: 290.6667 (286.7557)  loss_ce_dn_0_unscaled: 0.2821 (0.5989)  loss_bbox_dn_0_unscaled: 0.1049 (0.1104)  loss_giou_dn_0_unscaled: 0.3293 (0.3327)  loss_xy_dn_0_unscaled: 0.0350 (0.0367)  loss_hw_dn_0_unscaled: 0.0696 (0.0737)  cardinality_error_dn_0_unscaled: 185.3333 (171.7681)  loss_ce_1_unscaled: 0.4689 (0.5816)  loss_bbox_1_unscaled: 0.4812 (0.6074)  loss_giou_1_unscaled: 1.0756 (1.2529)  loss_xy_1_unscaled: 0.0779 (0.1911)  loss_hw_1_unscaled: 0.3915 (0.4164)  cardinality_error_1_unscaled: 289.0000 (283.3478)  loss_ce_dn_1_unscaled: 0.2300 (0.4600)  loss_bbox_dn_1_unscaled: 0.1065 (0.1110)  loss_giou_dn_1_unscaled: 0.3298 (0.3329)  loss_xy_dn_1_unscaled: 0.0350 (0.0368)  loss_hw_dn_1_unscaled: 0.0712 (0.0742)  cardinality_error_dn_1_unscaled: 185.3333 (172.1201)  loss_ce_2_unscaled: 0.4802 (0.5739)  loss_bbox_2_unscaled: 0.4651 (0.6018)  loss_giou_2_unscaled: 1.0610 (1.2476)  loss_xy_2_unscaled: 0.0758 (0.1875)  loss_hw_2_unscaled: 0.3837 (0.4143)  cardinality_error_2_unscaled: 286.3333 (289.3271)  loss_ce_dn_2_unscaled: 0.2227 (0.4171)  loss_bbox_dn_2_unscaled: 0.1096 (0.1119)  loss_giou_dn_2_unscaled: 0.3314 (0.3337)  loss_xy_dn_2_unscaled: 0.0350 (0.0369)  loss_hw_dn_2_unscaled: 0.0764 (0.0750)  cardinality_error_dn_2_unscaled: 183.3333 (180.9089)  loss_ce_3_unscaled: 0.4989 (0.5868)  loss_bbox_3_unscaled: 0.4517 (0.5981)  loss_giou_3_unscaled: 1.0441 (1.2425)  loss_xy_3_unscaled: 0.0742 (0.1861)  loss_hw_3_unscaled: 0.3773 (0.4120)  cardinality_error_3_unscaled: 287.0000 (289.7826)  loss_ce_dn_3_unscaled: 0.2390 (0.4267)  loss_bbox_dn_3_unscaled: 0.1158 (0.1132)  loss_giou_dn_3_unscaled: 0.3362 (0.3352)  loss_xy_dn_3_unscaled: 0.0351 (0.0370)  loss_hw_dn_3_unscaled: 0.0829 (0.0762)  cardinality_error_dn_3_unscaled: 183.3333 (180.9027)  loss_ce_4_unscaled: 0.5092 (0.6005)  loss_bbox_4_unscaled: 0.4457 (0.5947)  loss_giou_4_unscaled: 1.0313 (1.2395)  loss_xy_4_unscaled: 0.0711 (0.1849)  loss_hw_4_unscaled: 0.3720 (0.4098)  cardinality_error_4_unscaled: 290.0000 (290.5114)  loss_ce_dn_4_unscaled: 0.2546 (0.4418)  loss_bbox_dn_4_unscaled: 0.1231 (0.1147)  loss_giou_dn_4_unscaled: 0.3437 (0.3370)  loss_xy_dn_4_unscaled: 0.0352 (0.0371)  loss_hw_dn_4_unscaled: 0.0893 (0.0776)  cardinality_error_dn_4_unscaled: 185.3333 (181.0890)  loss_ce_interm_unscaled: 0.5287 (0.6775)  loss_bbox_interm_unscaled: 0.4757 (0.6051)  loss_giou_interm_unscaled: 1.1010 (1.2563)  loss_xy_interm_unscaled: 0.0710 (0.1863)  loss_hw_interm_unscaled: 0.4020 (0.4188)  cardinality_error_interm_unscaled: 290.6667 (286.2609)  time: 0.3280  data: 0.0003  max mem: 22869
Epoch: [0]  [   170/111901]  eta: 10:59:01  lr: 0.000017  class_error: 24.32  loss: 43.6956 (52.5007)  loss_ce_dn: 0.2795 (0.4576)  loss_bbox_dn: 0.6900 (0.5898)  loss_giou_dn: 0.7250 (0.6821)  loss_ce: 0.5170 (0.5994)  loss_bbox: 2.1106 (2.9171)  loss_giou: 1.9990 (2.4464)  loss_ce_0: 0.4679 (0.6089)  loss_bbox_0: 2.3461 (3.0402)  loss_giou_0: 2.1821 (2.5045)  loss_ce_dn_0: 0.2624 (0.5791)  loss_bbox_dn_0: 0.5261 (0.5520)  loss_giou_dn_0: 0.6666 (0.6654)  loss_ce_1: 0.4724 (0.5751)  loss_bbox_1: 2.2730 (2.9992)  loss_giou_1: 2.1383 (2.4879)  loss_ce_dn_1: 0.2221 (0.4460)  loss_bbox_dn_1: 0.5365 (0.5553)  loss_giou_dn_1: 0.6659 (0.6659)  loss_ce_2: 0.4903 (0.5697)  loss_bbox_2: 2.2379 (2.9696)  loss_giou_2: 2.1013 (2.4757)  loss_ce_dn_2: 0.2227 (0.4060)  loss_bbox_dn_2: 0.5637 (0.5613)  loss_giou_dn_2: 0.6692 (0.6680)  loss_ce_3: 0.5105 (0.5831)  loss_bbox_3: 2.1969 (2.9489)  loss_giou_3: 2.0552 (2.4637)  loss_ce_dn_3: 0.2431 (0.4169)  loss_bbox_dn_3: 0.6028 (0.5695)  loss_giou_dn_3: 0.6853 (0.6716)  loss_ce_4: 0.5217 (0.5962)  loss_bbox_4: 2.1525 (2.9296)  loss_giou_4: 2.0194 (2.4564)  loss_ce_dn_4: 0.2594 (0.4324)  loss_bbox_dn_4: 0.6448 (0.5790)  loss_giou_dn_4: 0.7052 (0.6763)  loss_ce_interm: 0.5199 (0.6678)  loss_bbox_interm: 2.3020 (2.9900)  loss_giou_interm: 2.2020 (2.4970)  loss_ce_dn_unscaled: 0.2795 (0.4576)  loss_bbox_dn_unscaled: 0.1380 (0.1180)  loss_giou_dn_unscaled: 0.3625 (0.3411)  loss_xy_dn_unscaled: 0.0355 (0.0372)  loss_hw_dn_unscaled: 0.0989 (0.0807)  cardinality_error_dn_unscaled: 179.0000 (179.1813)  loss_ce_unscaled: 0.5170 (0.5994)  class_error_unscaled: 32.0000 (32.3859)  loss_bbox_unscaled: 0.4221 (0.5834)  loss_giou_unscaled: 0.9995 (1.2232)  loss_xy_unscaled: 0.0640 (0.1772)  loss_hw_unscaled: 0.3614 (0.4062)  cardinality_error_unscaled: 268.3333 (286.7446)  loss_ce_0_unscaled: 0.4679 (0.6089)  loss_bbox_0_unscaled: 0.4692 (0.6080)  loss_giou_0_unscaled: 1.0910 (1.2522)  loss_xy_0_unscaled: 0.0677 (0.1893)  loss_hw_0_unscaled: 0.3971 (0.4188)  cardinality_error_0_unscaled: 290.6667 (286.9376)  loss_ce_dn_0_unscaled: 0.2624 (0.5791)  loss_bbox_dn_0_unscaled: 0.1052 (0.1104)  loss_giou_dn_0_unscaled: 0.3333 (0.3327)  loss_xy_dn_0_unscaled: 0.0353 (0.0368)  loss_hw_dn_0_unscaled: 0.0699 (0.0736)  cardinality_error_dn_0_unscaled: 183.3333 (172.1170)  loss_ce_1_unscaled: 0.4724 (0.5751)  loss_bbox_1_unscaled: 0.4546 (0.5998)  loss_giou_1_unscaled: 1.0692 (1.2439)  loss_xy_1_unscaled: 0.0656 (0.1835)  loss_hw_1_unscaled: 0.3915 (0.4163)  cardinality_error_1_unscaled: 280.3333 (282.3665)  loss_ce_dn_1_unscaled: 0.2221 (0.4460)  loss_bbox_dn_1_unscaled: 0.1073 (0.1111)  loss_giou_dn_1_unscaled: 0.3329 (0.3329)  loss_xy_dn_1_unscaled: 0.0353 (0.0368)  loss_hw_dn_1_unscaled: 0.0724 (0.0743)  cardinality_error_dn_1_unscaled: 180.0000 (172.3197)  loss_ce_2_unscaled: 0.4903 (0.5697)  loss_bbox_2_unscaled: 0.4476 (0.5939)  loss_giou_2_unscaled: 1.0506 (1.2378)  loss_xy_2_unscaled: 0.0618 (0.1803)  loss_hw_2_unscaled: 0.3837 (0.4137)  cardinality_error_2_unscaled: 263.0000 (285.0936)  loss_ce_dn_2_unscaled: 0.2227 (0.4060)  loss_bbox_dn_2_unscaled: 0.1127 (0.1123)  loss_giou_dn_2_unscaled: 0.3346 (0.3340)  loss_xy_dn_2_unscaled: 0.0353 (0.0369)  loss_hw_dn_2_unscaled: 0.0781 (0.0754)  cardinality_error_dn_2_unscaled: 172.3333 (180.3567)  loss_ce_3_unscaled: 0.5105 (0.5831)  loss_bbox_3_unscaled: 0.4394 (0.5898)  loss_giou_3_unscaled: 1.0276 (1.2318)  loss_xy_3_unscaled: 0.0646 (0.1787)  loss_hw_3_unscaled: 0.3762 (0.4111)  cardinality_error_3_unscaled: 274.3333 (284.2047)  loss_ce_dn_3_unscaled: 0.2431 (0.4169)  loss_bbox_dn_3_unscaled: 0.1206 (0.1139)  loss_giou_dn_3_unscaled: 0.3427 (0.3358)  loss_xy_dn_3_unscaled: 0.0353 (0.0370)  loss_hw_dn_3_unscaled: 0.0835 (0.0769)  cardinality_error_dn_3_unscaled: 168.3333 (179.1150)  loss_ce_4_unscaled: 0.5217 (0.5962)  loss_bbox_4_unscaled: 0.4305 (0.5859)  loss_giou_4_unscaled: 1.0097 (1.2282)  loss_xy_4_unscaled: 0.0616 (0.1774)  loss_hw_4_unscaled: 0.3687 (0.4085)  cardinality_error_4_unscaled: 284.3333 (286.9142)  loss_ce_dn_4_unscaled: 0.2594 (0.4324)  loss_bbox_dn_4_unscaled: 0.1290 (0.1158)  loss_giou_dn_4_unscaled: 0.3526 (0.3382)  loss_xy_dn_4_unscaled: 0.0354 (0.0371)  loss_hw_dn_4_unscaled: 0.0909 (0.0787)  cardinality_error_dn_4_unscaled: 172.3333 (180.2086)  loss_ce_interm_unscaled: 0.5199 (0.6678)  loss_bbox_interm_unscaled: 0.4604 (0.5980)  loss_giou_interm_unscaled: 1.1010 (1.2485)  loss_xy_interm_unscaled: 0.0556 (0.1785)  loss_hw_interm_unscaled: 0.4020 (0.4195)  cardinality_error_interm_unscaled: 290.6667 (286.4756)  time: 0.3283  data: 0.0003  max mem: 22869
Epoch: [0]  [   180/111901]  eta: 10:56:05  lr: 0.000018  class_error: 44.00  loss: 42.9534 (51.9549)  loss_ce_dn: 0.3040 (0.4491)  loss_bbox_dn: 0.7587 (0.6008)  loss_giou_dn: 0.7430 (0.6866)  loss_ce: 0.5384 (0.5990)  loss_bbox: 2.0308 (2.8661)  loss_giou: 1.8860 (2.4153)  loss_ce_0: 0.4707 (0.6026)  loss_bbox_0: 2.2861 (2.9997)  loss_giou_0: 2.0992 (2.4813)  loss_ce_dn_0: 0.2615 (0.5632)  loss_bbox_dn_0: 0.5387 (0.5517)  loss_giou_dn_0: 0.6611 (0.6652)  loss_ce_1: 0.4888 (0.5709)  loss_bbox_1: 2.2249 (2.9568)  loss_giou_1: 2.0496 (2.4634)  loss_ce_dn_1: 0.2221 (0.4346)  loss_bbox_dn_1: 0.5578 (0.5562)  loss_giou_dn_1: 0.6648 (0.6661)  loss_ce_2: 0.4909 (0.5668)  loss_bbox_2: 2.1757 (2.9250)  loss_giou_2: 2.0060 (2.4491)  loss_ce_dn_2: 0.2272 (0.3968)  loss_bbox_dn_2: 0.5940 (0.5643)  loss_giou_dn_2: 0.6768 (0.6689)  loss_ce_3: 0.5278 (0.5812)  loss_bbox_3: 2.1031 (2.9019)  loss_giou_3: 1.9604 (2.4353)  loss_ce_dn_3: 0.2507 (0.4078)  loss_bbox_dn_3: 0.6444 (0.5752)  loss_giou_dn_3: 0.6993 (0.6737)  loss_ce_4: 0.5363 (0.5955)  loss_bbox_4: 2.0551 (2.8804)  loss_giou_4: 1.9138 (2.4264)  loss_ce_dn_4: 0.2720 (0.4243)  loss_bbox_dn_4: 0.6937 (0.5874)  loss_giou_dn_4: 0.7177 (0.6796)  loss_ce_interm: 0.5202 (0.6608)  loss_bbox_interm: 2.2834 (2.9507)  loss_giou_interm: 2.1165 (2.4755)  loss_ce_dn_unscaled: 0.3040 (0.4491)  loss_bbox_dn_unscaled: 0.1517 (0.1202)  loss_giou_dn_unscaled: 0.3715 (0.3433)  loss_xy_dn_unscaled: 0.0368 (0.0372)  loss_hw_dn_unscaled: 0.1141 (0.0829)  cardinality_error_dn_unscaled: 179.0000 (179.1216)  loss_ce_unscaled: 0.5384 (0.5990)  class_error_unscaled: 40.0000 (33.0798)  loss_bbox_unscaled: 0.4062 (0.5732)  loss_giou_unscaled: 0.9430 (1.2076)  loss_xy_unscaled: 0.0500 (0.1704)  loss_hw_unscaled: 0.3476 (0.4028)  cardinality_error_unscaled: 286.6667 (286.9503)  loss_ce_0_unscaled: 0.4707 (0.6026)  loss_bbox_0_unscaled: 0.4572 (0.5999)  loss_giou_0_unscaled: 1.0496 (1.2407)  loss_xy_0_unscaled: 0.0629 (0.1824)  loss_hw_0_unscaled: 0.3926 (0.4176)  cardinality_error_0_unscaled: 290.6667 (287.1326)  loss_ce_dn_0_unscaled: 0.2615 (0.5632)  loss_bbox_dn_0_unscaled: 0.1077 (0.1103)  loss_giou_dn_0_unscaled: 0.3306 (0.3326)  loss_xy_dn_0_unscaled: 0.0366 (0.0368)  loss_hw_dn_0_unscaled: 0.0707 (0.0736)  cardinality_error_dn_0_unscaled: 182.3333 (172.4475)  loss_ce_1_unscaled: 0.4888 (0.5709)  loss_bbox_1_unscaled: 0.4450 (0.5914)  loss_giou_1_unscaled: 1.0248 (1.2317)  loss_xy_1_unscaled: 0.0588 (0.1768)  loss_hw_1_unscaled: 0.3826 (0.4146)  cardinality_error_1_unscaled: 277.3333 (282.6059)  loss_ce_dn_1_unscaled: 0.2221 (0.4346)  loss_bbox_dn_1_unscaled: 0.1116 (0.1112)  loss_giou_dn_1_unscaled: 0.3324 (0.3330)  loss_xy_dn_1_unscaled: 0.0367 (0.0368)  loss_hw_dn_1_unscaled: 0.0745 (0.0744)  cardinality_error_dn_1_unscaled: 180.0000 (172.6041)  loss_ce_2_unscaled: 0.4909 (0.5668)  loss_bbox_2_unscaled: 0.4351 (0.5850)  loss_giou_2_unscaled: 1.0030 (1.2245)  loss_xy_2_unscaled: 0.0560 (0.1736)  loss_hw_2_unscaled: 0.3735 (0.4114)  cardinality_error_2_unscaled: 278.0000 (285.2228)  loss_ce_dn_2_unscaled: 0.2272 (0.3968)  loss_bbox_dn_2_unscaled: 0.1188 (0.1129)  loss_giou_dn_2_unscaled: 0.3384 (0.3345)  loss_xy_dn_2_unscaled: 0.0368 (0.0369)  loss_hw_dn_2_unscaled: 0.0816 (0.0760)  cardinality_error_dn_2_unscaled: 177.3333 (180.1971)  loss_ce_3_unscaled: 0.5278 (0.5812)  loss_bbox_3_unscaled: 0.4206 (0.5804)  loss_giou_3_unscaled: 0.9802 (1.2176)  loss_xy_3_unscaled: 0.0513 (0.1720)  loss_hw_3_unscaled: 0.3617 (0.4084)  cardinality_error_3_unscaled: 268.0000 (284.3278)  loss_ce_dn_3_unscaled: 0.2507 (0.4078)  loss_bbox_dn_3_unscaled: 0.1289 (0.1150)  loss_giou_dn_3_unscaled: 0.3496 (0.3368)  loss_xy_dn_3_unscaled: 0.0368 (0.0370)  loss_hw_dn_3_unscaled: 0.0912 (0.0780)  cardinality_error_dn_3_unscaled: 173.6667 (179.0295)  loss_ce_4_unscaled: 0.5363 (0.5955)  loss_bbox_4_unscaled: 0.4110 (0.5761)  loss_giou_4_unscaled: 0.9569 (1.2132)  loss_xy_4_unscaled: 0.0505 (0.1706)  loss_hw_4_unscaled: 0.3545 (0.4055)  cardinality_error_4_unscaled: 284.3333 (287.1087)  loss_ce_dn_4_unscaled: 0.2720 (0.4243)  loss_bbox_dn_4_unscaled: 0.1387 (0.1175)  loss_giou_dn_4_unscaled: 0.3589 (0.3398)  loss_xy_dn_4_unscaled: 0.0368 (0.0371)  loss_hw_dn_4_unscaled: 0.1028 (0.0804)  cardinality_error_dn_4_unscaled: 174.0000 (180.0902)  loss_ce_interm_unscaled: 0.5202 (0.6608)  loss_bbox_interm_unscaled: 0.4567 (0.5901)  loss_giou_interm_unscaled: 1.0582 (1.2377)  loss_xy_interm_unscaled: 0.0491 (0.1716)  loss_hw_interm_unscaled: 0.4011 (0.4185)  cardinality_error_interm_unscaled: 290.6667 (286.6980)  time: 0.3247  data: 0.0003  max mem: 22869
Epoch: [0]  [   190/111901]  eta: 10:52:56  lr: 0.000019  class_error: 27.03  loss: 41.3184 (51.4312)  loss_ce_dn: 0.2658 (0.4389)  loss_bbox_dn: 0.7701 (0.6089)  loss_giou_dn: 0.7547 (0.6899)  loss_ce: 0.5209 (0.5939)  loss_bbox: 1.9144 (2.8203)  loss_giou: 1.8511 (2.3878)  loss_ce_0: 0.4598 (0.5942)  loss_bbox_0: 2.2760 (2.9639)  loss_giou_0: 2.0541 (2.4622)  loss_ce_dn_0: 0.2557 (0.5468)  loss_bbox_dn_0: 0.5421 (0.5516)  loss_giou_dn_0: 0.6553 (0.6648)  loss_ce_1: 0.4646 (0.5650)  loss_bbox_1: 2.1953 (2.9191)  loss_giou_1: 2.0226 (2.4425)  loss_ce_dn_1: 0.2154 (0.4227)  loss_bbox_dn_1: 0.5615 (0.5567)  loss_giou_dn_1: 0.6588 (0.6659)  loss_ce_2: 0.4836 (0.5615)  loss_bbox_2: 2.1178 (2.8852)  loss_giou_2: 1.9841 (2.4262)  loss_ce_dn_2: 0.2134 (0.3868)  loss_bbox_dn_2: 0.6023 (0.5663)  loss_giou_dn_2: 0.6790 (0.6693)  loss_ce_3: 0.4940 (0.5761)  loss_bbox_3: 2.0403 (2.8599)  loss_giou_3: 1.9299 (2.4104)  loss_ce_dn_3: 0.2240 (0.3974)  loss_bbox_dn_3: 0.6568 (0.5791)  loss_giou_dn_3: 0.7032 (0.6749)  loss_ce_4: 0.5139 (0.5904)  loss_bbox_4: 1.9685 (2.8365)  loss_giou_4: 1.8861 (2.4000)  loss_ce_dn_4: 0.2525 (0.4139)  loss_bbox_dn_4: 0.7120 (0.5933)  loss_giou_dn_4: 0.7279 (0.6818)  loss_ce_interm: 0.5194 (0.6528)  loss_bbox_interm: 2.2741 (2.9164)  loss_giou_interm: 2.0888 (2.4577)  loss_ce_dn_unscaled: 0.2658 (0.4389)  loss_bbox_dn_unscaled: 0.1540 (0.1218)  loss_giou_dn_unscaled: 0.3773 (0.3450)  loss_xy_dn_unscaled: 0.0359 (0.0371)  loss_hw_dn_unscaled: 0.1200 (0.0846)  cardinality_error_dn_unscaled: 181.6667 (178.9564)  loss_ce_unscaled: 0.5209 (0.5939)  class_error_unscaled: 30.4348 (32.7589)  loss_bbox_unscaled: 0.3829 (0.5641)  loss_giou_unscaled: 0.9255 (1.1939)  loss_xy_unscaled: 0.0493 (0.1643)  loss_hw_unscaled: 0.3293 (0.3998)  cardinality_error_unscaled: 290.6667 (287.0820)  loss_ce_0_unscaled: 0.4598 (0.5942)  loss_bbox_0_unscaled: 0.4552 (0.5928)  loss_giou_0_unscaled: 1.0271 (1.2311)  loss_xy_0_unscaled: 0.0591 (0.1762)  loss_hw_0_unscaled: 0.3832 (0.4166)  cardinality_error_0_unscaled: 291.0000 (287.2897)  loss_ce_dn_0_unscaled: 0.2557 (0.5468)  loss_bbox_dn_0_unscaled: 0.1084 (0.1103)  loss_giou_dn_0_unscaled: 0.3276 (0.3324)  loss_xy_dn_0_unscaled: 0.0359 (0.0367)  loss_hw_dn_0_unscaled: 0.0715 (0.0736)  cardinality_error_dn_0_unscaled: 181.6667 (172.6510)  loss_ce_1_unscaled: 0.4646 (0.5650)  loss_bbox_1_unscaled: 0.4391 (0.5838)  loss_giou_1_unscaled: 1.0113 (1.2212)  loss_xy_1_unscaled: 0.0561 (0.1706)  loss_hw_1_unscaled: 0.3713 (0.4132)  cardinality_error_1_unscaled: 287.3333 (282.7278)  loss_ce_dn_1_unscaled: 0.2154 (0.4227)  loss_bbox_dn_1_unscaled: 0.1123 (0.1113)  loss_giou_dn_1_unscaled: 0.3294 (0.3329)  loss_xy_dn_1_unscaled: 0.0359 (0.0368)  loss_hw_dn_1_unscaled: 0.0753 (0.0746)  cardinality_error_dn_1_unscaled: 177.3333 (172.7714)  loss_ce_2_unscaled: 0.4836 (0.5615)  loss_bbox_2_unscaled: 0.4236 (0.5770)  loss_giou_2_unscaled: 0.9920 (1.2131)  loss_xy_2_unscaled: 0.0551 (0.1675)  loss_hw_2_unscaled: 0.3586 (0.4095)  cardinality_error_2_unscaled: 288.6667 (285.3456)  loss_ce_dn_2_unscaled: 0.2134 (0.3868)  loss_bbox_dn_2_unscaled: 0.1205 (0.1133)  loss_giou_dn_2_unscaled: 0.3395 (0.3347)  loss_xy_dn_2_unscaled: 0.0359 (0.0368)  loss_hw_dn_2_unscaled: 0.0847 (0.0764)  cardinality_error_dn_2_unscaled: 179.0000 (179.9738)  loss_ce_3_unscaled: 0.4940 (0.5761)  loss_bbox_3_unscaled: 0.4081 (0.5720)  loss_giou_3_unscaled: 0.9649 (1.2052)  loss_xy_3_unscaled: 0.0503 (0.1659)  loss_hw_3_unscaled: 0.3462 (0.4061)  cardinality_error_3_unscaled: 288.6667 (284.4834)  loss_ce_dn_3_unscaled: 0.2240 (0.3974)  loss_bbox_dn_3_unscaled: 0.1314 (0.1158)  loss_giou_dn_3_unscaled: 0.3516 (0.3375)  loss_xy_dn_3_unscaled: 0.0359 (0.0369)  loss_hw_dn_3_unscaled: 0.0973 (0.0789)  cardinality_error_dn_3_unscaled: 178.6667 (178.8517)  loss_ce_4_unscaled: 0.5139 (0.5904)  loss_bbox_4_unscaled: 0.3937 (0.5673)  loss_giou_4_unscaled: 0.9430 (1.2000)  loss_xy_4_unscaled: 0.0504 (0.1645)  loss_hw_4_unscaled: 0.3360 (0.4028)  cardinality_error_4_unscaled: 291.0000 (287.2356)  loss_ce_dn_4_unscaled: 0.2525 (0.4139)  loss_bbox_dn_4_unscaled: 0.1424 (0.1187)  loss_giou_dn_4_unscaled: 0.3639 (0.3409)  loss_xy_dn_4_unscaled: 0.0359 (0.0370)  loss_hw_dn_4_unscaled: 0.1084 (0.0816)  cardinality_error_dn_4_unscaled: 181.6667 (179.8726)  loss_ce_interm_unscaled: 0.5194 (0.6528)  loss_bbox_interm_unscaled: 0.4548 (0.5833)  loss_giou_interm_unscaled: 1.0444 (1.2289)  loss_xy_interm_unscaled: 0.0476 (0.1653)  loss_hw_interm_unscaled: 0.3933 (0.4180)  cardinality_error_interm_unscaled: 291.0000 (286.8778)  time: 0.3233  data: 0.0003  max mem: 22869
Epoch: [0]  [   200/111901]  eta: 10:50:13  lr: 0.000020  class_error: 29.03  loss: 40.7121 (50.9303)  loss_ce_dn: 0.2389 (0.4284)  loss_bbox_dn: 0.7784 (0.6178)  loss_giou_dn: 0.7631 (0.6936)  loss_ce: 0.5051 (0.5897)  loss_bbox: 1.8655 (2.7731)  loss_giou: 1.7751 (2.3610)  loss_ce_0: 0.4394 (0.5867)  loss_bbox_0: 2.2173 (2.9286)  loss_giou_0: 2.0227 (2.4441)  loss_ce_dn_0: 0.2351 (0.5314)  loss_bbox_dn_0: 0.5421 (0.5519)  loss_giou_dn_0: 0.6624 (0.6648)  loss_ce_1: 0.4577 (0.5594)  loss_bbox_1: 2.1016 (2.8820)  loss_giou_1: 1.9630 (2.4225)  loss_ce_dn_1: 0.2011 (0.4118)  loss_bbox_dn_1: 0.5637 (0.5581)  loss_giou_dn_1: 0.6686 (0.6661)  loss_ce_2: 0.4690 (0.5569)  loss_bbox_2: 2.0220 (2.8456)  loss_giou_2: 1.9038 (2.4043)  loss_ce_dn_2: 0.1983 (0.3775)  loss_bbox_dn_2: 0.6074 (0.5693)  loss_giou_dn_2: 0.6850 (0.6702)  loss_ce_3: 0.4911 (0.5722)  loss_bbox_3: 1.9606 (2.8171)  loss_giou_3: 1.8609 (2.3866)  loss_ce_dn_3: 0.2071 (0.3878)  loss_bbox_dn_3: 0.6609 (0.5840)  loss_giou_dn_3: 0.7139 (0.6767)  loss_ce_4: 0.5024 (0.5865)  loss_bbox_4: 1.9022 (2.7914)  loss_giou_4: 1.8137 (2.3745)  loss_ce_dn_4: 0.2204 (0.4038)  loss_bbox_dn_4: 0.7142 (0.6001)  loss_giou_dn_4: 0.7366 (0.6845)  loss_ce_interm: 0.5024 (0.6453)  loss_bbox_interm: 2.1772 (2.8830)  loss_giou_interm: 2.0493 (2.4416)  loss_ce_dn_unscaled: 0.2389 (0.4284)  loss_bbox_dn_unscaled: 0.1557 (0.1236)  loss_giou_dn_unscaled: 0.3816 (0.3468)  loss_xy_dn_unscaled: 0.0348 (0.0371)  loss_hw_dn_unscaled: 0.1237 (0.0865)  cardinality_error_dn_unscaled: 175.0000 (178.9071)  loss_ce_unscaled: 0.5051 (0.5897)  class_error_unscaled: 23.5294 (32.2973)  loss_bbox_unscaled: 0.3731 (0.5546)  loss_giou_unscaled: 0.8875 (1.1805)  loss_xy_unscaled: 0.0452 (0.1584)  loss_hw_unscaled: 0.3274 (0.3962)  cardinality_error_unscaled: 290.0000 (287.0763)  loss_ce_0_unscaled: 0.4394 (0.5867)  loss_bbox_0_unscaled: 0.4435 (0.5857)  loss_giou_0_unscaled: 1.0113 (1.2220)  loss_xy_0_unscaled: 0.0563 (0.1703)  loss_hw_0_unscaled: 0.3746 (0.4154)  cardinality_error_0_unscaled: 290.0000 (287.3814)  loss_ce_dn_0_unscaled: 0.2351 (0.5314)  loss_bbox_dn_0_unscaled: 0.1084 (0.1104)  loss_giou_dn_0_unscaled: 0.3312 (0.3324)  loss_xy_dn_0_unscaled: 0.0346 (0.0367)  loss_hw_dn_0_unscaled: 0.0730 (0.0737)  cardinality_error_dn_0_unscaled: 175.0000 (172.9635)  loss_ce_1_unscaled: 0.4577 (0.5594)  loss_bbox_1_unscaled: 0.4203 (0.5764)  loss_giou_1_unscaled: 0.9815 (1.2112)  loss_xy_1_unscaled: 0.0521 (0.1649)  loss_hw_1_unscaled: 0.3654 (0.4115)  cardinality_error_1_unscaled: 287.3333 (282.9420)  loss_ce_dn_1_unscaled: 0.2011 (0.4118)  loss_bbox_dn_1_unscaled: 0.1127 (0.1116)  loss_giou_dn_1_unscaled: 0.3343 (0.3331)  loss_xy_dn_1_unscaled: 0.0347 (0.0367)  loss_hw_dn_1_unscaled: 0.0780 (0.0749)  cardinality_error_dn_1_unscaled: 175.0000 (173.0614)  loss_ce_2_unscaled: 0.4690 (0.5569)  loss_bbox_2_unscaled: 0.4044 (0.5691)  loss_giou_2_unscaled: 0.9519 (1.2021)  loss_xy_2_unscaled: 0.0512 (0.1618)  loss_hw_2_unscaled: 0.3549 (0.4073)  cardinality_error_2_unscaled: 287.3333 (285.3715)  loss_ce_dn_2_unscaled: 0.1983 (0.3775)  loss_bbox_dn_2_unscaled: 0.1215 (0.1139)  loss_giou_dn_2_unscaled: 0.3425 (0.3351)  loss_xy_dn_2_unscaled: 0.0347 (0.0368)  loss_hw_dn_2_unscaled: 0.0875 (0.0771)  cardinality_error_dn_2_unscaled: 175.0000 (179.8723)  loss_ce_3_unscaled: 0.4911 (0.5722)  loss_bbox_3_unscaled: 0.3921 (0.5634)  loss_giou_3_unscaled: 0.9305 (1.1933)  loss_xy_3_unscaled: 0.0487 (0.1601)  loss_hw_3_unscaled: 0.3444 (0.4033)  cardinality_error_3_unscaled: 288.0000 (284.6269)  loss_ce_dn_3_unscaled: 0.2071 (0.3878)  loss_bbox_dn_3_unscaled: 0.1322 (0.1168)  loss_giou_dn_3_unscaled: 0.3570 (0.3383)  loss_xy_dn_3_unscaled: 0.0348 (0.0369)  loss_hw_dn_3_unscaled: 0.0977 (0.0799)  cardinality_error_dn_3_unscaled: 174.3333 (178.7645)  loss_ce_4_unscaled: 0.5024 (0.5865)  loss_bbox_4_unscaled: 0.3804 (0.5583)  loss_giou_4_unscaled: 0.9069 (1.1873)  loss_xy_4_unscaled: 0.0462 (0.1587)  loss_hw_4_unscaled: 0.3356 (0.3996)  cardinality_error_4_unscaled: 290.0000 (287.3052)  loss_ce_dn_4_unscaled: 0.2204 (0.4038)  loss_bbox_dn_4_unscaled: 0.1428 (0.1200)  loss_giou_dn_4_unscaled: 0.3683 (0.3422)  loss_xy_dn_4_unscaled: 0.0348 (0.0370)  loss_hw_dn_4_unscaled: 0.1106 (0.0831)  cardinality_error_dn_4_unscaled: 174.6667 (179.8010)  loss_ce_interm_unscaled: 0.5024 (0.6453)  loss_bbox_interm_unscaled: 0.4354 (0.5766)  loss_giou_interm_unscaled: 1.0247 (1.2208)  loss_xy_interm_unscaled: 0.0460 (0.1593)  loss_hw_interm_unscaled: 0.3826 (0.4173)  cardinality_error_interm_unscaled: 290.0000 (286.9901)  time: 0.3213  data: 0.0003  max mem: 22869
Epoch: [0]  [   210/111901]  eta: 10:46:16  lr: 0.000021  class_error: 32.35  loss: 39.6266 (50.3960)  loss_ce_dn: 0.2249 (0.4191)  loss_bbox_dn: 0.7900 (0.6267)  loss_giou_dn: 0.7828 (0.6975)  loss_ce: 0.5022 (0.5856)  loss_bbox: 1.7254 (2.7224)  loss_giou: 1.7635 (2.3297)  loss_ce_0: 0.4353 (0.5799)  loss_bbox_0: 2.0764 (2.8925)  loss_giou_0: 2.0190 (2.4238)  loss_ce_dn_0: 0.2304 (0.5173)  loss_bbox_dn_0: 0.5419 (0.5516)  loss_giou_dn_0: 0.6588 (0.6645)  loss_ce_1: 0.4568 (0.5544)  loss_bbox_1: 2.0198 (2.8426)  loss_giou_1: 1.9630 (2.4001)  loss_ce_dn_1: 0.1985 (0.4018)  loss_bbox_dn_1: 0.5675 (0.5589)  loss_giou_dn_1: 0.6721 (0.6662)  loss_ce_2: 0.4713 (0.5526)  loss_bbox_2: 1.9158 (2.8032)  loss_giou_2: 1.9038 (2.3791)  loss_ce_dn_2: 0.1972 (0.3691)  loss_bbox_dn_2: 0.6131 (0.5719)  loss_giou_dn_2: 0.6850 (0.6710)  loss_ce_3: 0.4853 (0.5680)  loss_bbox_3: 1.8275 (2.7711)  loss_giou_3: 1.8507 (2.3593)  loss_ce_dn_3: 0.2004 (0.3789)  loss_bbox_dn_3: 0.6667 (0.5887)  loss_giou_dn_3: 0.7139 (0.6785)  loss_ce_4: 0.5024 (0.5821)  loss_bbox_4: 1.7732 (2.7429)  loss_giou_4: 1.7987 (2.3452)  loss_ce_dn_4: 0.2070 (0.3947)  loss_bbox_dn_4: 0.7263 (0.6067)  loss_giou_dn_4: 0.7467 (0.6873)  loss_ce_interm: 0.4995 (0.6387)  loss_bbox_interm: 2.0693 (2.8488)  loss_giou_interm: 2.0433 (2.4237)  loss_ce_dn_unscaled: 0.2249 (0.4191)  loss_bbox_dn_unscaled: 0.1580 (0.1253)  loss_giou_dn_unscaled: 0.3914 (0.3488)  loss_xy_dn_unscaled: 0.0348 (0.0370)  loss_hw_dn_unscaled: 0.1238 (0.0883)  cardinality_error_dn_unscaled: 171.6667 (178.1216)  loss_ce_unscaled: 0.5022 (0.5856)  class_error_unscaled: 25.0000 (32.0843)  loss_bbox_unscaled: 0.3451 (0.5445)  loss_giou_unscaled: 0.8818 (1.1648)  loss_xy_unscaled: 0.0451 (0.1532)  loss_hw_unscaled: 0.2998 (0.3913)  cardinality_error_unscaled: 286.0000 (286.2954)  loss_ce_0_unscaled: 0.4353 (0.5799)  loss_bbox_0_unscaled: 0.4153 (0.5785)  loss_giou_0_unscaled: 1.0095 (1.2119)  loss_xy_0_unscaled: 0.0541 (0.1650)  loss_hw_0_unscaled: 0.3556 (0.4135)  cardinality_error_0_unscaled: 289.6667 (287.4834)  loss_ce_dn_0_unscaled: 0.2304 (0.5173)  loss_bbox_dn_0_unscaled: 0.1084 (0.1103)  loss_giou_dn_0_unscaled: 0.3294 (0.3322)  loss_xy_dn_0_unscaled: 0.0345 (0.0366)  loss_hw_dn_0_unscaled: 0.0722 (0.0737)  cardinality_error_dn_0_unscaled: 181.0000 (173.2085)  loss_ce_1_unscaled: 0.4568 (0.5544)  loss_bbox_1_unscaled: 0.4040 (0.5685)  loss_giou_1_unscaled: 0.9815 (1.2000)  loss_xy_1_unscaled: 0.0525 (0.1597)  loss_hw_1_unscaled: 0.3437 (0.4089)  cardinality_error_1_unscaled: 286.0000 (282.8436)  loss_ce_dn_1_unscaled: 0.1985 (0.4018)  loss_bbox_dn_1_unscaled: 0.1135 (0.1118)  loss_giou_dn_1_unscaled: 0.3361 (0.3331)  loss_xy_dn_1_unscaled: 0.0347 (0.0367)  loss_hw_dn_1_unscaled: 0.0783 (0.0751)  cardinality_error_dn_1_unscaled: 180.6667 (173.2291)  loss_ce_2_unscaled: 0.4713 (0.5526)  loss_bbox_2_unscaled: 0.3832 (0.5606)  loss_giou_2_unscaled: 0.9519 (1.1895)  loss_xy_2_unscaled: 0.0487 (0.1567)  loss_hw_2_unscaled: 0.3325 (0.4040)  cardinality_error_2_unscaled: 284.0000 (284.7725)  loss_ce_dn_2_unscaled: 0.1972 (0.3691)  loss_bbox_dn_2_unscaled: 0.1226 (0.1144)  loss_giou_dn_2_unscaled: 0.3425 (0.3355)  loss_xy_dn_2_unscaled: 0.0347 (0.0367)  loss_hw_dn_2_unscaled: 0.0877 (0.0776)  cardinality_error_dn_2_unscaled: 180.6667 (179.6904)  loss_ce_3_unscaled: 0.4853 (0.5680)  loss_bbox_3_unscaled: 0.3655 (0.5542)  loss_giou_3_unscaled: 0.9253 (1.1797)  loss_xy_3_unscaled: 0.0475 (0.1550)  loss_hw_3_unscaled: 0.3173 (0.3993)  cardinality_error_3_unscaled: 284.6667 (284.0269)  loss_ce_dn_3_unscaled: 0.2004 (0.3789)  loss_bbox_dn_3_unscaled: 0.1333 (0.1177)  loss_giou_dn_3_unscaled: 0.3570 (0.3393)  loss_xy_dn_3_unscaled: 0.0347 (0.0368)  loss_hw_dn_3_unscaled: 0.1004 (0.0809)  cardinality_error_dn_3_unscaled: 174.3333 (178.2465)  loss_ce_4_unscaled: 0.5024 (0.5821)  loss_bbox_4_unscaled: 0.3546 (0.5486)  loss_giou_4_unscaled: 0.8994 (1.1726)  loss_xy_4_unscaled: 0.0459 (0.1535)  loss_hw_4_unscaled: 0.3085 (0.3951)  cardinality_error_4_unscaled: 287.0000 (286.7599)  loss_ce_dn_4_unscaled: 0.2070 (0.3947)  loss_bbox_dn_4_unscaled: 0.1453 (0.1213)  loss_giou_dn_4_unscaled: 0.3733 (0.3436)  loss_xy_dn_4_unscaled: 0.0347 (0.0369)  loss_hw_dn_4_unscaled: 0.1125 (0.0844)  cardinality_error_dn_4_unscaled: 174.6667 (179.1754)  loss_ce_interm_unscaled: 0.4995 (0.6387)  loss_bbox_interm_unscaled: 0.4139 (0.5698)  loss_giou_interm_unscaled: 1.0217 (1.2118)  loss_xy_interm_unscaled: 0.0396 (0.1539)  loss_hw_interm_unscaled: 0.3747 (0.4159)  cardinality_error_interm_unscaled: 289.6667 (287.1106)  time: 0.3136  data: 0.0003  max mem: 22869
Epoch: [0]  [   220/111901]  eta: 10:42:38  lr: 0.000022  class_error: 30.56  loss: 38.3450 (49.8207)  loss_ce_dn: 0.2281 (0.4107)  loss_bbox_dn: 0.8479 (0.6381)  loss_giou_dn: 0.7997 (0.7030)  loss_ce: 0.4906 (0.5828)  loss_bbox: 1.3766 (2.6609)  loss_giou: 1.6014 (2.2954)  loss_ce_0: 0.4481 (0.5747)  loss_bbox_0: 2.0148 (2.8507)  loss_giou_0: 2.0020 (2.4031)  loss_ce_dn_0: 0.2370 (0.5051)  loss_bbox_dn_0: 0.5159 (0.5505)  loss_giou_dn_0: 0.6571 (0.6643)  loss_ce_1: 0.4520 (0.5507)  loss_bbox_1: 1.8496 (2.7967)  loss_giou_1: 1.9171 (2.3764)  loss_ce_dn_1: 0.1985 (0.3930)  loss_bbox_dn_1: 0.5604 (0.5595)  loss_giou_dn_1: 0.6689 (0.6665)  loss_ce_2: 0.4653 (0.5495)  loss_bbox_2: 1.6944 (2.7529)  loss_giou_2: 1.8138 (2.3519)  loss_ce_dn_2: 0.1978 (0.3618)  loss_bbox_dn_2: 0.6131 (0.5748)  loss_giou_dn_2: 0.6925 (0.6724)  loss_ce_3: 0.4739 (0.5650)  loss_bbox_3: 1.5346 (2.7165)  loss_giou_3: 1.7188 (2.3290)  loss_ce_dn_3: 0.2004 (0.3711)  loss_bbox_dn_3: 0.6936 (0.5945)  loss_giou_dn_3: 0.7280 (0.6813)  loss_ce_4: 0.4788 (0.5788)  loss_bbox_4: 1.4413 (2.6843)  loss_giou_4: 1.6471 (2.3126)  loss_ce_dn_4: 0.2070 (0.3865)  loss_bbox_dn_4: 0.7733 (0.6150)  loss_giou_dn_4: 0.7661 (0.6913)  loss_ce_interm: 0.4995 (0.6336)  loss_bbox_interm: 2.0171 (2.8097)  loss_giou_interm: 2.0678 (2.4060)  loss_ce_dn_unscaled: 0.2281 (0.4107)  loss_bbox_dn_unscaled: 0.1696 (0.1276)  loss_giou_dn_unscaled: 0.3998 (0.3515)  loss_xy_dn_unscaled: 0.0343 (0.0369)  loss_hw_dn_unscaled: 0.1347 (0.0907)  cardinality_error_dn_unscaled: 171.0000 (177.9125)  loss_ce_unscaled: 0.4906 (0.5828)  class_error_unscaled: 28.1250 (32.2344)  loss_bbox_unscaled: 0.2753 (0.5322)  loss_giou_unscaled: 0.8007 (1.1477)  loss_xy_unscaled: 0.0491 (0.1487)  loss_hw_unscaled: 0.2262 (0.3835)  cardinality_error_unscaled: 286.6667 (285.9638)  loss_ce_0_unscaled: 0.4481 (0.5747)  loss_bbox_0_unscaled: 0.4030 (0.5701)  loss_giou_0_unscaled: 1.0010 (1.2016)  loss_xy_0_unscaled: 0.0617 (0.1605)  loss_hw_0_unscaled: 0.3223 (0.4097)  cardinality_error_0_unscaled: 289.0000 (287.5792)  loss_ce_dn_0_unscaled: 0.2370 (0.5051)  loss_bbox_dn_0_unscaled: 0.1032 (0.1101)  loss_giou_dn_0_unscaled: 0.3285 (0.3321)  loss_xy_dn_0_unscaled: 0.0342 (0.0365)  loss_hw_dn_0_unscaled: 0.0699 (0.0736)  cardinality_error_dn_0_unscaled: 181.0000 (173.4947)  loss_ce_1_unscaled: 0.4520 (0.5507)  loss_bbox_1_unscaled: 0.3699 (0.5593)  loss_giou_1_unscaled: 0.9585 (1.1882)  loss_xy_1_unscaled: 0.0539 (0.1552)  loss_hw_1_unscaled: 0.2988 (0.4042)  cardinality_error_1_unscaled: 281.6667 (282.6953)  loss_ce_dn_1_unscaled: 0.1985 (0.3930)  loss_bbox_dn_1_unscaled: 0.1121 (0.1119)  loss_giou_dn_1_unscaled: 0.3345 (0.3332)  loss_xy_dn_1_unscaled: 0.0343 (0.0366)  loss_hw_dn_1_unscaled: 0.0770 (0.0753)  cardinality_error_dn_1_unscaled: 178.0000 (173.3469)  loss_ce_2_unscaled: 0.4653 (0.5495)  loss_bbox_2_unscaled: 0.3389 (0.5506)  loss_giou_2_unscaled: 0.9069 (1.1759)  loss_xy_2_unscaled: 0.0533 (0.1522)  loss_hw_2_unscaled: 0.2721 (0.3983)  cardinality_error_2_unscaled: 277.6667 (284.3545)  loss_ce_dn_2_unscaled: 0.1978 (0.3618)  loss_bbox_dn_2_unscaled: 0.1226 (0.1150)  loss_giou_dn_2_unscaled: 0.3462 (0.3362)  loss_xy_dn_2_unscaled: 0.0343 (0.0366)  loss_hw_dn_2_unscaled: 0.0899 (0.0783)  cardinality_error_dn_2_unscaled: 177.6667 (179.3424)  loss_ce_3_unscaled: 0.4739 (0.5650)  loss_bbox_3_unscaled: 0.3069 (0.5433)  loss_giou_3_unscaled: 0.8594 (1.1645)  loss_xy_3_unscaled: 0.0508 (0.1505)  loss_hw_3_unscaled: 0.2502 (0.3928)  cardinality_error_3_unscaled: 280.0000 (283.6546)  loss_ce_dn_3_unscaled: 0.2004 (0.3711)  loss_bbox_dn_3_unscaled: 0.1387 (0.1189)  loss_giou_dn_3_unscaled: 0.3640 (0.3407)  loss_xy_dn_3_unscaled: 0.0343 (0.0367)  loss_hw_dn_3_unscaled: 0.1068 (0.0822)  cardinality_error_dn_3_unscaled: 169.6667 (177.6968)  loss_ce_4_unscaled: 0.4788 (0.5788)  loss_bbox_4_unscaled: 0.2883 (0.5369)  loss_giou_4_unscaled: 0.8236 (1.1563)  loss_xy_4_unscaled: 0.0505 (0.1491)  loss_hw_4_unscaled: 0.2383 (0.3878)  cardinality_error_4_unscaled: 285.0000 (286.4359)  loss_ce_dn_4_unscaled: 0.2070 (0.3865)  loss_bbox_dn_4_unscaled: 0.1547 (0.1230)  loss_giou_dn_4_unscaled: 0.3831 (0.3457)  loss_xy_dn_4_unscaled: 0.0343 (0.0368)  loss_hw_dn_4_unscaled: 0.1208 (0.0862)  cardinality_error_dn_4_unscaled: 174.3333 (178.8673)  loss_ce_interm_unscaled: 0.4995 (0.6336)  loss_bbox_interm_unscaled: 0.4034 (0.5619)  loss_giou_interm_unscaled: 1.0339 (1.2030)  loss_xy_interm_unscaled: 0.0453 (0.1492)  loss_hw_interm_unscaled: 0.3416 (0.4127)  cardinality_error_interm_unscaled: 289.0000 (287.2293)  time: 0.3050  data: 0.0003  max mem: 22869
Epoch: [0]  [   230/111901]  eta: 10:38:57  lr: 0.000023  class_error: 11.11  loss: 36.7016 (49.2341)  loss_ce_dn: 0.2190 (0.4025)  loss_bbox_dn: 0.8194 (0.6443)  loss_giou_dn: 0.7997 (0.7064)  loss_ce: 0.4844 (0.5787)  loss_bbox: 1.3187 (2.6081)  loss_giou: 1.4851 (2.2607)  loss_ce_0: 0.4521 (0.5696)  loss_bbox_0: 1.9191 (2.8119)  loss_giou_0: 1.8707 (2.3798)  loss_ce_dn_0: 0.2320 (0.4930)  loss_bbox_dn_0: 0.5159 (0.5496)  loss_giou_dn_0: 0.6531 (0.6639)  loss_ce_1: 0.4605 (0.5471)  loss_bbox_1: 1.7386 (2.7531)  loss_giou_1: 1.7560 (2.3489)  loss_ce_dn_1: 0.1965 (0.3841)  loss_bbox_dn_1: 0.5673 (0.5601)  loss_giou_dn_1: 0.6716 (0.6668)  loss_ce_2: 0.4710 (0.5462)  loss_bbox_2: 1.5843 (2.7042)  loss_giou_2: 1.6459 (2.3204)  loss_ce_dn_2: 0.1893 (0.3540)  loss_bbox_dn_2: 0.6353 (0.5771)  loss_giou_dn_2: 0.7009 (0.6736)  loss_ce_3: 0.4805 (0.5614)  loss_bbox_3: 1.4297 (2.6634)  loss_giou_3: 1.5948 (2.2951)  loss_ce_dn_3: 0.1845 (0.3631)  loss_bbox_dn_3: 0.6998 (0.5984)  loss_giou_dn_3: 0.7324 (0.6835)  loss_ce_4: 0.4945 (0.5751)  loss_bbox_4: 1.3439 (2.6302)  loss_giou_4: 1.5392 (2.2777)  loss_ce_dn_4: 0.1962 (0.3784)  loss_bbox_dn_4: 0.7572 (0.6200)  loss_giou_dn_4: 0.7652 (0.6941)  loss_ce_interm: 0.5107 (0.6288)  loss_bbox_interm: 1.9833 (2.7749)  loss_giou_interm: 1.9578 (2.3859)  loss_ce_dn_unscaled: 0.2190 (0.4025)  loss_bbox_dn_unscaled: 0.1639 (0.1289)  loss_giou_dn_unscaled: 0.3999 (0.3532)  loss_xy_dn_unscaled: 0.0347 (0.0368)  loss_hw_dn_unscaled: 0.1304 (0.0921)  cardinality_error_dn_unscaled: 176.3333 (177.5180)  loss_ce_unscaled: 0.4844 (0.5787)  class_error_unscaled: 28.1250 (31.9218)  loss_bbox_unscaled: 0.2637 (0.5216)  loss_giou_unscaled: 0.7425 (1.1304)  loss_xy_unscaled: 0.0585 (0.1450)  loss_hw_unscaled: 0.1996 (0.3766)  cardinality_error_unscaled: 286.6667 (285.0000)  loss_ce_0_unscaled: 0.4521 (0.5696)  loss_bbox_0_unscaled: 0.3838 (0.5624)  loss_giou_0_unscaled: 0.9354 (1.1899)  loss_xy_0_unscaled: 0.0677 (0.1567)  loss_hw_0_unscaled: 0.3096 (0.4057)  cardinality_error_0_unscaled: 289.6667 (287.6955)  loss_ce_dn_0_unscaled: 0.2320 (0.4930)  loss_bbox_dn_0_unscaled: 0.1032 (0.1099)  loss_giou_dn_0_unscaled: 0.3266 (0.3320)  loss_xy_dn_0_unscaled: 0.0345 (0.0364)  loss_hw_dn_0_unscaled: 0.0699 (0.0735)  cardinality_error_dn_0_unscaled: 181.6667 (173.8802)  loss_ce_1_unscaled: 0.4605 (0.5471)  loss_bbox_1_unscaled: 0.3477 (0.5506)  loss_giou_1_unscaled: 0.8780 (1.1744)  loss_xy_1_unscaled: 0.0637 (0.1515)  loss_hw_1_unscaled: 0.2758 (0.3992)  cardinality_error_1_unscaled: 281.3333 (282.1746)  loss_ce_dn_1_unscaled: 0.1965 (0.3841)  loss_bbox_dn_1_unscaled: 0.1135 (0.1120)  loss_giou_dn_1_unscaled: 0.3358 (0.3334)  loss_xy_dn_1_unscaled: 0.0346 (0.0365)  loss_hw_dn_1_unscaled: 0.0794 (0.0755)  cardinality_error_dn_1_unscaled: 178.0000 (173.5613)  loss_ce_2_unscaled: 0.4710 (0.5462)  loss_bbox_2_unscaled: 0.3169 (0.5408)  loss_giou_2_unscaled: 0.8229 (1.1602)  loss_xy_2_unscaled: 0.0602 (0.1486)  loss_hw_2_unscaled: 0.2405 (0.3923)  cardinality_error_2_unscaled: 277.6667 (283.4069)  loss_ce_dn_2_unscaled: 0.1893 (0.3540)  loss_bbox_dn_2_unscaled: 0.1271 (0.1154)  loss_giou_dn_2_unscaled: 0.3504 (0.3368)  loss_xy_dn_2_unscaled: 0.0346 (0.0365)  loss_hw_dn_2_unscaled: 0.0918 (0.0789)  cardinality_error_dn_2_unscaled: 171.6667 (178.8543)  loss_ce_3_unscaled: 0.4805 (0.5614)  loss_bbox_3_unscaled: 0.2859 (0.5327)  loss_giou_3_unscaled: 0.7974 (1.1475)  loss_xy_3_unscaled: 0.0560 (0.1468)  loss_hw_3_unscaled: 0.2214 (0.3859)  cardinality_error_3_unscaled: 280.0000 (282.6479)  loss_ce_dn_3_unscaled: 0.1845 (0.3631)  loss_bbox_dn_3_unscaled: 0.1400 (0.1197)  loss_giou_dn_3_unscaled: 0.3662 (0.3417)  loss_xy_dn_3_unscaled: 0.0347 (0.0366)  loss_hw_dn_3_unscaled: 0.1070 (0.0831)  cardinality_error_dn_3_unscaled: 168.6667 (177.0880)  loss_ce_4_unscaled: 0.4945 (0.5751)  loss_bbox_4_unscaled: 0.2688 (0.5260)  loss_giou_4_unscaled: 0.7696 (1.1389)  loss_xy_4_unscaled: 0.0583 (0.1453)  loss_hw_4_unscaled: 0.2117 (0.3807)  cardinality_error_4_unscaled: 285.0000 (285.3478)  loss_ce_dn_4_unscaled: 0.1962 (0.3784)  loss_bbox_dn_4_unscaled: 0.1514 (0.1240)  loss_giou_dn_4_unscaled: 0.3826 (0.3470)  loss_xy_dn_4_unscaled: 0.0347 (0.0367)  loss_hw_dn_4_unscaled: 0.1161 (0.0873)  cardinality_error_dn_4_unscaled: 175.0000 (178.2872)  loss_ce_interm_unscaled: 0.5107 (0.6288)  loss_bbox_interm_unscaled: 0.3967 (0.5550)  loss_giou_interm_unscaled: 0.9789 (1.1930)  loss_xy_interm_unscaled: 0.0534 (0.1453)  loss_hw_interm_unscaled: 0.3396 (0.4097)  cardinality_error_interm_unscaled: 290.0000 (287.3838)  time: 0.3025  data: 0.0003  max mem: 22869
Epoch: [0]  [   240/111901]  eta: 10:37:35  lr: 0.000024  class_error: 29.73  loss: 35.1855 (48.6070)  loss_ce_dn: 0.2232 (0.3959)  loss_bbox_dn: 0.7122 (0.6456)  loss_giou_dn: 0.7432 (0.7065)  loss_ce: 0.4809 (0.5755)  loss_bbox: 1.4081 (2.5572)  loss_giou: 1.4737 (2.2270)  loss_ce_0: 0.4397 (0.5645)  loss_bbox_0: 1.8891 (2.7684)  loss_giou_0: 1.8075 (2.3525)  loss_ce_dn_0: 0.2025 (0.4813)  loss_bbox_dn_0: 0.5426 (0.5492)  loss_giou_dn_0: 0.6584 (0.6637)  loss_ce_1: 0.4543 (0.5432)  loss_bbox_1: 1.7039 (2.7025)  loss_giou_1: 1.6673 (2.3169)  loss_ce_dn_1: 0.1760 (0.3758)  loss_bbox_dn_1: 0.5825 (0.5611)  loss_giou_dn_1: 0.6705 (0.6670)  loss_ce_2: 0.4547 (0.5424)  loss_bbox_2: 1.5036 (2.6504)  loss_giou_2: 1.5387 (2.2860)  loss_ce_dn_2: 0.1719 (0.3468)  loss_bbox_dn_2: 0.6296 (0.5788)  loss_giou_dn_2: 0.6893 (0.6741)  loss_ce_3: 0.4644 (0.5576)  loss_bbox_3: 1.3802 (2.6100)  loss_giou_3: 1.4578 (2.2606)  loss_ce_dn_3: 0.1839 (0.3565)  loss_bbox_dn_3: 0.6738 (0.6002)  loss_giou_dn_3: 0.7092 (0.6840)  loss_ce_4: 0.4829 (0.5717)  loss_bbox_4: 1.3222 (2.5780)  loss_giou_4: 1.4680 (2.2436)  loss_ce_dn_4: 0.1981 (0.3719)  loss_bbox_dn_4: 0.6910 (0.6214)  loss_giou_dn_4: 0.7254 (0.6944)  loss_ce_interm: 0.4950 (0.6235)  loss_bbox_interm: 1.9833 (2.7378)  loss_giou_interm: 1.9219 (2.3636)  loss_ce_dn_unscaled: 0.2232 (0.3959)  loss_bbox_dn_unscaled: 0.1424 (0.1291)  loss_giou_dn_unscaled: 0.3716 (0.3533)  loss_xy_dn_unscaled: 0.0353 (0.0368)  loss_hw_dn_unscaled: 0.1076 (0.0924)  cardinality_error_dn_unscaled: 176.3333 (177.5685)  loss_ce_unscaled: 0.4809 (0.5755)  class_error_unscaled: 24.1379 (31.6553)  loss_bbox_unscaled: 0.2816 (0.5114)  loss_giou_unscaled: 0.7368 (1.1135)  loss_xy_unscaled: 0.0598 (0.1418)  loss_hw_unscaled: 0.2170 (0.3697)  cardinality_error_unscaled: 288.6667 (285.1950)  loss_ce_0_unscaled: 0.4397 (0.5645)  loss_bbox_0_unscaled: 0.3778 (0.5537)  loss_giou_0_unscaled: 0.9038 (1.1762)  loss_xy_0_unscaled: 0.0684 (0.1530)  loss_hw_0_unscaled: 0.3080 (0.4006)  cardinality_error_0_unscaled: 289.6667 (287.7787)  loss_ce_dn_0_unscaled: 0.2025 (0.4813)  loss_bbox_dn_0_unscaled: 0.1085 (0.1098)  loss_giou_dn_0_unscaled: 0.3292 (0.3319)  loss_xy_dn_0_unscaled: 0.0351 (0.0364)  loss_hw_dn_0_unscaled: 0.0723 (0.0734)  cardinality_error_dn_0_unscaled: 182.3333 (174.0830)  loss_ce_1_unscaled: 0.4543 (0.5432)  loss_bbox_1_unscaled: 0.3408 (0.5405)  loss_giou_1_unscaled: 0.8336 (1.1584)  loss_xy_1_unscaled: 0.0665 (0.1480)  loss_hw_1_unscaled: 0.2703 (0.3925)  cardinality_error_1_unscaled: 283.6667 (282.2974)  loss_ce_dn_1_unscaled: 0.1760 (0.3758)  loss_bbox_dn_1_unscaled: 0.1165 (0.1122)  loss_giou_dn_1_unscaled: 0.3352 (0.3335)  loss_xy_dn_1_unscaled: 0.0351 (0.0364)  loss_hw_dn_1_unscaled: 0.0816 (0.0758)  cardinality_error_dn_1_unscaled: 177.0000 (173.7109)  loss_ce_2_unscaled: 0.4547 (0.5424)  loss_bbox_2_unscaled: 0.3007 (0.5301)  loss_giou_2_unscaled: 0.7694 (1.1430)  loss_xy_2_unscaled: 0.0662 (0.1452)  loss_hw_2_unscaled: 0.2377 (0.3848)  cardinality_error_2_unscaled: 282.0000 (283.4758)  loss_ce_dn_2_unscaled: 0.1719 (0.3468)  loss_bbox_dn_2_unscaled: 0.1259 (0.1158)  loss_giou_dn_2_unscaled: 0.3447 (0.3371)  loss_xy_dn_2_unscaled: 0.0351 (0.0365)  loss_hw_dn_2_unscaled: 0.0904 (0.0793)  cardinality_error_dn_2_unscaled: 175.3333 (178.7953)  loss_ce_3_unscaled: 0.4644 (0.5576)  loss_bbox_3_unscaled: 0.2760 (0.5220)  loss_giou_3_unscaled: 0.7289 (1.1303)  loss_xy_3_unscaled: 0.0610 (0.1435)  loss_hw_3_unscaled: 0.2214 (0.3786)  cardinality_error_3_unscaled: 284.0000 (282.6860)  loss_ce_dn_3_unscaled: 0.1839 (0.3565)  loss_bbox_dn_3_unscaled: 0.1348 (0.1200)  loss_giou_dn_3_unscaled: 0.3546 (0.3420)  loss_xy_dn_3_unscaled: 0.0352 (0.0366)  loss_hw_dn_3_unscaled: 0.0989 (0.0835)  cardinality_error_dn_3_unscaled: 173.6667 (177.0346)  loss_ce_4_unscaled: 0.4829 (0.5717)  loss_bbox_4_unscaled: 0.2644 (0.5156)  loss_giou_4_unscaled: 0.7340 (1.1218)  loss_xy_4_unscaled: 0.0602 (0.1421)  loss_hw_4_unscaled: 0.2117 (0.3735)  cardinality_error_4_unscaled: 288.6667 (285.5339)  loss_ce_dn_4_unscaled: 0.1981 (0.3719)  loss_bbox_dn_4_unscaled: 0.1382 (0.1243)  loss_giou_dn_4_unscaled: 0.3627 (0.3472)  loss_xy_dn_4_unscaled: 0.0353 (0.0367)  loss_hw_dn_4_unscaled: 0.1035 (0.0876)  cardinality_error_dn_4_unscaled: 179.6667 (178.2877)  loss_ce_interm_unscaled: 0.4950 (0.6235)  loss_bbox_interm_unscaled: 0.3967 (0.5476)  loss_giou_interm_unscaled: 0.9609 (1.1818)  loss_xy_interm_unscaled: 0.0552 (0.1417)  loss_hw_interm_unscaled: 0.3254 (0.4058)  cardinality_error_interm_unscaled: 290.0000 (287.4910)  time: 0.3133  data: 0.0003  max mem: 22869
Epoch: [0]  [   250/111901]  eta: 10:36:12  lr: 0.000025  class_error: 24.14  loss: 34.7867 (48.0598)  loss_ce_dn: 0.2469 (0.3903)  loss_bbox_dn: 0.6346 (0.6447)  loss_giou_dn: 0.6958 (0.7058)  loss_ce: 0.4832 (0.5729)  loss_bbox: 1.4285 (2.5161)  loss_giou: 1.4970 (2.2016)  loss_ce_0: 0.4397 (0.5602)  loss_bbox_0: 1.6700 (2.7217)  loss_giou_0: 1.7132 (2.3252)  loss_ce_dn_0: 0.2110 (0.4710)  loss_bbox_dn_0: 0.5453 (0.5499)  loss_giou_dn_0: 0.6623 (0.6639)  loss_ce_1: 0.4494 (0.5398)  loss_bbox_1: 1.5617 (2.6548)  loss_giou_1: 1.5905 (2.2886)  loss_ce_dn_1: 0.1848 (0.3686)  loss_bbox_dn_1: 0.5816 (0.5623)  loss_giou_dn_1: 0.6688 (0.6673)  loss_ce_2: 0.4602 (0.5395)  loss_bbox_2: 1.4510 (2.6057)  loss_giou_2: 1.5538 (2.2590)  loss_ce_dn_2: 0.1886 (0.3413)  loss_bbox_dn_2: 0.6006 (0.5797)  loss_giou_dn_2: 0.6756 (0.6744)  loss_ce_3: 0.4704 (0.5549)  loss_bbox_3: 1.4123 (2.5669)  loss_giou_3: 1.5161 (2.2344)  loss_ce_dn_3: 0.2106 (0.3511)  loss_bbox_dn_3: 0.6186 (0.6005)  loss_giou_dn_3: 0.6862 (0.6839)  loss_ce_4: 0.4834 (0.5690)  loss_bbox_4: 1.4260 (2.5361)  loss_giou_4: 1.4991 (2.2176)  loss_ce_dn_4: 0.2331 (0.3668)  loss_bbox_dn_4: 0.6219 (0.6212)  loss_giou_dn_4: 0.6904 (0.6940)  loss_ce_interm: 0.4996 (0.6193)  loss_bbox_interm: 1.8015 (2.6988)  loss_giou_interm: 1.8226 (2.3408)  loss_ce_dn_unscaled: 0.2469 (0.3903)  loss_bbox_dn_unscaled: 0.1269 (0.1289)  loss_giou_dn_unscaled: 0.3479 (0.3529)  loss_xy_dn_unscaled: 0.0352 (0.0367)  loss_hw_dn_unscaled: 0.0914 (0.0922)  cardinality_error_dn_unscaled: 172.3333 (177.3825)  loss_ce_unscaled: 0.4832 (0.5729)  class_error_unscaled: 26.4706 (31.4838)  loss_bbox_unscaled: 0.2857 (0.5032)  loss_giou_unscaled: 0.7485 (1.1008)  loss_xy_unscaled: 0.0695 (0.1391)  loss_hw_unscaled: 0.2244 (0.3641)  cardinality_error_unscaled: 290.0000 (285.3944)  loss_ce_0_unscaled: 0.4397 (0.5602)  loss_bbox_0_unscaled: 0.3340 (0.5443)  loss_giou_0_unscaled: 0.8566 (1.1626)  loss_xy_0_unscaled: 0.0664 (0.1499)  loss_hw_0_unscaled: 0.2534 (0.3944)  cardinality_error_0_unscaled: 289.6667 (287.8539)  loss_ce_dn_0_unscaled: 0.2110 (0.4710)  loss_bbox_dn_0_unscaled: 0.1091 (0.1100)  loss_giou_dn_0_unscaled: 0.3311 (0.3319)  loss_xy_dn_0_unscaled: 0.0351 (0.0364)  loss_hw_dn_0_unscaled: 0.0742 (0.0736)  cardinality_error_dn_0_unscaled: 172.3333 (174.0412)  loss_ce_1_unscaled: 0.4494 (0.5398)  loss_bbox_1_unscaled: 0.3123 (0.5310)  loss_giou_1_unscaled: 0.7952 (1.1443)  loss_xy_1_unscaled: 0.0694 (0.1450)  loss_hw_1_unscaled: 0.2377 (0.3859)  cardinality_error_1_unscaled: 285.3333 (282.3719)  loss_ce_dn_1_unscaled: 0.1848 (0.3686)  loss_bbox_dn_1_unscaled: 0.1163 (0.1125)  loss_giou_dn_1_unscaled: 0.3344 (0.3337)  loss_xy_dn_1_unscaled: 0.0351 (0.0364)  loss_hw_dn_1_unscaled: 0.0810 (0.0760)  cardinality_error_dn_1_unscaled: 172.0000 (173.5843)  loss_ce_2_unscaled: 0.4602 (0.5395)  loss_bbox_2_unscaled: 0.2902 (0.5211)  loss_giou_2_unscaled: 0.7769 (1.1295)  loss_xy_2_unscaled: 0.0686 (0.1425)  loss_hw_2_unscaled: 0.2232 (0.3786)  cardinality_error_2_unscaled: 284.0000 (283.1819)  loss_ce_dn_2_unscaled: 0.1886 (0.3413)  loss_bbox_dn_2_unscaled: 0.1201 (0.1159)  loss_giou_dn_2_unscaled: 0.3378 (0.3372)  loss_xy_dn_2_unscaled: 0.0351 (0.0365)  loss_hw_dn_2_unscaled: 0.0847 (0.0795)  cardinality_error_dn_2_unscaled: 172.3333 (178.3201)  loss_ce_3_unscaled: 0.4704 (0.5549)  loss_bbox_3_unscaled: 0.2825 (0.5134)  loss_giou_3_unscaled: 0.7581 (1.1172)  loss_xy_3_unscaled: 0.0685 (0.1408)  loss_hw_3_unscaled: 0.2248 (0.3726)  cardinality_error_3_unscaled: 288.3333 (282.8699)  loss_ce_dn_3_unscaled: 0.2106 (0.3511)  loss_bbox_dn_3_unscaled: 0.1237 (0.1201)  loss_giou_dn_3_unscaled: 0.3431 (0.3420)  loss_xy_dn_3_unscaled: 0.0352 (0.0365)  loss_hw_dn_3_unscaled: 0.0872 (0.0836)  cardinality_error_dn_3_unscaled: 171.6667 (176.7995)  loss_ce_4_unscaled: 0.4834 (0.5690)  loss_bbox_4_unscaled: 0.2852 (0.5072)  loss_giou_4_unscaled: 0.7495 (1.1088)  loss_xy_4_unscaled: 0.0698 (0.1394)  loss_hw_4_unscaled: 0.2209 (0.3678)  cardinality_error_4_unscaled: 289.3333 (285.6839)  loss_ce_dn_4_unscaled: 0.2331 (0.3668)  loss_bbox_dn_4_unscaled: 0.1244 (0.1242)  loss_giou_dn_4_unscaled: 0.3452 (0.3470)  loss_xy_dn_4_unscaled: 0.0352 (0.0366)  loss_hw_dn_4_unscaled: 0.0889 (0.0876)  cardinality_error_dn_4_unscaled: 172.3333 (178.0305)  loss_ce_interm_unscaled: 0.4996 (0.6193)  loss_bbox_interm_unscaled: 0.3603 (0.5398)  loss_giou_interm_unscaled: 0.9113 (1.1704)  loss_xy_interm_unscaled: 0.0575 (0.1386)  loss_hw_interm_unscaled: 0.3002 (0.4011)  cardinality_error_interm_unscaled: 290.0000 (287.6003)  time: 0.3255  data: 0.0003  max mem: 22869
Epoch: [0]  [   260/111901]  eta: 10:36:39  lr: 0.000026  class_error: 43.75  loss: 33.8849 (47.5158)  loss_ce_dn: 0.2234 (0.3843)  loss_bbox_dn: 0.5847 (0.6417)  loss_giou_dn: 0.6734 (0.7042)  loss_ce: 0.4881 (0.5696)  loss_bbox: 1.5013 (2.4780)  loss_giou: 1.5440 (2.1778)  loss_ce_0: 0.4372 (0.5561)  loss_bbox_0: 1.5615 (2.6771)  loss_giou_0: 1.5807 (2.2975)  loss_ce_dn_0: 0.2144 (0.4617)  loss_bbox_dn_0: 0.5486 (0.5501)  loss_giou_dn_0: 0.6606 (0.6638)  loss_ce_1: 0.4573 (0.5368)  loss_bbox_1: 1.5590 (2.6140)  loss_giou_1: 1.5905 (2.2620)  loss_ce_dn_1: 0.1928 (0.3620)  loss_bbox_dn_1: 0.5607 (0.5622)  loss_giou_dn_1: 0.6661 (0.6671)  loss_ce_2: 0.4651 (0.5366)  loss_bbox_2: 1.5491 (2.5661)  loss_giou_2: 1.5674 (2.2334)  loss_ce_dn_2: 0.1957 (0.3361)  loss_bbox_dn_2: 0.5646 (0.5790)  loss_giou_dn_2: 0.6669 (0.6739)  loss_ce_3: 0.4816 (0.5519)  loss_bbox_3: 1.5261 (2.5279)  loss_giou_3: 1.5584 (2.2094)  loss_ce_dn_3: 0.2106 (0.3455)  loss_bbox_dn_3: 0.5707 (0.5991)  loss_giou_dn_3: 0.6698 (0.6831)  loss_ce_4: 0.4834 (0.5655)  loss_bbox_4: 1.5080 (2.4975)  loss_giou_4: 1.5541 (2.1933)  loss_ce_dn_4: 0.2093 (0.3608)  loss_bbox_dn_4: 0.5791 (0.6190)  loss_giou_dn_4: 0.6716 (0.6929)  loss_ce_interm: 0.5106 (0.6154)  loss_bbox_interm: 1.4366 (2.6510)  loss_giou_interm: 1.6409 (2.3123)  loss_ce_dn_unscaled: 0.2234 (0.3843)  loss_bbox_dn_unscaled: 0.1169 (0.1283)  loss_giou_dn_unscaled: 0.3367 (0.3521)  loss_xy_dn_unscaled: 0.0346 (0.0367)  loss_hw_dn_unscaled: 0.0810 (0.0917)  cardinality_error_dn_unscaled: 171.0000 (177.2720)  loss_ce_unscaled: 0.4881 (0.5696)  class_error_unscaled: 24.1379 (31.2430)  loss_bbox_unscaled: 0.3003 (0.4956)  loss_giou_unscaled: 0.7720 (1.0889)  loss_xy_unscaled: 0.0636 (0.1364)  loss_hw_unscaled: 0.2308 (0.3592)  cardinality_error_unscaled: 288.6667 (285.3793)  loss_ce_0_unscaled: 0.4372 (0.5561)  loss_bbox_0_unscaled: 0.3123 (0.5354)  loss_giou_0_unscaled: 0.7903 (1.1487)  loss_xy_0_unscaled: 0.0647 (0.1470)  loss_hw_0_unscaled: 0.2387 (0.3884)  cardinality_error_0_unscaled: 290.0000 (287.8940)  loss_ce_dn_0_unscaled: 0.2144 (0.4617)  loss_bbox_dn_0_unscaled: 0.1097 (0.1100)  loss_giou_dn_0_unscaled: 0.3303 (0.3319)  loss_xy_dn_0_unscaled: 0.0347 (0.0364)  loss_hw_dn_0_unscaled: 0.0752 (0.0737)  cardinality_error_dn_0_unscaled: 171.0000 (174.1341)  loss_ce_1_unscaled: 0.4573 (0.5368)  loss_bbox_1_unscaled: 0.3118 (0.5228)  loss_giou_1_unscaled: 0.7952 (1.1310)  loss_xy_1_unscaled: 0.0669 (0.1422)  loss_hw_1_unscaled: 0.2290 (0.3806)  cardinality_error_1_unscaled: 286.3333 (282.5096)  loss_ce_dn_1_unscaled: 0.1928 (0.3620)  loss_bbox_dn_1_unscaled: 0.1121 (0.1124)  loss_giou_dn_1_unscaled: 0.3330 (0.3336)  loss_xy_dn_1_unscaled: 0.0347 (0.0364)  loss_hw_dn_1_unscaled: 0.0785 (0.0760)  cardinality_error_dn_1_unscaled: 170.0000 (173.6156)  loss_ce_2_unscaled: 0.4651 (0.5366)  loss_bbox_2_unscaled: 0.3098 (0.5132)  loss_giou_2_unscaled: 0.7837 (1.1167)  loss_xy_2_unscaled: 0.0661 (0.1398)  loss_hw_2_unscaled: 0.2275 (0.3734)  cardinality_error_2_unscaled: 279.6667 (283.0945)  loss_ce_dn_2_unscaled: 0.1957 (0.3361)  loss_bbox_dn_2_unscaled: 0.1129 (0.1158)  loss_giou_dn_2_unscaled: 0.3335 (0.3370)  loss_xy_dn_2_unscaled: 0.0347 (0.0365)  loss_hw_dn_2_unscaled: 0.0796 (0.0794)  cardinality_error_dn_2_unscaled: 169.6667 (177.8889)  loss_ce_3_unscaled: 0.4816 (0.5519)  loss_bbox_3_unscaled: 0.3052 (0.5056)  loss_giou_3_unscaled: 0.7792 (1.1047)  loss_xy_3_unscaled: 0.0671 (0.1381)  loss_hw_3_unscaled: 0.2278 (0.3675)  cardinality_error_3_unscaled: 286.6667 (283.0026)  loss_ce_dn_3_unscaled: 0.2106 (0.3455)  loss_bbox_dn_3_unscaled: 0.1141 (0.1198)  loss_giou_dn_3_unscaled: 0.3349 (0.3416)  loss_xy_dn_3_unscaled: 0.0347 (0.0365)  loss_hw_dn_3_unscaled: 0.0800 (0.0833)  cardinality_error_dn_3_unscaled: 170.6667 (176.7331)  loss_ce_4_unscaled: 0.4834 (0.5655)  loss_bbox_4_unscaled: 0.3016 (0.4995)  loss_giou_4_unscaled: 0.7771 (1.0966)  loss_xy_4_unscaled: 0.0646 (0.1367)  loss_hw_4_unscaled: 0.2297 (0.3628)  cardinality_error_4_unscaled: 288.0000 (285.4559)  loss_ce_dn_4_unscaled: 0.2093 (0.3608)  loss_bbox_dn_4_unscaled: 0.1158 (0.1238)  loss_giou_dn_4_unscaled: 0.3358 (0.3464)  loss_xy_dn_4_unscaled: 0.0346 (0.0366)  loss_hw_dn_4_unscaled: 0.0804 (0.0872)  cardinality_error_dn_4_unscaled: 170.3333 (177.5926)  loss_ce_interm_unscaled: 0.5106 (0.6154)  loss_bbox_interm_unscaled: 0.2873 (0.5302)  loss_giou_interm_unscaled: 0.8204 (1.1562)  loss_xy_interm_unscaled: 0.0505 (0.1355)  loss_hw_interm_unscaled: 0.2492 (0.3947)  cardinality_error_interm_unscaled: 290.3333 (287.6794)  time: 0.3368  data: 0.0003  max mem: 22869
Epoch: [0]  [   270/111901]  eta: 10:37:49  lr: 0.000027  class_error: 20.83  loss: 32.7783 (47.0068)  loss_ce_dn: 0.2103 (0.3778)  loss_bbox_dn: 0.5676 (0.6397)  loss_giou_dn: 0.6624 (0.7027)  loss_ce: 0.4881 (0.5668)  loss_bbox: 1.4914 (2.4431)  loss_giou: 1.4970 (2.1524)  loss_ce_0: 0.4448 (0.5524)  loss_bbox_0: 1.6079 (2.6400)  loss_giou_0: 1.5248 (2.2689)  loss_ce_dn_0: 0.2121 (0.4527)  loss_bbox_dn_0: 0.5698 (0.5514)  loss_giou_dn_0: 0.6564 (0.6636)  loss_ce_1: 0.4531 (0.5339)  loss_bbox_1: 1.6027 (2.5784)  loss_giou_1: 1.5292 (2.2346)  loss_ce_dn_1: 0.1908 (0.3557)  loss_bbox_dn_1: 0.5682 (0.5630)  loss_giou_dn_1: 0.6576 (0.6669)  loss_ce_2: 0.4667 (0.5341)  loss_bbox_2: 1.5813 (2.5310)  loss_giou_2: 1.5075 (2.2068)  loss_ce_dn_2: 0.1919 (0.3305)  loss_bbox_dn_2: 0.5667 (0.5792)  loss_giou_dn_2: 0.6592 (0.6734)  loss_ce_3: 0.4785 (0.5493)  loss_bbox_3: 1.5057 (2.4926)  loss_giou_3: 1.5119 (2.1830)  loss_ce_dn_3: 0.1857 (0.3398)  loss_bbox_dn_3: 0.5656 (0.5986)  loss_giou_dn_3: 0.6607 (0.6823)  loss_ce_4: 0.4882 (0.5627)  loss_bbox_4: 1.4670 (2.4625)  loss_giou_4: 1.4880 (2.1672)  loss_ce_dn_4: 0.1978 (0.3546)  loss_bbox_dn_4: 0.5662 (0.6178)  loss_giou_dn_4: 0.6610 (0.6917)  loss_ce_interm: 0.5223 (0.6123)  loss_bbox_interm: 1.5087 (2.6109)  loss_giou_interm: 1.5158 (2.2825)  loss_ce_dn_unscaled: 0.2103 (0.3778)  loss_bbox_dn_unscaled: 0.1135 (0.1279)  loss_giou_dn_unscaled: 0.3312 (0.3513)  loss_xy_dn_unscaled: 0.0382 (0.0368)  loss_hw_dn_unscaled: 0.0781 (0.0912)  cardinality_error_dn_unscaled: 171.0000 (176.5867)  loss_ce_unscaled: 0.4881 (0.5668)  class_error_unscaled: 20.0000 (30.9542)  loss_bbox_unscaled: 0.2983 (0.4886)  loss_giou_unscaled: 0.7485 (1.0762)  loss_xy_unscaled: 0.0602 (0.1336)  loss_hw_unscaled: 0.2350 (0.3550)  cardinality_error_unscaled: 280.0000 (283.7343)  loss_ce_0_unscaled: 0.4448 (0.5524)  loss_bbox_0_unscaled: 0.3216 (0.5280)  loss_giou_0_unscaled: 0.7624 (1.1344)  loss_xy_0_unscaled: 0.0632 (0.1439)  loss_hw_0_unscaled: 0.2485 (0.3841)  cardinality_error_0_unscaled: 288.3333 (287.8881)  loss_ce_dn_0_unscaled: 0.2121 (0.4527)  loss_bbox_dn_0_unscaled: 0.1140 (0.1103)  loss_giou_dn_0_unscaled: 0.3282 (0.3318)  loss_xy_dn_0_unscaled: 0.0383 (0.0365)  loss_hw_dn_0_unscaled: 0.0755 (0.0738)  cardinality_error_dn_0_unscaled: 183.6667 (174.4994)  loss_ce_1_unscaled: 0.4531 (0.5339)  loss_bbox_1_unscaled: 0.3205 (0.5157)  loss_giou_1_unscaled: 0.7646 (1.1173)  loss_xy_1_unscaled: 0.0635 (0.1393)  loss_hw_1_unscaled: 0.2576 (0.3764)  cardinality_error_1_unscaled: 280.6667 (281.4994)  loss_ce_dn_1_unscaled: 0.1908 (0.3557)  loss_bbox_dn_1_unscaled: 0.1136 (0.1126)  loss_giou_dn_1_unscaled: 0.3288 (0.3334)  loss_xy_dn_1_unscaled: 0.0383 (0.0365)  loss_hw_dn_1_unscaled: 0.0760 (0.0761)  cardinality_error_dn_1_unscaled: 171.3333 (173.4908)  loss_ce_2_unscaled: 0.4667 (0.5341)  loss_bbox_2_unscaled: 0.3163 (0.5062)  loss_giou_2_unscaled: 0.7538 (1.1034)  loss_xy_2_unscaled: 0.0617 (0.1370)  loss_hw_2_unscaled: 0.2515 (0.3692)  cardinality_error_2_unscaled: 272.3333 (282.0763)  loss_ce_dn_2_unscaled: 0.1919 (0.3305)  loss_bbox_dn_2_unscaled: 0.1133 (0.1158)  loss_giou_dn_2_unscaled: 0.3296 (0.3367)  loss_xy_dn_2_unscaled: 0.0382 (0.0365)  loss_hw_dn_2_unscaled: 0.0763 (0.0793)  cardinality_error_dn_2_unscaled: 171.0000 (177.5904)  loss_ce_3_unscaled: 0.4785 (0.5493)  loss_bbox_3_unscaled: 0.3011 (0.4985)  loss_giou_3_unscaled: 0.7560 (1.0915)  loss_xy_3_unscaled: 0.0616 (0.1354)  loss_hw_3_unscaled: 0.2449 (0.3632)  cardinality_error_3_unscaled: 283.0000 (282.4440)  loss_ce_dn_3_unscaled: 0.1857 (0.3398)  loss_bbox_dn_3_unscaled: 0.1131 (0.1197)  loss_giou_dn_3_unscaled: 0.3303 (0.3411)  loss_xy_dn_3_unscaled: 0.0382 (0.0366)  loss_hw_dn_3_unscaled: 0.0767 (0.0831)  cardinality_error_dn_3_unscaled: 173.3333 (176.6027)  loss_ce_4_unscaled: 0.4882 (0.5627)  loss_bbox_4_unscaled: 0.2934 (0.4925)  loss_giou_4_unscaled: 0.7440 (1.0836)  loss_xy_4_unscaled: 0.0603 (0.1340)  loss_hw_4_unscaled: 0.2397 (0.3585)  cardinality_error_4_unscaled: 275.6667 (284.3456)  loss_ce_dn_4_unscaled: 0.1978 (0.3546)  loss_bbox_dn_4_unscaled: 0.1132 (0.1236)  loss_giou_dn_4_unscaled: 0.3305 (0.3458)  loss_xy_dn_4_unscaled: 0.0382 (0.0367)  loss_hw_dn_4_unscaled: 0.0772 (0.0869)  cardinality_error_dn_4_unscaled: 171.0000 (177.2952)  loss_ce_interm_unscaled: 0.5223 (0.6123)  loss_bbox_interm_unscaled: 0.3017 (0.5222)  loss_giou_interm_unscaled: 0.7579 (1.1412)  loss_xy_interm_unscaled: 0.0496 (0.1324)  loss_hw_interm_unscaled: 0.2502 (0.3898)  cardinality_error_interm_unscaled: 291.0000 (287.8155)  time: 0.3545  data: 0.0002  max mem: 22869
Epoch: [0]  [   280/111901]  eta: 10:36:58  lr: 0.000028  class_error: 22.50  loss: 32.6155 (46.4646)  loss_ce_dn: 0.1874 (0.3710)  loss_bbox_dn: 0.5700 (0.6371)  loss_giou_dn: 0.6637 (0.7015)  loss_ce: 0.4850 (0.5640)  loss_bbox: 1.3987 (2.4022)  loss_giou: 1.3684 (2.1264)  loss_ce_0: 0.4432 (0.5487)  loss_bbox_0: 1.5765 (2.5994)  loss_giou_0: 1.4854 (2.2423)  loss_ce_dn_0: 0.1983 (0.4434)  loss_bbox_dn_0: 0.5698 (0.5517)  loss_giou_dn_0: 0.6564 (0.6636)  loss_ce_1: 0.4506 (0.5308)  loss_bbox_1: 1.5574 (2.5383)  loss_giou_1: 1.4687 (2.2084)  loss_ce_dn_1: 0.1768 (0.3493)  loss_bbox_dn_1: 0.5682 (0.5630)  loss_giou_dn_1: 0.6561 (0.6668)  loss_ce_2: 0.4627 (0.5314)  loss_bbox_2: 1.5160 (2.4906)  loss_giou_2: 1.4293 (2.1804)  loss_ce_dn_2: 0.1740 (0.3247)  loss_bbox_dn_2: 0.5667 (0.5786)  loss_giou_dn_2: 0.6578 (0.6731)  loss_ce_3: 0.4770 (0.5464)  loss_bbox_3: 1.4225 (2.4517)  loss_giou_3: 1.4010 (2.1566)  loss_ce_dn_3: 0.1688 (0.3336)  loss_bbox_dn_3: 0.5656 (0.5973)  loss_giou_dn_3: 0.6595 (0.6818)  loss_ce_4: 0.4925 (0.5598)  loss_bbox_4: 1.4114 (2.4214)  loss_giou_4: 1.3785 (2.1411)  loss_ce_dn_4: 0.1774 (0.3483)  loss_bbox_dn_4: 0.5675 (0.6159)  loss_giou_dn_4: 0.6616 (0.6909)  loss_ce_interm: 0.5037 (0.6082)  loss_bbox_interm: 1.5146 (2.5693)  loss_giou_interm: 1.4967 (2.2559)  loss_ce_dn_unscaled: 0.1874 (0.3710)  loss_bbox_dn_unscaled: 0.1140 (0.1274)  loss_giou_dn_unscaled: 0.3318 (0.3508)  loss_xy_dn_unscaled: 0.0383 (0.0368)  loss_hw_dn_unscaled: 0.0750 (0.0906)  cardinality_error_dn_unscaled: 169.6667 (176.5089)  loss_ce_unscaled: 0.4850 (0.5640)  class_error_unscaled: 22.5000 (30.7318)  loss_bbox_unscaled: 0.2797 (0.4804)  loss_giou_unscaled: 0.6842 (1.0632)  loss_xy_unscaled: 0.0620 (0.1312)  loss_hw_unscaled: 0.2185 (0.3493)  cardinality_error_unscaled: 273.3333 (283.7877)  loss_ce_0_unscaled: 0.4432 (0.5487)  loss_bbox_0_unscaled: 0.3153 (0.5199)  loss_giou_0_unscaled: 0.7427 (1.1212)  loss_xy_0_unscaled: 0.0637 (0.1413)  loss_hw_0_unscaled: 0.2485 (0.3786)  cardinality_error_0_unscaled: 287.6667 (287.8980)  loss_ce_dn_0_unscaled: 0.1983 (0.4434)  loss_bbox_dn_0_unscaled: 0.1140 (0.1103)  loss_giou_dn_0_unscaled: 0.3282 (0.3318)  loss_xy_dn_0_unscaled: 0.0384 (0.0365)  loss_hw_dn_0_unscaled: 0.0743 (0.0738)  cardinality_error_dn_0_unscaled: 185.0000 (174.7485)  loss_ce_1_unscaled: 0.4506 (0.5308)  loss_bbox_1_unscaled: 0.3115 (0.5077)  loss_giou_1_unscaled: 0.7343 (1.1042)  loss_xy_1_unscaled: 0.0645 (0.1367)  loss_hw_1_unscaled: 0.2424 (0.3709)  cardinality_error_1_unscaled: 272.6667 (281.4437)  loss_ce_dn_1_unscaled: 0.1768 (0.3493)  loss_bbox_dn_1_unscaled: 0.1136 (0.1126)  loss_giou_dn_1_unscaled: 0.3281 (0.3334)  loss_xy_dn_1_unscaled: 0.0384 (0.0365)  loss_hw_dn_1_unscaled: 0.0742 (0.0760)  cardinality_error_dn_1_unscaled: 177.0000 (173.6560)  loss_ce_2_unscaled: 0.4627 (0.5314)  loss_bbox_2_unscaled: 0.3032 (0.4981)  loss_giou_2_unscaled: 0.7146 (1.0902)  loss_xy_2_unscaled: 0.0617 (0.1346)  loss_hw_2_unscaled: 0.2415 (0.3636)  cardinality_error_2_unscaled: 272.0000 (282.0119)  loss_ce_dn_2_unscaled: 0.1740 (0.3247)  loss_bbox_dn_2_unscaled: 0.1133 (0.1157)  loss_giou_dn_2_unscaled: 0.3289 (0.3366)  loss_xy_dn_2_unscaled: 0.0383 (0.0366)  loss_hw_dn_2_unscaled: 0.0739 (0.0791)  cardinality_error_dn_2_unscaled: 177.3333 (177.4437)  loss_ce_3_unscaled: 0.4770 (0.5464)  loss_bbox_3_unscaled: 0.2845 (0.4903)  loss_giou_3_unscaled: 0.7005 (1.0783)  loss_xy_3_unscaled: 0.0619 (0.1329)  loss_hw_3_unscaled: 0.2275 (0.3574)  cardinality_error_3_unscaled: 271.6667 (282.1922)  loss_ce_dn_3_unscaled: 0.1688 (0.3336)  loss_bbox_dn_3_unscaled: 0.1131 (0.1195)  loss_giou_dn_3_unscaled: 0.3298 (0.3409)  loss_xy_dn_3_unscaled: 0.0383 (0.0367)  loss_hw_dn_3_unscaled: 0.0740 (0.0828)  cardinality_error_dn_3_unscaled: 177.0000 (176.4638)  loss_ce_4_unscaled: 0.4925 (0.5598)  loss_bbox_4_unscaled: 0.2823 (0.4843)  loss_giou_4_unscaled: 0.6892 (1.0705)  loss_xy_4_unscaled: 0.0611 (0.1316)  loss_hw_4_unscaled: 0.2270 (0.3527)  cardinality_error_4_unscaled: 266.0000 (283.9454)  loss_ce_dn_4_unscaled: 0.1774 (0.3483)  loss_bbox_dn_4_unscaled: 0.1135 (0.1232)  loss_giou_dn_4_unscaled: 0.3308 (0.3454)  loss_xy_dn_4_unscaled: 0.0383 (0.0367)  loss_hw_dn_4_unscaled: 0.0744 (0.0864)  cardinality_error_dn_4_unscaled: 177.3333 (177.0356)  loss_ce_interm_unscaled: 0.5037 (0.6082)  loss_bbox_interm_unscaled: 0.3029 (0.5139)  loss_giou_interm_unscaled: 0.7484 (1.1279)  loss_xy_interm_unscaled: 0.0509 (0.1297)  loss_hw_interm_unscaled: 0.2499 (0.3842)  cardinality_error_interm_unscaled: 290.3333 (287.8766)  time: 0.3454  data: 0.0003  max mem: 22871
Epoch: [0]  [   290/111901]  eta: 10:34:41  lr: 0.000029  class_error: 33.33  loss: 31.4249 (45.9364)  loss_ce_dn: 0.1869 (0.3650)  loss_bbox_dn: 0.5561 (0.6341)  loss_giou_dn: 0.6645 (0.7002)  loss_ce: 0.4788 (0.5615)  loss_bbox: 1.2888 (2.3640)  loss_giou: 1.3684 (2.1002)  loss_ce_0: 0.4432 (0.5457)  loss_bbox_0: 1.4774 (2.5600)  loss_giou_0: 1.4527 (2.2151)  loss_ce_dn_0: 0.1908 (0.4350)  loss_bbox_dn_0: 0.5530 (0.5517)  loss_giou_dn_0: 0.6596 (0.6634)  loss_ce_1: 0.4431 (0.5286)  loss_bbox_1: 1.4186 (2.4998)  loss_giou_1: 1.4024 (2.1816)  loss_ce_dn_1: 0.1746 (0.3434)  loss_bbox_dn_1: 0.5523 (0.5625)  loss_giou_dn_1: 0.6605 (0.6665)  loss_ce_2: 0.4486 (0.5291)  loss_bbox_2: 1.3735 (2.4519)  loss_giou_2: 1.3801 (2.1536)  loss_ce_dn_2: 0.1656 (0.3194)  loss_bbox_dn_2: 0.5491 (0.5776)  loss_giou_dn_2: 0.6614 (0.6726)  loss_ce_3: 0.4672 (0.5439)  loss_bbox_3: 1.3070 (2.4129)  loss_giou_3: 1.3670 (2.1298)  loss_ce_dn_3: 0.1664 (0.3279)  loss_bbox_dn_3: 0.5506 (0.5956)  loss_giou_dn_3: 0.6624 (0.6810)  loss_ce_4: 0.4849 (0.5574)  loss_bbox_4: 1.2969 (2.3830)  loss_giou_4: 1.3785 (2.1146)  loss_ce_dn_4: 0.1751 (0.3425)  loss_bbox_dn_4: 0.5516 (0.6136)  loss_giou_dn_4: 0.6634 (0.6898)  loss_ce_interm: 0.5034 (0.6053)  loss_bbox_interm: 1.4200 (2.5289)  loss_giou_interm: 1.5098 (2.2277)  loss_ce_dn_unscaled: 0.1869 (0.3650)  loss_bbox_dn_unscaled: 0.1112 (0.1268)  loss_giou_dn_unscaled: 0.3323 (0.3501)  loss_xy_dn_unscaled: 0.0372 (0.0368)  loss_hw_dn_unscaled: 0.0738 (0.0900)  cardinality_error_dn_unscaled: 175.0000 (176.0997)  loss_ce_unscaled: 0.4788 (0.5615)  class_error_unscaled: 25.0000 (30.5794)  loss_bbox_unscaled: 0.2578 (0.4728)  loss_giou_unscaled: 0.6842 (1.0501)  loss_xy_unscaled: 0.0652 (0.1289)  loss_hw_unscaled: 0.1912 (0.3439)  cardinality_error_unscaled: 284.6667 (282.7778)  loss_ce_0_unscaled: 0.4432 (0.5457)  loss_bbox_0_unscaled: 0.2955 (0.5120)  loss_giou_0_unscaled: 0.7263 (1.1075)  loss_xy_0_unscaled: 0.0683 (0.1387)  loss_hw_0_unscaled: 0.2193 (0.3733)  cardinality_error_0_unscaled: 287.3333 (287.6873)  loss_ce_dn_0_unscaled: 0.1908 (0.4350)  loss_bbox_dn_0_unscaled: 0.1106 (0.1103)  loss_giou_dn_0_unscaled: 0.3298 (0.3317)  loss_xy_dn_0_unscaled: 0.0368 (0.0365)  loss_hw_dn_0_unscaled: 0.0729 (0.0738)  cardinality_error_dn_0_unscaled: 183.0000 (174.9782)  loss_ce_1_unscaled: 0.4431 (0.5286)  loss_bbox_1_unscaled: 0.2837 (0.5000)  loss_giou_1_unscaled: 0.7012 (1.0908)  loss_xy_1_unscaled: 0.0645 (0.1343)  loss_hw_1_unscaled: 0.2129 (0.3657)  cardinality_error_1_unscaled: 272.6667 (280.3780)  loss_ce_dn_1_unscaled: 0.1746 (0.3434)  loss_bbox_dn_1_unscaled: 0.1105 (0.1125)  loss_giou_dn_1_unscaled: 0.3303 (0.3332)  loss_xy_dn_1_unscaled: 0.0368 (0.0366)  loss_hw_dn_1_unscaled: 0.0728 (0.0759)  cardinality_error_dn_1_unscaled: 175.6667 (173.3070)  loss_ce_2_unscaled: 0.4486 (0.5291)  loss_bbox_2_unscaled: 0.2747 (0.4904)  loss_giou_2_unscaled: 0.6901 (1.0768)  loss_xy_2_unscaled: 0.0653 (0.1322)  loss_hw_2_unscaled: 0.2086 (0.3582)  cardinality_error_2_unscaled: 274.0000 (281.0344)  loss_ce_dn_2_unscaled: 0.1656 (0.3194)  loss_bbox_dn_2_unscaled: 0.1098 (0.1155)  loss_giou_dn_2_unscaled: 0.3307 (0.3363)  loss_xy_dn_2_unscaled: 0.0368 (0.0366)  loss_hw_dn_2_unscaled: 0.0726 (0.0789)  cardinality_error_dn_2_unscaled: 169.6667 (176.8912)  loss_ce_3_unscaled: 0.4672 (0.5439)  loss_bbox_3_unscaled: 0.2614 (0.4826)  loss_giou_3_unscaled: 0.6835 (1.0649)  loss_xy_3_unscaled: 0.0687 (0.1307)  loss_hw_3_unscaled: 0.2003 (0.3519)  cardinality_error_3_unscaled: 270.3333 (281.0298)  loss_ce_dn_3_unscaled: 0.1664 (0.3279)  loss_bbox_dn_3_unscaled: 0.1101 (0.1191)  loss_giou_dn_3_unscaled: 0.3312 (0.3405)  loss_xy_dn_3_unscaled: 0.0369 (0.0367)  loss_hw_dn_3_unscaled: 0.0728 (0.0824)  cardinality_error_dn_3_unscaled: 169.3333 (175.8648)  loss_ce_4_unscaled: 0.4849 (0.5574)  loss_bbox_4_unscaled: 0.2594 (0.4766)  loss_giou_4_unscaled: 0.6892 (1.0573)  loss_xy_4_unscaled: 0.0663 (0.1294)  loss_hw_4_unscaled: 0.1941 (0.3472)  cardinality_error_4_unscaled: 271.3333 (282.9863)  loss_ce_dn_4_unscaled: 0.1751 (0.3425)  loss_bbox_dn_4_unscaled: 0.1103 (0.1227)  loss_giou_dn_4_unscaled: 0.3317 (0.3449)  loss_xy_dn_4_unscaled: 0.0371 (0.0367)  loss_hw_dn_4_unscaled: 0.0731 (0.0860)  cardinality_error_dn_4_unscaled: 169.0000 (176.3929)  loss_ce_interm_unscaled: 0.5034 (0.6053)  loss_bbox_interm_unscaled: 0.2840 (0.5058)  loss_giou_interm_unscaled: 0.7549 (1.1139)  loss_xy_interm_unscaled: 0.0539 (0.1271)  loss_hw_interm_unscaled: 0.2255 (0.3787)  cardinality_error_interm_unscaled: 288.6667 (287.3196)  time: 0.3191  data: 0.0003  max mem: 22871
Epoch: [0]  [   300/111901]  eta: 10:33:14  lr: 0.000030  class_error: 18.18  loss: 31.4249 (45.4239)  loss_ce_dn: 0.1849 (0.3586)  loss_bbox_dn: 0.5561 (0.6317)  loss_giou_dn: 0.6675 (0.6993)  loss_ce: 0.4558 (0.5579)  loss_bbox: 1.2631 (2.3259)  loss_giou: 1.3703 (2.0762)  loss_ce_0: 0.4351 (0.5423)  loss_bbox_0: 1.5079 (2.5219)  loss_giou_0: 1.4621 (2.1901)  loss_ce_dn_0: 0.1823 (0.4267)  loss_bbox_dn_0: 0.5534 (0.5517)  loss_giou_dn_0: 0.6596 (0.6634)  loss_ce_1: 0.4418 (0.5261)  loss_bbox_1: 1.4186 (2.4611)  loss_giou_1: 1.4066 (2.1562)  loss_ce_dn_1: 0.1666 (0.3374)  loss_bbox_dn_1: 0.5523 (0.5621)  loss_giou_dn_1: 0.6605 (0.6664)  loss_ce_2: 0.4553 (0.5269)  loss_bbox_2: 1.3509 (2.4122)  loss_giou_2: 1.3801 (2.1285)  loss_ce_dn_2: 0.1648 (0.3141)  loss_bbox_dn_2: 0.5491 (0.5766)  loss_giou_dn_2: 0.6614 (0.6723)  loss_ce_3: 0.4501 (0.5410)  loss_bbox_3: 1.2977 (2.3737)  loss_giou_3: 1.3696 (2.1052)  loss_ce_dn_3: 0.1620 (0.3223)  loss_bbox_dn_3: 0.5481 (0.5941)  loss_giou_dn_3: 0.6624 (0.6805)  loss_ce_4: 0.4540 (0.5539)  loss_bbox_4: 1.2833 (2.3444)  loss_giou_4: 1.3735 (2.0903)  loss_ce_dn_4: 0.1725 (0.3365)  loss_bbox_dn_4: 0.5511 (0.6116)  loss_giou_dn_4: 0.6658 (0.6892)  loss_ce_interm: 0.5173 (0.6023)  loss_bbox_interm: 1.4206 (2.4909)  loss_giou_interm: 1.4671 (2.2023)  loss_ce_dn_unscaled: 0.1849 (0.3586)  loss_bbox_dn_unscaled: 0.1112 (0.1263)  loss_giou_dn_unscaled: 0.3337 (0.3497)  loss_xy_dn_unscaled: 0.0382 (0.0369)  loss_hw_dn_unscaled: 0.0736 (0.0895)  cardinality_error_dn_unscaled: 171.0000 (175.7597)  loss_ce_unscaled: 0.4558 (0.5579)  class_error_unscaled: 23.0769 (30.3321)  loss_bbox_unscaled: 0.2526 (0.4652)  loss_giou_unscaled: 0.6852 (1.0381)  loss_xy_unscaled: 0.0652 (0.1268)  loss_hw_unscaled: 0.1874 (0.3384)  cardinality_error_unscaled: 278.0000 (282.5271)  loss_ce_0_unscaled: 0.4351 (0.5423)  loss_bbox_0_unscaled: 0.3016 (0.5044)  loss_giou_0_unscaled: 0.7310 (1.0951)  loss_xy_0_unscaled: 0.0653 (0.1363)  loss_hw_0_unscaled: 0.2238 (0.3681)  cardinality_error_0_unscaled: 282.6667 (287.3644)  loss_ce_dn_0_unscaled: 0.1823 (0.4267)  loss_bbox_dn_0_unscaled: 0.1107 (0.1103)  loss_giou_dn_0_unscaled: 0.3298 (0.3317)  loss_xy_dn_0_unscaled: 0.0379 (0.0366)  loss_hw_dn_0_unscaled: 0.0727 (0.0738)  cardinality_error_dn_0_unscaled: 181.6667 (174.9923)  loss_ce_1_unscaled: 0.4418 (0.5261)  loss_bbox_1_unscaled: 0.2837 (0.4922)  loss_giou_1_unscaled: 0.7033 (1.0781)  loss_xy_1_unscaled: 0.0653 (0.1320)  loss_hw_1_unscaled: 0.2179 (0.3602)  cardinality_error_1_unscaled: 265.3333 (279.6766)  loss_ce_dn_1_unscaled: 0.1666 (0.3374)  loss_bbox_dn_1_unscaled: 0.1105 (0.1124)  loss_giou_dn_1_unscaled: 0.3303 (0.3332)  loss_xy_dn_1_unscaled: 0.0380 (0.0366)  loss_hw_dn_1_unscaled: 0.0721 (0.0758)  cardinality_error_dn_1_unscaled: 169.3333 (172.8018)  loss_ce_2_unscaled: 0.4553 (0.5269)  loss_bbox_2_unscaled: 0.2702 (0.4824)  loss_giou_2_unscaled: 0.6901 (1.0643)  loss_xy_2_unscaled: 0.0653 (0.1300)  loss_hw_2_unscaled: 0.2072 (0.3525)  cardinality_error_2_unscaled: 268.3333 (280.4906)  loss_ce_dn_2_unscaled: 0.1648 (0.3141)  loss_bbox_dn_2_unscaled: 0.1098 (0.1153)  loss_giou_dn_2_unscaled: 0.3307 (0.3362)  loss_xy_dn_2_unscaled: 0.0380 (0.0366)  loss_hw_dn_2_unscaled: 0.0720 (0.0787)  cardinality_error_dn_2_unscaled: 167.6667 (176.3123)  loss_ce_3_unscaled: 0.4501 (0.5410)  loss_bbox_3_unscaled: 0.2595 (0.4747)  loss_giou_3_unscaled: 0.6848 (1.0526)  loss_xy_3_unscaled: 0.0669 (0.1285)  loss_hw_3_unscaled: 0.1927 (0.3462)  cardinality_error_3_unscaled: 269.0000 (280.6257)  loss_ce_dn_3_unscaled: 0.1620 (0.3223)  loss_bbox_dn_3_unscaled: 0.1096 (0.1188)  loss_giou_dn_3_unscaled: 0.3312 (0.3403)  loss_xy_dn_3_unscaled: 0.0380 (0.0367)  loss_hw_dn_3_unscaled: 0.0722 (0.0821)  cardinality_error_dn_3_unscaled: 167.6667 (175.3311)  loss_ce_4_unscaled: 0.4540 (0.5539)  loss_bbox_4_unscaled: 0.2567 (0.4689)  loss_giou_4_unscaled: 0.6868 (1.0452)  loss_xy_4_unscaled: 0.0667 (0.1273)  loss_hw_4_unscaled: 0.1898 (0.3416)  cardinality_error_4_unscaled: 282.3333 (282.7774)  loss_ce_dn_4_unscaled: 0.1725 (0.3365)  loss_bbox_dn_4_unscaled: 0.1102 (0.1223)  loss_giou_dn_4_unscaled: 0.3329 (0.3446)  loss_xy_dn_4_unscaled: 0.0381 (0.0368)  loss_hw_dn_4_unscaled: 0.0729 (0.0856)  cardinality_error_dn_4_unscaled: 168.3333 (176.0277)  loss_ce_interm_unscaled: 0.5173 (0.6023)  loss_bbox_interm_unscaled: 0.2841 (0.4982)  loss_giou_interm_unscaled: 0.7335 (1.1011)  loss_xy_interm_unscaled: 0.0513 (0.1245)  loss_hw_interm_unscaled: 0.2204 (0.3736)  cardinality_error_interm_unscaled: 288.3333 (287.2857)  time: 0.3131  data: 0.0002  max mem: 22871
Epoch: [0]  [   310/111901]  eta: 10:32:24  lr: 0.000031  class_error: 20.69  loss: 29.6354 (44.9192)  loss_ce_dn: 0.1747 (0.3529)  loss_bbox_dn: 0.5455 (0.6288)  loss_giou_dn: 0.6736 (0.6986)  loss_ce: 0.4406 (0.5545)  loss_bbox: 1.1589 (2.2881)  loss_giou: 1.3279 (2.0522)  loss_ce_0: 0.4331 (0.5396)  loss_bbox_0: 1.4355 (2.4846)  loss_giou_0: 1.4527 (2.1652)  loss_ce_dn_0: 0.1827 (0.4190)  loss_bbox_dn_0: 0.5347 (0.5512)  loss_giou_dn_0: 0.6628 (0.6635)  loss_ce_1: 0.4370 (0.5241)  loss_bbox_1: 1.3507 (2.4221)  loss_giou_1: 1.3582 (2.1312)  loss_ce_dn_1: 0.1634 (0.3319)  loss_bbox_dn_1: 0.5358 (0.5611)  loss_giou_dn_1: 0.6634 (0.6663)  loss_ce_2: 0.4418 (0.5250)  loss_bbox_2: 1.1839 (2.3727)  loss_giou_2: 1.3499 (2.1034)  loss_ce_dn_2: 0.1634 (0.3093)  loss_bbox_dn_2: 0.5360 (0.5751)  loss_giou_dn_2: 0.6644 (0.6721)  loss_ce_3: 0.4405 (0.5384)  loss_bbox_3: 1.1918 (2.3346)  loss_giou_3: 1.3447 (2.0807)  loss_ce_dn_3: 0.1619 (0.3172)  loss_bbox_dn_3: 0.5382 (0.5922)  loss_giou_dn_3: 0.6667 (0.6801)  loss_ce_4: 0.4339 (0.5508)  loss_bbox_4: 1.1762 (2.3064)  loss_giou_4: 1.3280 (2.0659)  loss_ce_dn_4: 0.1661 (0.3311)  loss_bbox_dn_4: 0.5418 (0.6093)  loss_giou_dn_4: 0.6700 (0.6886)  loss_ce_interm: 0.4993 (0.5999)  loss_bbox_interm: 1.3980 (2.4542)  loss_giou_interm: 1.4670 (2.1773)  loss_ce_dn_unscaled: 0.1747 (0.3529)  loss_bbox_dn_unscaled: 0.1091 (0.1258)  loss_giou_dn_unscaled: 0.3368 (0.3493)  loss_xy_dn_unscaled: 0.0368 (0.0368)  loss_hw_dn_unscaled: 0.0724 (0.0889)  cardinality_error_dn_unscaled: 172.0000 (175.6881)  loss_ce_unscaled: 0.4406 (0.5545)  class_error_unscaled: 20.6897 (29.9288)  loss_bbox_unscaled: 0.2318 (0.4576)  loss_giou_unscaled: 0.6639 (1.0261)  loss_xy_unscaled: 0.0556 (0.1245)  loss_hw_unscaled: 0.1771 (0.3331)  cardinality_error_unscaled: 285.0000 (282.5927)  loss_ce_0_unscaled: 0.4331 (0.5396)  loss_bbox_0_unscaled: 0.2871 (0.4969)  loss_giou_0_unscaled: 0.7263 (1.0826)  loss_xy_0_unscaled: 0.0607 (0.1337)  loss_hw_0_unscaled: 0.2183 (0.3632)  cardinality_error_0_unscaled: 283.3333 (287.2433)  loss_ce_dn_0_unscaled: 0.1827 (0.4190)  loss_bbox_dn_0_unscaled: 0.1069 (0.1102)  loss_giou_dn_0_unscaled: 0.3314 (0.3317)  loss_xy_dn_0_unscaled: 0.0370 (0.0365)  loss_hw_dn_0_unscaled: 0.0716 (0.0737)  cardinality_error_dn_0_unscaled: 172.6667 (174.9764)  loss_ce_1_unscaled: 0.4370 (0.5241)  loss_bbox_1_unscaled: 0.2701 (0.4844)  loss_giou_1_unscaled: 0.6791 (1.0656)  loss_xy_1_unscaled: 0.0565 (0.1296)  loss_hw_1_unscaled: 0.2010 (0.3549)  cardinality_error_1_unscaled: 277.6667 (279.7117)  loss_ce_dn_1_unscaled: 0.1634 (0.3319)  loss_bbox_dn_1_unscaled: 0.1072 (0.1122)  loss_giou_dn_1_unscaled: 0.3317 (0.3331)  loss_xy_dn_1_unscaled: 0.0369 (0.0366)  loss_hw_dn_1_unscaled: 0.0714 (0.0757)  cardinality_error_dn_1_unscaled: 171.3333 (172.8317)  loss_ce_2_unscaled: 0.4418 (0.5250)  loss_bbox_2_unscaled: 0.2368 (0.4745)  loss_giou_2_unscaled: 0.6749 (1.0517)  loss_xy_2_unscaled: 0.0567 (0.1276)  loss_hw_2_unscaled: 0.1817 (0.3470)  cardinality_error_2_unscaled: 281.3333 (280.4941)  loss_ce_dn_2_unscaled: 0.1634 (0.3093)  loss_bbox_dn_2_unscaled: 0.1072 (0.1150)  loss_giou_dn_2_unscaled: 0.3322 (0.3361)  loss_xy_dn_2_unscaled: 0.0369 (0.0366)  loss_hw_dn_2_unscaled: 0.0711 (0.0784)  cardinality_error_dn_2_unscaled: 170.6667 (176.1586)  loss_ce_3_unscaled: 0.4405 (0.5384)  loss_bbox_3_unscaled: 0.2384 (0.4669)  loss_giou_3_unscaled: 0.6723 (1.0403)  loss_xy_3_unscaled: 0.0582 (0.1262)  loss_hw_3_unscaled: 0.1774 (0.3407)  cardinality_error_3_unscaled: 280.3333 (280.6624)  loss_ce_dn_3_unscaled: 0.1619 (0.3172)  loss_bbox_dn_3_unscaled: 0.1076 (0.1184)  loss_giou_dn_3_unscaled: 0.3334 (0.3401)  loss_xy_dn_3_unscaled: 0.0369 (0.0367)  loss_hw_dn_3_unscaled: 0.0712 (0.0818)  cardinality_error_dn_3_unscaled: 171.0000 (175.1629)  loss_ce_4_unscaled: 0.4339 (0.5508)  loss_bbox_4_unscaled: 0.2352 (0.4613)  loss_giou_4_unscaled: 0.6640 (1.0329)  loss_xy_4_unscaled: 0.0593 (0.1250)  loss_hw_4_unscaled: 0.1766 (0.3363)  cardinality_error_4_unscaled: 283.6667 (282.6249)  loss_ce_dn_4_unscaled: 0.1661 (0.3311)  loss_bbox_dn_4_unscaled: 0.1084 (0.1219)  loss_giou_dn_4_unscaled: 0.3350 (0.3443)  loss_xy_dn_4_unscaled: 0.0368 (0.0367)  loss_hw_dn_4_unscaled: 0.0716 (0.0851)  cardinality_error_dn_4_unscaled: 171.3333 (175.8296)  loss_ce_interm_unscaled: 0.4993 (0.5999)  loss_bbox_interm_unscaled: 0.2796 (0.4908)  loss_giou_interm_unscaled: 0.7335 (1.0887)  loss_xy_interm_unscaled: 0.0474 (0.1221)  loss_hw_interm_unscaled: 0.2198 (0.3688)  cardinality_error_interm_unscaled: 289.6667 (287.3516)  time: 0.3231  data: 0.0002  max mem: 22871
Epoch: [0]  [   320/111901]  eta: 10:30:43  lr: 0.000032  class_error: 18.52  loss: 29.0325 (44.4166)  loss_ce_dn: 0.1747 (0.3470)  loss_bbox_dn: 0.5383 (0.6261)  loss_giou_dn: 0.6772 (0.6980)  loss_ce: 0.4451 (0.5513)  loss_bbox: 1.1117 (2.2518)  loss_giou: 1.3176 (2.0283)  loss_ce_0: 0.4344 (0.5365)  loss_bbox_0: 1.3352 (2.4474)  loss_giou_0: 1.3672 (2.1395)  loss_ce_dn_0: 0.1751 (0.4111)  loss_bbox_dn_0: 0.5347 (0.5511)  loss_giou_dn_0: 0.6668 (0.6636)  loss_ce_1: 0.4428 (0.5217)  loss_bbox_1: 1.1613 (2.3837)  loss_giou_1: 1.3380 (2.1055)  loss_ce_dn_1: 0.1492 (0.3260)  loss_bbox_dn_1: 0.5334 (0.5605)  loss_giou_dn_1: 0.6666 (0.6663)  loss_ce_2: 0.4474 (0.5227)  loss_bbox_2: 1.1234 (2.3346)  loss_giou_2: 1.3274 (2.0780)  loss_ce_dn_2: 0.1492 (0.3041)  loss_bbox_dn_2: 0.5314 (0.5740)  loss_giou_dn_2: 0.6657 (0.6719)  loss_ce_3: 0.4405 (0.5353)  loss_bbox_3: 1.1251 (2.2973)  loss_giou_3: 1.3259 (2.0561)  loss_ce_dn_3: 0.1499 (0.3117)  loss_bbox_dn_3: 0.5322 (0.5905)  loss_giou_dn_3: 0.6697 (0.6798)  loss_ce_4: 0.4366 (0.5475)  loss_bbox_4: 1.1141 (2.2698)  loss_giou_4: 1.3102 (2.0416)  loss_ce_dn_4: 0.1550 (0.3254)  loss_bbox_dn_4: 0.5343 (0.6071)  loss_giou_dn_4: 0.6734 (0.6882)  loss_ce_interm: 0.4990 (0.5971)  loss_bbox_interm: 1.3754 (2.4173)  loss_giou_interm: 1.3627 (2.1515)  loss_ce_dn_unscaled: 0.1747 (0.3470)  loss_bbox_dn_unscaled: 0.1077 (0.1252)  loss_giou_dn_unscaled: 0.3386 (0.3490)  loss_xy_dn_unscaled: 0.0352 (0.0368)  loss_hw_dn_unscaled: 0.0717 (0.0884)  cardinality_error_dn_unscaled: 174.0000 (175.6739)  loss_ce_unscaled: 0.4451 (0.5513)  class_error_unscaled: 18.5185 (29.5822)  loss_bbox_unscaled: 0.2223 (0.4504)  loss_giou_unscaled: 0.6588 (1.0141)  loss_xy_unscaled: 0.0559 (0.1224)  loss_hw_unscaled: 0.1617 (0.3279)  cardinality_error_unscaled: 286.6667 (282.6843)  loss_ce_0_unscaled: 0.4344 (0.5365)  loss_bbox_0_unscaled: 0.2670 (0.4895)  loss_giou_0_unscaled: 0.6836 (1.0697)  loss_xy_0_unscaled: 0.0601 (0.1315)  loss_hw_0_unscaled: 0.2025 (0.3580)  cardinality_error_0_unscaled: 284.3333 (287.1288)  loss_ce_dn_0_unscaled: 0.1751 (0.4111)  loss_bbox_dn_0_unscaled: 0.1069 (0.1102)  loss_giou_dn_0_unscaled: 0.3334 (0.3318)  loss_xy_dn_0_unscaled: 0.0353 (0.0365)  loss_hw_dn_0_unscaled: 0.0717 (0.0737)  cardinality_error_dn_0_unscaled: 177.0000 (175.1745)  loss_ce_1_unscaled: 0.4428 (0.5217)  loss_bbox_1_unscaled: 0.2323 (0.4767)  loss_giou_1_unscaled: 0.6690 (1.0528)  loss_xy_1_unscaled: 0.0555 (0.1274)  loss_hw_1_unscaled: 0.1774 (0.3493)  cardinality_error_1_unscaled: 281.6667 (279.7093)  loss_ce_dn_1_unscaled: 0.1492 (0.3260)  loss_bbox_dn_1_unscaled: 0.1067 (0.1121)  loss_giou_dn_1_unscaled: 0.3333 (0.3331)  loss_xy_dn_1_unscaled: 0.0353 (0.0365)  loss_hw_dn_1_unscaled: 0.0709 (0.0755)  cardinality_error_dn_1_unscaled: 173.6667 (172.9315)  loss_ce_2_unscaled: 0.4474 (0.5227)  loss_bbox_2_unscaled: 0.2247 (0.4669)  loss_giou_2_unscaled: 0.6637 (1.0390)  loss_xy_2_unscaled: 0.0556 (0.1255)  loss_hw_2_unscaled: 0.1691 (0.3414)  cardinality_error_2_unscaled: 285.6667 (280.6906)  loss_ce_dn_2_unscaled: 0.1492 (0.3041)  loss_bbox_dn_2_unscaled: 0.1063 (0.1148)  loss_giou_dn_2_unscaled: 0.3329 (0.3360)  loss_xy_dn_2_unscaled: 0.0352 (0.0366)  loss_hw_dn_2_unscaled: 0.0698 (0.0782)  cardinality_error_dn_2_unscaled: 174.3333 (176.1869)  loss_ce_3_unscaled: 0.4405 (0.5353)  loss_bbox_3_unscaled: 0.2250 (0.4595)  loss_giou_3_unscaled: 0.6629 (1.0280)  loss_xy_3_unscaled: 0.0584 (0.1242)  loss_hw_3_unscaled: 0.1632 (0.3353)  cardinality_error_3_unscaled: 285.6667 (280.8058)  loss_ce_dn_3_unscaled: 0.1499 (0.3117)  loss_bbox_dn_3_unscaled: 0.1064 (0.1181)  loss_giou_dn_3_unscaled: 0.3348 (0.3399)  loss_xy_dn_3_unscaled: 0.0352 (0.0367)  loss_hw_dn_3_unscaled: 0.0706 (0.0814)  cardinality_error_dn_3_unscaled: 173.0000 (175.1900)  loss_ce_4_unscaled: 0.4366 (0.5475)  loss_bbox_4_unscaled: 0.2228 (0.4540)  loss_giou_4_unscaled: 0.6551 (1.0208)  loss_xy_4_unscaled: 0.0567 (0.1229)  loss_hw_4_unscaled: 0.1608 (0.3310)  cardinality_error_4_unscaled: 287.3333 (282.7581)  loss_ce_dn_4_unscaled: 0.1550 (0.3254)  loss_bbox_dn_4_unscaled: 0.1069 (0.1214)  loss_giou_dn_4_unscaled: 0.3367 (0.3441)  loss_xy_dn_4_unscaled: 0.0352 (0.0367)  loss_hw_dn_4_unscaled: 0.0710 (0.0847)  cardinality_error_dn_4_unscaled: 172.0000 (175.8515)  loss_ce_interm_unscaled: 0.4990 (0.5971)  loss_bbox_interm_unscaled: 0.2751 (0.4835)  loss_giou_interm_unscaled: 0.6813 (1.0757)  loss_xy_interm_unscaled: 0.0474 (0.1198)  loss_hw_interm_unscaled: 0.2135 (0.3637)  cardinality_error_interm_unscaled: 289.6667 (287.2908)  time: 0.3198  data: 0.0002  max mem: 22871
Epoch: [0]  [   330/111901]  eta: 10:30:40  lr: 0.000033  class_error: 15.62  loss: 28.7215 (43.9520)  loss_ce_dn: 0.1521 (0.3413)  loss_bbox_dn: 0.5185 (0.6230)  loss_giou_dn: 0.6688 (0.6970)  loss_ce: 0.4444 (0.5480)  loss_bbox: 1.1117 (2.2172)  loss_giou: 1.3224 (2.0069)  loss_ce_0: 0.4399 (0.5336)  loss_bbox_0: 1.2169 (2.4136)  loss_giou_0: 1.3584 (2.1174)  loss_ce_dn_0: 0.1659 (0.4038)  loss_bbox_dn_0: 0.5380 (0.5506)  loss_giou_dn_0: 0.6610 (0.6634)  loss_ce_1: 0.4385 (0.5196)  loss_bbox_1: 1.2227 (2.3484)  loss_giou_1: 1.3240 (2.0830)  loss_ce_dn_1: 0.1436 (0.3207)  loss_bbox_dn_1: 0.5247 (0.5593)  loss_giou_dn_1: 0.6586 (0.6659)  loss_ce_2: 0.4374 (0.5202)  loss_bbox_2: 1.1241 (2.2986)  loss_giou_2: 1.3158 (2.0556)  loss_ce_dn_2: 0.1403 (0.2993)  loss_bbox_dn_2: 0.5144 (0.5723)  loss_giou_dn_2: 0.6582 (0.6715)  loss_ce_3: 0.4235 (0.5321)  loss_bbox_3: 1.1251 (2.2617)  loss_giou_3: 1.3291 (2.0342)  loss_ce_dn_3: 0.1394 (0.3067)  loss_bbox_dn_3: 0.5134 (0.5884)  loss_giou_dn_3: 0.6613 (0.6792)  loss_ce_4: 0.4273 (0.5439)  loss_bbox_4: 1.1141 (2.2349)  loss_giou_4: 1.3279 (2.0199)  loss_ce_dn_4: 0.1408 (0.3201)  loss_bbox_dn_4: 0.5150 (0.6045)  loss_giou_dn_4: 0.6646 (0.6874)  loss_ce_interm: 0.5085 (0.5945)  loss_bbox_interm: 1.2541 (2.3849)  loss_giou_interm: 1.3687 (2.1294)  loss_ce_dn_unscaled: 0.1521 (0.3413)  loss_bbox_dn_unscaled: 0.1037 (0.1246)  loss_giou_dn_unscaled: 0.3344 (0.3485)  loss_xy_dn_unscaled: 0.0360 (0.0368)  loss_hw_dn_unscaled: 0.0699 (0.0878)  cardinality_error_dn_unscaled: 173.6667 (175.3897)  loss_ce_unscaled: 0.4444 (0.5480)  class_error_unscaled: 18.9189 (29.3464)  loss_bbox_unscaled: 0.2223 (0.4434)  loss_giou_unscaled: 0.6612 (1.0035)  loss_xy_unscaled: 0.0592 (0.1205)  loss_hw_unscaled: 0.1617 (0.3229)  cardinality_error_unscaled: 283.0000 (282.0806)  loss_ce_0_unscaled: 0.4399 (0.5336)  loss_bbox_0_unscaled: 0.2434 (0.4827)  loss_giou_0_unscaled: 0.6792 (1.0587)  loss_xy_0_unscaled: 0.0627 (0.1296)  loss_hw_0_unscaled: 0.1841 (0.3531)  cardinality_error_0_unscaled: 283.0000 (286.5911)  loss_ce_dn_0_unscaled: 0.1659 (0.4038)  loss_bbox_dn_0_unscaled: 0.1076 (0.1101)  loss_giou_dn_0_unscaled: 0.3305 (0.3317)  loss_xy_dn_0_unscaled: 0.0361 (0.0365)  loss_hw_dn_0_unscaled: 0.0703 (0.0736)  cardinality_error_dn_0_unscaled: 182.6667 (175.2639)  loss_ce_1_unscaled: 0.4385 (0.5196)  loss_bbox_1_unscaled: 0.2445 (0.4697)  loss_giou_1_unscaled: 0.6620 (1.0415)  loss_xy_1_unscaled: 0.0568 (0.1255)  loss_hw_1_unscaled: 0.1788 (0.3442)  cardinality_error_1_unscaled: 277.3333 (279.1118)  loss_ce_dn_1_unscaled: 0.1436 (0.3207)  loss_bbox_dn_1_unscaled: 0.1049 (0.1119)  loss_giou_dn_1_unscaled: 0.3293 (0.3329)  loss_xy_dn_1_unscaled: 0.0361 (0.0366)  loss_hw_dn_1_unscaled: 0.0679 (0.0753)  cardinality_error_dn_1_unscaled: 178.3333 (172.8389)  loss_ce_2_unscaled: 0.4374 (0.5202)  loss_bbox_2_unscaled: 0.2248 (0.4597)  loss_giou_2_unscaled: 0.6579 (1.0278)  loss_xy_2_unscaled: 0.0604 (0.1236)  loss_hw_2_unscaled: 0.1609 (0.3361)  cardinality_error_2_unscaled: 285.0000 (280.4703)  loss_ce_dn_2_unscaled: 0.1403 (0.2993)  loss_bbox_dn_2_unscaled: 0.1029 (0.1145)  loss_giou_dn_2_unscaled: 0.3291 (0.3357)  loss_xy_dn_2_unscaled: 0.0361 (0.0366)  loss_hw_dn_2_unscaled: 0.0669 (0.0779)  cardinality_error_dn_2_unscaled: 180.6667 (176.2256)  loss_ce_3_unscaled: 0.4235 (0.5321)  loss_bbox_3_unscaled: 0.2250 (0.4523)  loss_giou_3_unscaled: 0.6646 (1.0171)  loss_xy_3_unscaled: 0.0613 (0.1223)  loss_hw_3_unscaled: 0.1593 (0.3301)  cardinality_error_3_unscaled: 281.6667 (280.5468)  loss_ce_dn_3_unscaled: 0.1394 (0.3067)  loss_bbox_dn_3_unscaled: 0.1027 (0.1177)  loss_giou_dn_3_unscaled: 0.3306 (0.3396)  loss_xy_dn_3_unscaled: 0.0360 (0.0367)  loss_hw_dn_3_unscaled: 0.0679 (0.0810)  cardinality_error_dn_3_unscaled: 179.3333 (175.2115)  loss_ce_4_unscaled: 0.4273 (0.5439)  loss_bbox_4_unscaled: 0.2228 (0.4470)  loss_giou_4_unscaled: 0.6639 (1.0099)  loss_xy_4_unscaled: 0.0594 (0.1211)  loss_hw_4_unscaled: 0.1608 (0.3259)  cardinality_error_4_unscaled: 285.6667 (282.4512)  loss_ce_dn_4_unscaled: 0.1408 (0.3201)  loss_bbox_dn_4_unscaled: 0.1030 (0.1209)  loss_giou_dn_4_unscaled: 0.3323 (0.3437)  loss_xy_dn_4_unscaled: 0.0360 (0.0367)  loss_hw_dn_4_unscaled: 0.0689 (0.0842)  cardinality_error_dn_4_unscaled: 174.0000 (175.5428)  loss_ce_interm_unscaled: 0.5085 (0.5945)  loss_bbox_interm_unscaled: 0.2508 (0.4770)  loss_giou_interm_unscaled: 0.6843 (1.0647)  loss_xy_interm_unscaled: 0.0494 (0.1179)  loss_hw_interm_unscaled: 0.1996 (0.3591)  cardinality_error_interm_unscaled: 289.3333 (287.0776)  time: 0.3257  data: 0.0003  max mem: 22871
Epoch: [0]  [   340/111901]  eta: 10:28:56  lr: 0.000034  class_error: 23.53  loss: 28.6216 (43.5000)  loss_ce_dn: 0.1420 (0.3353)  loss_bbox_dn: 0.5233 (0.6205)  loss_giou_dn: 0.6619 (0.6958)  loss_ce: 0.4155 (0.5441)  loss_bbox: 1.1137 (2.1848)  loss_giou: 1.2889 (1.9857)  loss_ce_0: 0.4213 (0.5308)  loss_bbox_0: 1.2413 (2.3824)  loss_giou_0: 1.3356 (2.0945)  loss_ce_dn_0: 0.1508 (0.3963)  loss_bbox_dn_0: 0.5347 (0.5504)  loss_giou_dn_0: 0.6576 (0.6630)  loss_ce_1: 0.4281 (0.5170)  loss_bbox_1: 1.2293 (2.3150)  loss_giou_1: 1.3197 (2.0600)  loss_ce_dn_1: 0.1343 (0.3151)  loss_bbox_dn_1: 0.5219 (0.5586)  loss_giou_dn_1: 0.6546 (0.6654)  loss_ce_2: 0.4151 (0.5173)  loss_bbox_2: 1.1242 (2.2651)  loss_giou_2: 1.3092 (2.0332)  loss_ce_dn_2: 0.1301 (0.2943)  loss_bbox_dn_2: 0.5180 (0.5712)  loss_giou_dn_2: 0.6536 (0.6708)  loss_ce_3: 0.4007 (0.5285)  loss_bbox_3: 1.1265 (2.2286)  loss_giou_3: 1.2950 (2.0124)  loss_ce_dn_3: 0.1235 (0.3013)  loss_bbox_dn_3: 0.5187 (0.5868)  loss_giou_dn_3: 0.6565 (0.6783)  loss_ce_4: 0.4025 (0.5400)  loss_bbox_4: 1.1190 (2.2022)  loss_giou_4: 1.3044 (1.9984)  loss_ce_dn_4: 0.1322 (0.3144)  loss_bbox_dn_4: 0.5218 (0.6025)  loss_giou_dn_4: 0.6591 (0.6864)  loss_ce_interm: 0.5072 (0.5919)  loss_bbox_interm: 1.2541 (2.3548)  loss_giou_interm: 1.3513 (2.1068)  loss_ce_dn_unscaled: 0.1420 (0.3353)  loss_bbox_dn_unscaled: 0.1047 (0.1241)  loss_giou_dn_unscaled: 0.3310 (0.3479)  loss_xy_dn_unscaled: 0.0369 (0.0369)  loss_hw_dn_unscaled: 0.0669 (0.0873)  cardinality_error_dn_unscaled: 170.0000 (175.3979)  loss_ce_unscaled: 0.4155 (0.5441)  class_error_unscaled: 18.7500 (28.9899)  loss_bbox_unscaled: 0.2227 (0.4370)  loss_giou_unscaled: 0.6445 (0.9928)  loss_xy_unscaled: 0.0578 (0.1188)  loss_hw_unscaled: 0.1627 (0.3182)  cardinality_error_unscaled: 284.6667 (282.2727)  loss_ce_0_unscaled: 0.4213 (0.5308)  loss_bbox_0_unscaled: 0.2483 (0.4765)  loss_giou_0_unscaled: 0.6678 (1.0472)  loss_xy_0_unscaled: 0.0612 (0.1278)  loss_hw_0_unscaled: 0.1894 (0.3487)  cardinality_error_0_unscaled: 283.6667 (286.3685)  loss_ce_dn_0_unscaled: 0.1508 (0.3963)  loss_bbox_dn_0_unscaled: 0.1069 (0.1101)  loss_giou_dn_0_unscaled: 0.3288 (0.3315)  loss_xy_dn_0_unscaled: 0.0373 (0.0366)  loss_hw_dn_0_unscaled: 0.0690 (0.0735)  cardinality_error_dn_0_unscaled: 182.0000 (175.3099)  loss_ce_1_unscaled: 0.4281 (0.5170)  loss_bbox_1_unscaled: 0.2459 (0.4630)  loss_giou_1_unscaled: 0.6599 (1.0300)  loss_xy_1_unscaled: 0.0575 (0.1237)  loss_hw_1_unscaled: 0.1788 (0.3393)  cardinality_error_1_unscaled: 280.0000 (279.1906)  loss_ce_dn_1_unscaled: 0.1343 (0.3151)  loss_bbox_dn_1_unscaled: 0.1044 (0.1117)  loss_giou_dn_1_unscaled: 0.3273 (0.3327)  loss_xy_dn_1_unscaled: 0.0377 (0.0366)  loss_hw_dn_1_unscaled: 0.0674 (0.0751)  cardinality_error_dn_1_unscaled: 173.0000 (172.7605)  loss_ce_2_unscaled: 0.4151 (0.5173)  loss_bbox_2_unscaled: 0.2248 (0.4530)  loss_giou_2_unscaled: 0.6546 (1.0166)  loss_xy_2_unscaled: 0.0604 (0.1218)  loss_hw_2_unscaled: 0.1644 (0.3312)  cardinality_error_2_unscaled: 285.3333 (280.6110)  loss_ce_dn_2_unscaled: 0.1301 (0.2943)  loss_bbox_dn_2_unscaled: 0.1036 (0.1142)  loss_giou_dn_2_unscaled: 0.3268 (0.3354)  loss_xy_dn_2_unscaled: 0.0375 (0.0367)  loss_hw_dn_2_unscaled: 0.0660 (0.0776)  cardinality_error_dn_2_unscaled: 174.6667 (176.0528)  loss_ce_3_unscaled: 0.4007 (0.5285)  loss_bbox_3_unscaled: 0.2253 (0.4457)  loss_giou_3_unscaled: 0.6475 (1.0062)  loss_xy_3_unscaled: 0.0584 (0.1205)  loss_hw_3_unscaled: 0.1657 (0.3252)  cardinality_error_3_unscaled: 283.0000 (280.6501)  loss_ce_dn_3_unscaled: 0.1235 (0.3013)  loss_bbox_dn_3_unscaled: 0.1037 (0.1174)  loss_giou_dn_3_unscaled: 0.3282 (0.3392)  loss_xy_dn_3_unscaled: 0.0372 (0.0367)  loss_hw_dn_3_unscaled: 0.0662 (0.0806)  cardinality_error_dn_3_unscaled: 177.6667 (175.1496)  loss_ce_4_unscaled: 0.4025 (0.5400)  loss_bbox_4_unscaled: 0.2238 (0.4404)  loss_giou_4_unscaled: 0.6522 (0.9992)  loss_xy_4_unscaled: 0.0592 (0.1193)  loss_hw_4_unscaled: 0.1622 (0.3211)  cardinality_error_4_unscaled: 287.0000 (282.5210)  loss_ce_dn_4_unscaled: 0.1322 (0.3144)  loss_bbox_dn_4_unscaled: 0.1044 (0.1205)  loss_giou_dn_4_unscaled: 0.3295 (0.3432)  loss_xy_dn_4_unscaled: 0.0370 (0.0368)  loss_hw_dn_4_unscaled: 0.0664 (0.0837)  cardinality_error_dn_4_unscaled: 168.6667 (175.3881)  loss_ce_interm_unscaled: 0.5072 (0.5919)  loss_bbox_interm_unscaled: 0.2508 (0.4710)  loss_giou_interm_unscaled: 0.6757 (1.0534)  loss_xy_interm_unscaled: 0.0494 (0.1160)  loss_hw_interm_unscaled: 0.1996 (0.3550)  cardinality_error_interm_unscaled: 288.6667 (287.1017)  time: 0.3238  data: 0.0002  max mem: 22871
Epoch: [0]  [   350/111901]  eta: 10:26:30  lr: 0.000035  class_error: 9.09  loss: 28.2123 (43.0720)  loss_ce_dn: 0.1372 (0.3297)  loss_bbox_dn: 0.5207 (0.6174)  loss_giou_dn: 0.6479 (0.6943)  loss_ce: 0.4135 (0.5403)  loss_bbox: 1.1361 (2.1560)  loss_giou: 1.2889 (1.9670)  loss_ce_0: 0.4174 (0.5275)  loss_bbox_0: 1.2788 (2.3500)  loss_giou_0: 1.3224 (2.0740)  loss_ce_dn_0: 0.1469 (0.3892)  loss_bbox_dn_0: 0.5132 (0.5493)  loss_giou_dn_0: 0.6535 (0.6626)  loss_ce_1: 0.4261 (0.5140)  loss_bbox_1: 1.1595 (2.2832)  loss_giou_1: 1.2932 (2.0399)  loss_ce_dn_1: 0.1275 (0.3100)  loss_bbox_dn_1: 0.5038 (0.5570)  loss_giou_dn_1: 0.6463 (0.6648)  loss_ce_2: 0.4091 (0.5138)  loss_bbox_2: 1.1242 (2.2342)  loss_giou_2: 1.2785 (2.0136)  loss_ce_dn_2: 0.1223 (0.2895)  loss_bbox_dn_2: 0.4964 (0.5693)  loss_giou_dn_2: 0.6488 (0.6700)  loss_ce_3: 0.3895 (0.5247)  loss_bbox_3: 1.1434 (2.1986)  loss_giou_3: 1.2827 (1.9934)  loss_ce_dn_3: 0.1221 (0.2964)  loss_bbox_dn_3: 0.5148 (0.5845)  loss_giou_dn_3: 0.6479 (0.6774)  loss_ce_4: 0.4002 (0.5359)  loss_bbox_4: 1.1458 (2.1730)  loss_giou_4: 1.2890 (1.9796)  loss_ce_dn_4: 0.1298 (0.3092)  loss_bbox_dn_4: 0.5186 (0.5998)  loss_giou_dn_4: 0.6479 (0.6851)  loss_ce_interm: 0.4868 (0.5890)  loss_bbox_interm: 1.1976 (2.3228)  loss_giou_interm: 1.3294 (2.0861)  loss_ce_dn_unscaled: 0.1372 (0.3297)  loss_bbox_dn_unscaled: 0.1041 (0.1235)  loss_giou_dn_unscaled: 0.3240 (0.3471)  loss_xy_dn_unscaled: 0.0358 (0.0368)  loss_hw_dn_unscaled: 0.0668 (0.0867)  cardinality_error_dn_unscaled: 171.6667 (175.3704)  loss_ce_unscaled: 0.4135 (0.5403)  class_error_unscaled: 17.2414 (28.6561)  loss_bbox_unscaled: 0.2272 (0.4312)  loss_giou_unscaled: 0.6445 (0.9835)  loss_xy_unscaled: 0.0656 (0.1174)  loss_hw_unscaled: 0.1626 (0.3137)  cardinality_error_unscaled: 287.6667 (282.1349)  loss_ce_0_unscaled: 0.4174 (0.5275)  loss_bbox_0_unscaled: 0.2558 (0.4700)  loss_giou_0_unscaled: 0.6612 (1.0370)  loss_xy_0_unscaled: 0.0666 (0.1262)  loss_hw_0_unscaled: 0.1891 (0.3438)  cardinality_error_0_unscaled: 284.6667 (286.1377)  loss_ce_dn_0_unscaled: 0.1469 (0.3892)  loss_bbox_dn_0_unscaled: 0.1026 (0.1099)  loss_giou_dn_0_unscaled: 0.3267 (0.3313)  loss_xy_dn_0_unscaled: 0.0371 (0.0366)  loss_hw_dn_0_unscaled: 0.0660 (0.0733)  cardinality_error_dn_0_unscaled: 171.6667 (175.3457)  loss_ce_1_unscaled: 0.4261 (0.5140)  loss_bbox_1_unscaled: 0.2319 (0.4566)  loss_giou_1_unscaled: 0.6466 (1.0200)  loss_xy_1_unscaled: 0.0651 (0.1221)  loss_hw_1_unscaled: 0.1744 (0.3345)  cardinality_error_1_unscaled: 285.6667 (279.1785)  loss_ce_dn_1_unscaled: 0.1275 (0.3100)  loss_bbox_dn_1_unscaled: 0.1008 (0.1114)  loss_giou_dn_1_unscaled: 0.3231 (0.3324)  loss_xy_dn_1_unscaled: 0.0370 (0.0366)  loss_hw_dn_1_unscaled: 0.0647 (0.0748)  cardinality_error_dn_1_unscaled: 171.0000 (172.8490)  loss_ce_2_unscaled: 0.4091 (0.5138)  loss_bbox_2_unscaled: 0.2248 (0.4468)  loss_giou_2_unscaled: 0.6392 (1.0068)  loss_xy_2_unscaled: 0.0682 (0.1204)  loss_hw_2_unscaled: 0.1610 (0.3264)  cardinality_error_2_unscaled: 286.3333 (280.6809)  loss_ce_dn_2_unscaled: 0.1223 (0.2895)  loss_bbox_dn_2_unscaled: 0.0993 (0.1139)  loss_giou_dn_2_unscaled: 0.3244 (0.3350)  loss_xy_dn_2_unscaled: 0.0366 (0.0366)  loss_hw_dn_2_unscaled: 0.0645 (0.0772)  cardinality_error_dn_2_unscaled: 171.0000 (176.0351)  loss_ce_3_unscaled: 0.3895 (0.5247)  loss_bbox_3_unscaled: 0.2287 (0.4397)  loss_giou_3_unscaled: 0.6414 (0.9967)  loss_xy_3_unscaled: 0.0670 (0.1191)  loss_hw_3_unscaled: 0.1611 (0.3206)  cardinality_error_3_unscaled: 286.3333 (280.5736)  loss_ce_dn_3_unscaled: 0.1221 (0.2964)  loss_bbox_dn_3_unscaled: 0.1030 (0.1169)  loss_giou_dn_3_unscaled: 0.3240 (0.3387)  loss_xy_dn_3_unscaled: 0.0363 (0.0367)  loss_hw_dn_3_unscaled: 0.0662 (0.0802)  cardinality_error_dn_3_unscaled: 171.0000 (175.0722)  loss_ce_4_unscaled: 0.4002 (0.5359)  loss_bbox_4_unscaled: 0.2292 (0.4346)  loss_giou_4_unscaled: 0.6445 (0.9898)  loss_xy_4_unscaled: 0.0661 (0.1180)  loss_hw_4_unscaled: 0.1617 (0.3166)  cardinality_error_4_unscaled: 287.6667 (282.3096)  loss_ce_dn_4_unscaled: 0.1298 (0.3092)  loss_bbox_dn_4_unscaled: 0.1037 (0.1200)  loss_giou_dn_4_unscaled: 0.3239 (0.3426)  loss_xy_dn_4_unscaled: 0.0360 (0.0367)  loss_hw_dn_4_unscaled: 0.0664 (0.0832)  cardinality_error_dn_4_unscaled: 168.6667 (175.0114)  loss_ce_interm_unscaled: 0.4868 (0.5890)  loss_bbox_interm_unscaled: 0.2395 (0.4646)  loss_giou_interm_unscaled: 0.6647 (1.0430)  loss_xy_interm_unscaled: 0.0530 (0.1144)  loss_hw_interm_unscaled: 0.1949 (0.3502)  cardinality_error_interm_unscaled: 287.6667 (286.9326)  time: 0.3009  data: 0.0002  max mem: 22871
Epoch: [0]  [   360/111901]  eta: 10:27:38  lr: 0.000036  class_error: 22.58  loss: 28.2123 (42.6603)  loss_ce_dn: 0.1327 (0.3245)  loss_bbox_dn: 0.4887 (0.6143)  loss_giou_dn: 0.6349 (0.6926)  loss_ce: 0.4308 (0.5376)  loss_bbox: 1.0807 (2.1264)  loss_giou: 1.3096 (1.9486)  loss_ce_0: 0.4134 (0.5245)  loss_bbox_0: 1.2788 (2.3199)  loss_giou_0: 1.3224 (2.0540)  loss_ce_dn_0: 0.1373 (0.3822)  loss_bbox_dn_0: 0.5104 (0.5485)  loss_giou_dn_0: 0.6435 (0.6621)  loss_ce_1: 0.4296 (0.5117)  loss_bbox_1: 1.1475 (2.2518)  loss_giou_1: 1.3382 (2.0202)  loss_ce_dn_1: 0.1266 (0.3048)  loss_bbox_dn_1: 0.4942 (0.5558)  loss_giou_dn_1: 0.6344 (0.6640)  loss_ce_2: 0.4096 (0.5116)  loss_bbox_2: 1.0937 (2.2033)  loss_giou_2: 1.3160 (1.9943)  loss_ce_dn_2: 0.1217 (0.2849)  loss_bbox_dn_2: 0.4905 (0.5677)  loss_giou_dn_2: 0.6325 (0.6691)  loss_ce_3: 0.4137 (0.5225)  loss_bbox_3: 1.0840 (2.1683)  loss_giou_3: 1.3072 (1.9745)  loss_ce_dn_3: 0.1182 (0.2916)  loss_bbox_dn_3: 0.4885 (0.5824)  loss_giou_dn_3: 0.6355 (0.6762)  loss_ce_4: 0.4160 (0.5335)  loss_bbox_4: 1.0789 (2.1432)  loss_giou_4: 1.3161 (1.9609)  loss_ce_dn_4: 0.1272 (0.3043)  loss_bbox_dn_4: 0.4894 (0.5973)  loss_giou_dn_4: 0.6353 (0.6837)  loss_ce_interm: 0.4819 (0.5863)  loss_bbox_interm: 1.2902 (2.2951)  loss_giou_interm: 1.3562 (2.0664)  loss_ce_dn_unscaled: 0.1327 (0.3245)  loss_bbox_dn_unscaled: 0.0977 (0.1229)  loss_giou_dn_unscaled: 0.3174 (0.3463)  loss_xy_dn_unscaled: 0.0343 (0.0368)  loss_hw_dn_unscaled: 0.0624 (0.0861)  cardinality_error_dn_unscaled: 171.6667 (175.1404)  loss_ce_unscaled: 0.4308 (0.5376)  class_error_unscaled: 18.5185 (28.3312)  loss_bbox_unscaled: 0.2161 (0.4253)  loss_giou_unscaled: 0.6548 (0.9743)  loss_xy_unscaled: 0.0656 (0.1160)  loss_hw_unscaled: 0.1539 (0.3093)  cardinality_error_unscaled: 274.0000 (281.8615)  loss_ce_0_unscaled: 0.4134 (0.5245)  loss_bbox_0_unscaled: 0.2558 (0.4640)  loss_giou_0_unscaled: 0.6612 (1.0270)  loss_xy_0_unscaled: 0.0714 (0.1246)  loss_hw_0_unscaled: 0.1859 (0.3393)  cardinality_error_0_unscaled: 281.3333 (285.6981)  loss_ce_dn_0_unscaled: 0.1373 (0.3822)  loss_bbox_dn_0_unscaled: 0.1021 (0.1097)  loss_giou_dn_0_unscaled: 0.3218 (0.3310)  loss_xy_dn_0_unscaled: 0.0352 (0.0365)  loss_hw_dn_0_unscaled: 0.0649 (0.0732)  cardinality_error_dn_0_unscaled: 173.3333 (175.3500)  loss_ce_1_unscaled: 0.4296 (0.5117)  loss_bbox_1_unscaled: 0.2295 (0.4504)  loss_giou_1_unscaled: 0.6691 (1.0101)  loss_xy_1_unscaled: 0.0692 (0.1206)  loss_hw_1_unscaled: 0.1666 (0.3298)  cardinality_error_1_unscaled: 277.3333 (278.5827)  loss_ce_dn_1_unscaled: 0.1266 (0.3048)  loss_bbox_dn_1_unscaled: 0.0988 (0.1112)  loss_giou_dn_1_unscaled: 0.3172 (0.3320)  loss_xy_dn_1_unscaled: 0.0351 (0.0366)  loss_hw_dn_1_unscaled: 0.0634 (0.0746)  cardinality_error_dn_1_unscaled: 171.6667 (172.6888)  loss_ce_2_unscaled: 0.4096 (0.5116)  loss_bbox_2_unscaled: 0.2187 (0.4407)  loss_giou_2_unscaled: 0.6580 (0.9971)  loss_xy_2_unscaled: 0.0701 (0.1189)  loss_hw_2_unscaled: 0.1596 (0.3218)  cardinality_error_2_unscaled: 281.3333 (280.2447)  loss_ce_dn_2_unscaled: 0.1217 (0.2849)  loss_bbox_dn_2_unscaled: 0.0981 (0.1135)  loss_giou_dn_2_unscaled: 0.3162 (0.3345)  loss_xy_dn_2_unscaled: 0.0349 (0.0366)  loss_hw_dn_2_unscaled: 0.0644 (0.0769)  cardinality_error_dn_2_unscaled: 171.6667 (175.8098)  loss_ce_3_unscaled: 0.4137 (0.5225)  loss_bbox_3_unscaled: 0.2168 (0.4337)  loss_giou_3_unscaled: 0.6536 (0.9872)  loss_xy_3_unscaled: 0.0676 (0.1176)  loss_hw_3_unscaled: 0.1549 (0.3160)  cardinality_error_3_unscaled: 275.3333 (280.1404)  loss_ce_dn_3_unscaled: 0.1182 (0.2916)  loss_bbox_dn_3_unscaled: 0.0977 (0.1165)  loss_giou_dn_3_unscaled: 0.3178 (0.3381)  loss_xy_dn_3_unscaled: 0.0346 (0.0366)  loss_hw_dn_3_unscaled: 0.0630 (0.0798)  cardinality_error_dn_3_unscaled: 170.6667 (174.6981)  loss_ce_4_unscaled: 0.4160 (0.5335)  loss_bbox_4_unscaled: 0.2158 (0.4286)  loss_giou_4_unscaled: 0.6581 (0.9804)  loss_xy_4_unscaled: 0.0676 (0.1165)  loss_hw_4_unscaled: 0.1611 (0.3121)  cardinality_error_4_unscaled: 284.0000 (282.3176)  loss_ce_dn_4_unscaled: 0.1272 (0.3043)  loss_bbox_dn_4_unscaled: 0.0979 (0.1195)  loss_giou_dn_4_unscaled: 0.3176 (0.3419)  loss_xy_dn_4_unscaled: 0.0344 (0.0367)  loss_hw_dn_4_unscaled: 0.0627 (0.0828)  cardinality_error_dn_4_unscaled: 170.3333 (174.8079)  loss_ce_interm_unscaled: 0.4819 (0.5863)  loss_bbox_interm_unscaled: 0.2580 (0.4590)  loss_giou_interm_unscaled: 0.6781 (1.0332)  loss_xy_interm_unscaled: 0.0611 (0.1128)  loss_hw_interm_unscaled: 0.1876 (0.3462)  cardinality_error_interm_unscaled: 281.0000 (286.3444)  time: 0.3267  data: 0.0002  max mem: 22871
Epoch: [0]  [   370/111901]  eta: 10:27:49  lr: 0.000037  class_error: 14.29  loss: 26.9458 (42.2384)  loss_ce_dn: 0.1411 (0.3196)  loss_bbox_dn: 0.4782 (0.6111)  loss_giou_dn: 0.6313 (0.6908)  loss_ce: 0.4360 (0.5347)  loss_bbox: 1.0557 (2.0968)  loss_giou: 1.2468 (1.9287)  loss_ce_0: 0.4159 (0.5221)  loss_bbox_0: 1.1759 (2.2883)  loss_giou_0: 1.2922 (2.0323)  loss_ce_dn_0: 0.1328 (0.3757)  loss_bbox_dn_0: 0.5050 (0.5484)  loss_giou_dn_0: 0.6476 (0.6617)  loss_ce_1: 0.4162 (0.5092)  loss_bbox_1: 1.1019 (2.2203)  loss_giou_1: 1.2777 (1.9988)  loss_ce_dn_1: 0.1186 (0.2998)  loss_bbox_dn_1: 0.4898 (0.5549)  loss_giou_dn_1: 0.6360 (0.6633)  loss_ce_2: 0.4205 (0.5090)  loss_bbox_2: 1.0789 (2.1726)  loss_giou_2: 1.2615 (1.9734)  loss_ce_dn_2: 0.1171 (0.2805)  loss_bbox_dn_2: 0.4879 (0.5662)  loss_giou_dn_2: 0.6293 (0.6680)  loss_ce_3: 0.4137 (0.5196)  loss_bbox_3: 1.0614 (2.1382)  loss_giou_3: 1.2573 (1.9541)  loss_ce_dn_3: 0.1182 (0.2871)  loss_bbox_dn_3: 0.4836 (0.5803)  loss_giou_dn_3: 0.6322 (0.6748)  loss_ce_4: 0.4373 (0.5305)  loss_bbox_4: 1.0626 (2.1135)  loss_giou_4: 1.2456 (1.9407)  loss_ce_dn_4: 0.1313 (0.2998)  loss_bbox_dn_4: 0.4798 (0.5947)  loss_giou_dn_4: 0.6322 (0.6822)  loss_ce_interm: 0.4839 (0.5850)  loss_bbox_interm: 1.1769 (2.2664)  loss_giou_interm: 1.3162 (2.0454)  loss_ce_dn_unscaled: 0.1411 (0.3196)  loss_bbox_dn_unscaled: 0.0956 (0.1222)  loss_giou_dn_unscaled: 0.3157 (0.3454)  loss_xy_dn_unscaled: 0.0330 (0.0367)  loss_hw_dn_unscaled: 0.0612 (0.0855)  cardinality_error_dn_unscaled: 168.6667 (174.8176)  loss_ce_unscaled: 0.4360 (0.5347)  class_error_unscaled: 16.6667 (28.0322)  loss_bbox_unscaled: 0.2111 (0.4194)  loss_giou_unscaled: 0.6234 (0.9643)  loss_xy_unscaled: 0.0516 (0.1143)  loss_hw_unscaled: 0.1504 (0.3050)  cardinality_error_unscaled: 274.3333 (281.6496)  loss_ce_0_unscaled: 0.4159 (0.5221)  loss_bbox_0_unscaled: 0.2352 (0.4577)  loss_giou_0_unscaled: 0.6461 (1.0161)  loss_xy_0_unscaled: 0.0652 (0.1228)  loss_hw_0_unscaled: 0.1665 (0.3348)  cardinality_error_0_unscaled: 282.0000 (285.6307)  loss_ce_dn_0_unscaled: 0.1328 (0.3757)  loss_bbox_dn_0_unscaled: 0.1010 (0.1097)  loss_giou_dn_0_unscaled: 0.3238 (0.3309)  loss_xy_dn_0_unscaled: 0.0349 (0.0366)  loss_hw_dn_0_unscaled: 0.0649 (0.0731)  cardinality_error_dn_0_unscaled: 174.6667 (175.4016)  loss_ce_1_unscaled: 0.4162 (0.5092)  loss_bbox_1_unscaled: 0.2204 (0.4441)  loss_giou_1_unscaled: 0.6388 (0.9994)  loss_xy_1_unscaled: 0.0606 (0.1188)  loss_hw_1_unscaled: 0.1601 (0.3252)  cardinality_error_1_unscaled: 281.6667 (278.7116)  loss_ce_dn_1_unscaled: 0.1186 (0.2998)  loss_bbox_dn_1_unscaled: 0.0980 (0.1110)  loss_giou_dn_1_unscaled: 0.3180 (0.3316)  loss_xy_dn_1_unscaled: 0.0345 (0.0366)  loss_hw_dn_1_unscaled: 0.0628 (0.0744)  cardinality_error_dn_1_unscaled: 169.6667 (172.5274)  loss_ce_2_unscaled: 0.4205 (0.5090)  loss_bbox_2_unscaled: 0.2158 (0.4345)  loss_giou_2_unscaled: 0.6307 (0.9867)  loss_xy_2_unscaled: 0.0629 (0.1173)  loss_hw_2_unscaled: 0.1571 (0.3172)  cardinality_error_2_unscaled: 283.0000 (280.2758)  loss_ce_dn_2_unscaled: 0.1171 (0.2805)  loss_bbox_dn_2_unscaled: 0.0976 (0.1132)  loss_giou_dn_2_unscaled: 0.3147 (0.3340)  loss_xy_dn_2_unscaled: 0.0343 (0.0366)  loss_hw_dn_2_unscaled: 0.0635 (0.0766)  cardinality_error_dn_2_unscaled: 169.6667 (175.5517)  loss_ce_3_unscaled: 0.4137 (0.5196)  loss_bbox_3_unscaled: 0.2123 (0.4276)  loss_giou_3_unscaled: 0.6287 (0.9770)  loss_xy_3_unscaled: 0.0598 (0.1160)  loss_hw_3_unscaled: 0.1516 (0.3116)  cardinality_error_3_unscaled: 280.6667 (280.1824)  loss_ce_dn_3_unscaled: 0.1182 (0.2871)  loss_bbox_dn_3_unscaled: 0.0967 (0.1161)  loss_giou_dn_3_unscaled: 0.3161 (0.3374)  loss_xy_dn_3_unscaled: 0.0337 (0.0366)  loss_hw_dn_3_unscaled: 0.0625 (0.0794)  cardinality_error_dn_3_unscaled: 167.6667 (174.3738)  loss_ce_4_unscaled: 0.4373 (0.5305)  loss_bbox_4_unscaled: 0.2125 (0.4227)  loss_giou_4_unscaled: 0.6228 (0.9703)  loss_xy_4_unscaled: 0.0586 (0.1149)  loss_hw_4_unscaled: 0.1510 (0.3078)  cardinality_error_4_unscaled: 284.3333 (282.2022)  loss_ce_dn_4_unscaled: 0.1313 (0.2998)  loss_bbox_dn_4_unscaled: 0.0960 (0.1189)  loss_giou_dn_4_unscaled: 0.3161 (0.3411)  loss_xy_dn_4_unscaled: 0.0332 (0.0367)  loss_hw_dn_4_unscaled: 0.0620 (0.0823)  cardinality_error_dn_4_unscaled: 168.6667 (174.4681)  loss_ce_interm_unscaled: 0.4839 (0.5850)  loss_bbox_interm_unscaled: 0.2354 (0.4533)  loss_giou_interm_unscaled: 0.6581 (1.0227)  loss_xy_interm_unscaled: 0.0491 (0.1112)  loss_hw_interm_unscaled: 0.1802 (0.3421)  cardinality_error_interm_unscaled: 286.3333 (286.3630)  time: 0.3511  data: 0.0002  max mem: 22871
Epoch: [0]  [   380/111901]  eta: 10:26:58  lr: 0.000038  class_error: 35.71  loss: 25.8252 (41.8221)  loss_ce_dn: 0.1302 (0.3149)  loss_bbox_dn: 0.4598 (0.6066)  loss_giou_dn: 0.6154 (0.6888)  loss_ce: 0.4136 (0.5313)  loss_bbox: 0.8693 (2.0683)  loss_giou: 1.2157 (1.9109)  loss_ce_0: 0.4008 (0.5190)  loss_bbox_0: 1.0186 (2.2567)  loss_giou_0: 1.2879 (2.0135)  loss_ce_dn_0: 0.1312 (0.3695)  loss_bbox_dn_0: 0.4942 (0.5466)  loss_giou_dn_0: 0.6476 (0.6612)  loss_ce_1: 0.3973 (0.5060)  loss_bbox_1: 0.9099 (2.1895)  loss_giou_1: 1.2584 (1.9800)  loss_ce_dn_1: 0.1156 (0.2952)  loss_bbox_dn_1: 0.4753 (0.5523)  loss_giou_dn_1: 0.6360 (0.6624)  loss_ce_2: 0.3875 (0.5057)  loss_bbox_2: 0.9321 (2.1427)  loss_giou_2: 1.2327 (1.9550)  loss_ce_dn_2: 0.1127 (0.2763)  loss_bbox_dn_2: 0.4702 (0.5631)  loss_giou_dn_2: 0.6272 (0.6668)  loss_ce_3: 0.4078 (0.5163)  loss_bbox_3: 0.8964 (2.1088)  loss_giou_3: 1.2354 (1.9360)  loss_ce_dn_3: 0.1150 (0.2828)  loss_bbox_dn_3: 0.4684 (0.5767)  loss_giou_dn_3: 0.6212 (0.6733)  loss_ce_4: 0.4215 (0.5271)  loss_bbox_4: 0.8780 (2.0848)  loss_giou_4: 1.2306 (1.9229)  loss_ce_dn_4: 0.1229 (0.2952)  loss_bbox_dn_4: 0.4622 (0.5906)  loss_giou_dn_4: 0.6176 (0.6804)  loss_ce_interm: 0.4856 (0.5826)  loss_bbox_interm: 1.0899 (2.2364)  loss_giou_interm: 1.3053 (2.0260)  loss_ce_dn_unscaled: 0.1302 (0.3149)  loss_bbox_dn_unscaled: 0.0920 (0.1213)  loss_giou_dn_unscaled: 0.3077 (0.3444)  loss_xy_dn_unscaled: 0.0322 (0.0366)  loss_hw_dn_unscaled: 0.0589 (0.0847)  cardinality_error_dn_unscaled: 165.6667 (174.3570)  loss_ce_unscaled: 0.4136 (0.5313)  class_error_unscaled: 15.1515 (27.7218)  loss_bbox_unscaled: 0.1739 (0.4137)  loss_giou_unscaled: 0.6078 (0.9555)  loss_xy_unscaled: 0.0543 (0.1129)  loss_hw_unscaled: 0.1292 (0.3008)  cardinality_error_unscaled: 282.6667 (281.4733)  loss_ce_0_unscaled: 0.4008 (0.5190)  loss_bbox_0_unscaled: 0.2037 (0.4513)  loss_giou_0_unscaled: 0.6439 (1.0067)  loss_xy_0_unscaled: 0.0642 (0.1213)  loss_hw_0_unscaled: 0.1437 (0.3300)  cardinality_error_0_unscaled: 280.0000 (285.1601)  loss_ce_dn_0_unscaled: 0.1312 (0.3695)  loss_bbox_dn_0_unscaled: 0.0988 (0.1093)  loss_giou_dn_0_unscaled: 0.3238 (0.3306)  loss_xy_dn_0_unscaled: 0.0353 (0.0365)  loss_hw_dn_0_unscaled: 0.0642 (0.0728)  cardinality_error_dn_0_unscaled: 171.0000 (175.1724)  loss_ce_1_unscaled: 0.3973 (0.5060)  loss_bbox_1_unscaled: 0.1820 (0.4379)  loss_giou_1_unscaled: 0.6292 (0.9900)  loss_xy_1_unscaled: 0.0606 (0.1174)  loss_hw_1_unscaled: 0.1318 (0.3205)  cardinality_error_1_unscaled: 278.0000 (278.2537)  loss_ce_dn_1_unscaled: 0.1156 (0.2952)  loss_bbox_dn_1_unscaled: 0.0951 (0.1105)  loss_giou_dn_1_unscaled: 0.3180 (0.3312)  loss_xy_dn_1_unscaled: 0.0348 (0.0365)  loss_hw_dn_1_unscaled: 0.0620 (0.0740)  cardinality_error_dn_1_unscaled: 165.0000 (172.0324)  loss_ce_2_unscaled: 0.3875 (0.5057)  loss_bbox_2_unscaled: 0.1864 (0.4285)  loss_giou_2_unscaled: 0.6163 (0.9775)  loss_xy_2_unscaled: 0.0600 (0.1158)  loss_hw_2_unscaled: 0.1347 (0.3127)  cardinality_error_2_unscaled: 283.3333 (280.0613)  loss_ce_dn_2_unscaled: 0.1127 (0.2763)  loss_bbox_dn_2_unscaled: 0.0940 (0.1126)  loss_giou_dn_2_unscaled: 0.3136 (0.3334)  loss_xy_dn_2_unscaled: 0.0343 (0.0365)  loss_hw_dn_2_unscaled: 0.0607 (0.0761)  cardinality_error_dn_2_unscaled: 166.0000 (175.0849)  loss_ce_3_unscaled: 0.4078 (0.5163)  loss_bbox_3_unscaled: 0.1793 (0.4218)  loss_giou_3_unscaled: 0.6177 (0.9680)  loss_xy_3_unscaled: 0.0599 (0.1146)  loss_hw_3_unscaled: 0.1327 (0.3071)  cardinality_error_3_unscaled: 284.3333 (280.0096)  loss_ce_dn_3_unscaled: 0.1150 (0.2828)  loss_bbox_dn_3_unscaled: 0.0937 (0.1153)  loss_giou_dn_3_unscaled: 0.3106 (0.3367)  loss_xy_dn_3_unscaled: 0.0336 (0.0365)  loss_hw_dn_3_unscaled: 0.0596 (0.0788)  cardinality_error_dn_3_unscaled: 165.6667 (174.0359)  loss_ce_4_unscaled: 0.4215 (0.5271)  loss_bbox_4_unscaled: 0.1756 (0.4170)  loss_giou_4_unscaled: 0.6153 (0.9614)  loss_xy_4_unscaled: 0.0588 (0.1135)  loss_hw_4_unscaled: 0.1319 (0.3034)  cardinality_error_4_unscaled: 284.3333 (281.9580)  loss_ce_dn_4_unscaled: 0.1229 (0.2952)  loss_bbox_dn_4_unscaled: 0.0924 (0.1181)  loss_giou_dn_4_unscaled: 0.3088 (0.3402)  loss_xy_dn_4_unscaled: 0.0330 (0.0365)  loss_hw_dn_4_unscaled: 0.0595 (0.0816)  cardinality_error_dn_4_unscaled: 165.3333 (174.0280)  loss_ce_interm_unscaled: 0.4856 (0.5826)  loss_bbox_interm_unscaled: 0.2180 (0.4473)  loss_giou_interm_unscaled: 0.6526 (1.0130)  loss_xy_interm_unscaled: 0.0494 (0.1097)  loss_hw_interm_unscaled: 0.1651 (0.3376)  cardinality_error_interm_unscaled: 288.3333 (286.2415)  time: 0.3320  data: 0.0002  max mem: 22871
Epoch: [0]  [   390/111901]  eta: 10:27:15  lr: 0.000039  class_error: 16.00  loss: 25.0840 (41.4093)  loss_ce_dn: 0.1244 (0.3101)  loss_bbox_dn: 0.4431 (0.6029)  loss_giou_dn: 0.5891 (0.6859)  loss_ce: 0.3799 (0.5277)  loss_bbox: 0.9293 (2.0403)  loss_giou: 1.1529 (1.8918)  loss_ce_0: 0.4071 (0.5164)  loss_bbox_0: 1.0323 (2.2276)  loss_giou_0: 1.2543 (1.9936)  loss_ce_dn_0: 0.1168 (0.3629)  loss_bbox_dn_0: 0.4872 (0.5457)  loss_giou_dn_0: 0.6276 (0.6601)  loss_ce_1: 0.3990 (0.5035)  loss_bbox_1: 0.9935 (2.1601)  loss_giou_1: 1.2181 (1.9601)  loss_ce_dn_1: 0.1056 (0.2904)  loss_bbox_dn_1: 0.4691 (0.5508)  loss_giou_dn_1: 0.6145 (0.6608)  loss_ce_2: 0.3796 (0.5028)  loss_bbox_2: 0.9764 (2.1137)  loss_giou_2: 1.1909 (1.9351)  loss_ce_dn_2: 0.1040 (0.2720)  loss_bbox_dn_2: 0.4702 (0.5610)  loss_giou_dn_2: 0.6048 (0.6649)  loss_ce_3: 0.3810 (0.5131)  loss_bbox_3: 0.9542 (2.0801)  loss_giou_3: 1.1645 (1.9164)  loss_ce_dn_3: 0.1111 (0.2785)  loss_bbox_dn_3: 0.4604 (0.5739)  loss_giou_dn_3: 0.5954 (0.6710)  loss_ce_4: 0.3887 (0.5234)  loss_bbox_4: 0.9445 (2.0564)  loss_giou_4: 1.1557 (1.9036)  loss_ce_dn_4: 0.1123 (0.2906)  loss_bbox_dn_4: 0.4493 (0.5873)  loss_giou_dn_4: 0.5896 (0.6778)  loss_ce_interm: 0.4856 (0.5804)  loss_bbox_interm: 1.1277 (2.2098)  loss_giou_interm: 1.2705 (2.0070)  loss_ce_dn_unscaled: 0.1244 (0.3101)  loss_bbox_dn_unscaled: 0.0886 (0.1206)  loss_giou_dn_unscaled: 0.2945 (0.3430)  loss_xy_dn_unscaled: 0.0294 (0.0364)  loss_hw_dn_unscaled: 0.0587 (0.0842)  cardinality_error_dn_unscaled: 162.6667 (173.6667)  loss_ce_unscaled: 0.3799 (0.5277)  class_error_unscaled: 14.2857 (27.3626)  loss_bbox_unscaled: 0.1859 (0.4081)  loss_giou_unscaled: 0.5765 (0.9459)  loss_xy_unscaled: 0.0555 (0.1115)  loss_hw_unscaled: 0.1350 (0.2966)  cardinality_error_unscaled: 281.0000 (280.7707)  loss_ce_0_unscaled: 0.4071 (0.5164)  loss_bbox_0_unscaled: 0.2065 (0.4455)  loss_giou_0_unscaled: 0.6271 (0.9968)  loss_xy_0_unscaled: 0.0645 (0.1199)  loss_hw_0_unscaled: 0.1472 (0.3256)  cardinality_error_0_unscaled: 272.0000 (284.3726)  loss_ce_dn_0_unscaled: 0.1168 (0.3629)  loss_bbox_dn_0_unscaled: 0.0974 (0.1091)  loss_giou_dn_0_unscaled: 0.3138 (0.3300)  loss_xy_dn_0_unscaled: 0.0365 (0.0365)  loss_hw_dn_0_unscaled: 0.0619 (0.0726)  cardinality_error_dn_0_unscaled: 171.3333 (175.1466)  loss_ce_1_unscaled: 0.3990 (0.5035)  loss_bbox_1_unscaled: 0.1987 (0.4320)  loss_giou_1_unscaled: 0.6091 (0.9800)  loss_xy_1_unscaled: 0.0606 (0.1160)  loss_hw_1_unscaled: 0.1371 (0.3160)  cardinality_error_1_unscaled: 272.3333 (277.5490)  loss_ce_dn_1_unscaled: 0.1056 (0.2904)  loss_bbox_dn_1_unscaled: 0.0938 (0.1102)  loss_giou_dn_1_unscaled: 0.3072 (0.3304)  loss_xy_dn_1_unscaled: 0.0357 (0.0365)  loss_hw_dn_1_unscaled: 0.0587 (0.0737)  cardinality_error_dn_1_unscaled: 163.6667 (171.7758)  loss_ce_2_unscaled: 0.3796 (0.5028)  loss_bbox_2_unscaled: 0.1953 (0.4227)  loss_giou_2_unscaled: 0.5954 (0.9676)  loss_xy_2_unscaled: 0.0600 (0.1144)  loss_hw_2_unscaled: 0.1364 (0.3083)  cardinality_error_2_unscaled: 280.0000 (279.6462)  loss_ce_dn_2_unscaled: 0.1040 (0.2720)  loss_bbox_dn_2_unscaled: 0.0940 (0.1122)  loss_giou_dn_2_unscaled: 0.3024 (0.3325)  loss_xy_dn_2_unscaled: 0.0343 (0.0365)  loss_hw_dn_2_unscaled: 0.0577 (0.0757)  cardinality_error_dn_2_unscaled: 163.6667 (174.6624)  loss_ce_3_unscaled: 0.3810 (0.5131)  loss_bbox_3_unscaled: 0.1908 (0.4160)  loss_giou_3_unscaled: 0.5822 (0.9582)  loss_xy_3_unscaled: 0.0594 (0.1132)  loss_hw_3_unscaled: 0.1339 (0.3028)  cardinality_error_3_unscaled: 279.6667 (279.4570)  loss_ce_dn_3_unscaled: 0.1111 (0.2785)  loss_bbox_dn_3_unscaled: 0.0921 (0.1148)  loss_giou_dn_3_unscaled: 0.2977 (0.3355)  loss_xy_dn_3_unscaled: 0.0331 (0.0364)  loss_hw_dn_3_unscaled: 0.0578 (0.0784)  cardinality_error_dn_3_unscaled: 165.6667 (173.6402)  loss_ce_4_unscaled: 0.3887 (0.5234)  loss_bbox_4_unscaled: 0.1889 (0.4113)  loss_giou_4_unscaled: 0.5779 (0.9518)  loss_xy_4_unscaled: 0.0568 (0.1121)  loss_hw_4_unscaled: 0.1354 (0.2992)  cardinality_error_4_unscaled: 279.6667 (281.4740)  loss_ce_dn_4_unscaled: 0.1123 (0.2906)  loss_bbox_dn_4_unscaled: 0.0899 (0.1175)  loss_giou_dn_4_unscaled: 0.2948 (0.3389)  loss_xy_dn_4_unscaled: 0.0307 (0.0364)  loss_hw_dn_4_unscaled: 0.0585 (0.0811)  cardinality_error_dn_4_unscaled: 163.0000 (173.4518)  loss_ce_interm_unscaled: 0.4856 (0.5804)  loss_bbox_interm_unscaled: 0.2255 (0.4420)  loss_giou_interm_unscaled: 0.6353 (1.0035)  loss_xy_interm_unscaled: 0.0576 (0.1084)  loss_hw_interm_unscaled: 0.1759 (0.3336)  cardinality_error_interm_unscaled: 286.3333 (285.6556)  time: 0.3331  data: 0.0002  max mem: 22871
Epoch: [0]  [   400/111901]  eta: 10:27:00  lr: 0.000040  class_error: 23.08  loss: 25.6800 (41.0429)  loss_ce_dn: 0.1244 (0.3056)  loss_bbox_dn: 0.4077 (0.5978)  loss_giou_dn: 0.5714 (0.6829)  loss_ce: 0.3775 (0.5241)  loss_bbox: 0.9958 (2.0159)  loss_giou: 1.2122 (1.8768)  loss_ce_0: 0.4102 (0.5138)  loss_bbox_0: 1.1760 (2.2016)  loss_giou_0: 1.3100 (1.9772)  loss_ce_dn_0: 0.1104 (0.3571)  loss_bbox_dn_0: 0.4785 (0.5440)  loss_giou_dn_0: 0.6155 (0.6590)  loss_ce_1: 0.4024 (0.5008)  loss_bbox_1: 1.0616 (2.1342)  loss_giou_1: 1.2192 (1.9442)  loss_ce_dn_1: 0.1089 (0.2861)  loss_bbox_dn_1: 0.4543 (0.5482)  loss_giou_dn_1: 0.5950 (0.6593)  loss_ce_2: 0.3987 (0.5002)  loss_bbox_2: 1.0138 (2.0881)  loss_giou_2: 1.2246 (1.9195)  loss_ce_dn_2: 0.1069 (0.2682)  loss_bbox_dn_2: 0.4276 (0.5577)  loss_giou_dn_2: 0.5831 (0.6629)  loss_ce_3: 0.3822 (0.5098)  loss_bbox_3: 0.9877 (2.0549)  loss_giou_3: 1.2078 (1.9013)  loss_ce_dn_3: 0.1124 (0.2746)  loss_bbox_dn_3: 0.4125 (0.5699)  loss_giou_dn_3: 0.5750 (0.6685)  loss_ce_4: 0.3712 (0.5197)  loss_bbox_4: 1.0037 (2.0317)  loss_giou_4: 1.2134 (1.8885)  loss_ce_dn_4: 0.1142 (0.2864)  loss_bbox_dn_4: 0.4036 (0.5827)  loss_giou_dn_4: 0.5706 (0.6750)  loss_ce_interm: 0.4875 (0.5782)  loss_bbox_interm: 1.2206 (2.1855)  loss_giou_interm: 1.3198 (1.9910)  loss_ce_dn_unscaled: 0.1244 (0.3056)  loss_bbox_dn_unscaled: 0.0815 (0.1196)  loss_giou_dn_unscaled: 0.2857 (0.3415)  loss_xy_dn_unscaled: 0.0269 (0.0361)  loss_hw_dn_unscaled: 0.0556 (0.0834)  cardinality_error_dn_unscaled: 170.3333 (173.8761)  loss_ce_unscaled: 0.3775 (0.5241)  class_error_unscaled: 13.3333 (27.0524)  loss_bbox_unscaled: 0.1992 (0.4032)  loss_giou_unscaled: 0.6061 (0.9384)  loss_xy_unscaled: 0.0626 (0.1104)  loss_hw_unscaled: 0.1371 (0.2928)  cardinality_error_unscaled: 288.6667 (281.0100)  loss_ce_0_unscaled: 0.4102 (0.5138)  loss_bbox_0_unscaled: 0.2352 (0.4403)  loss_giou_0_unscaled: 0.6550 (0.9886)  loss_xy_0_unscaled: 0.0671 (0.1187)  loss_hw_0_unscaled: 0.1635 (0.3216)  cardinality_error_0_unscaled: 285.0000 (284.4040)  loss_ce_dn_0_unscaled: 0.1104 (0.3571)  loss_bbox_dn_0_unscaled: 0.0957 (0.1088)  loss_giou_dn_0_unscaled: 0.3078 (0.3295)  loss_xy_dn_0_unscaled: 0.0357 (0.0365)  loss_hw_dn_0_unscaled: 0.0605 (0.0723)  cardinality_error_dn_0_unscaled: 180.3333 (175.3209)  loss_ce_1_unscaled: 0.4024 (0.5008)  loss_bbox_1_unscaled: 0.2123 (0.4268)  loss_giou_1_unscaled: 0.6096 (0.9721)  loss_xy_1_unscaled: 0.0662 (0.1149)  loss_hw_1_unscaled: 0.1508 (0.3119)  cardinality_error_1_unscaled: 285.3333 (277.8072)  loss_ce_dn_1_unscaled: 0.1089 (0.2861)  loss_bbox_dn_1_unscaled: 0.0909 (0.1096)  loss_giou_dn_1_unscaled: 0.2975 (0.3296)  loss_xy_dn_1_unscaled: 0.0338 (0.0364)  loss_hw_dn_1_unscaled: 0.0570 (0.0732)  cardinality_error_dn_1_unscaled: 178.0000 (172.0266)  loss_ce_2_unscaled: 0.3987 (0.5002)  loss_bbox_2_unscaled: 0.2028 (0.4176)  loss_giou_2_unscaled: 0.6123 (0.9597)  loss_xy_2_unscaled: 0.0611 (0.1133)  loss_hw_2_unscaled: 0.1431 (0.3043)  cardinality_error_2_unscaled: 287.3333 (279.8770)  loss_ce_dn_2_unscaled: 0.1069 (0.2682)  loss_bbox_dn_2_unscaled: 0.0855 (0.1115)  loss_giou_dn_2_unscaled: 0.2916 (0.3314)  loss_xy_dn_2_unscaled: 0.0302 (0.0363)  loss_hw_dn_2_unscaled: 0.0557 (0.0752)  cardinality_error_dn_2_unscaled: 178.3333 (174.8429)  loss_ce_3_unscaled: 0.3822 (0.5098)  loss_bbox_3_unscaled: 0.1975 (0.4110)  loss_giou_3_unscaled: 0.6039 (0.9507)  loss_xy_3_unscaled: 0.0615 (0.1121)  loss_hw_3_unscaled: 0.1372 (0.2988)  cardinality_error_3_unscaled: 286.6667 (279.6991)  loss_ce_dn_3_unscaled: 0.1124 (0.2746)  loss_bbox_dn_3_unscaled: 0.0825 (0.1140)  loss_giou_dn_3_unscaled: 0.2875 (0.3343)  loss_xy_dn_3_unscaled: 0.0286 (0.0362)  loss_hw_dn_3_unscaled: 0.0548 (0.0778)  cardinality_error_dn_3_unscaled: 173.0000 (173.8271)  loss_ce_4_unscaled: 0.3712 (0.5197)  loss_bbox_4_unscaled: 0.2007 (0.4063)  loss_giou_4_unscaled: 0.6067 (0.9443)  loss_xy_4_unscaled: 0.0618 (0.1110)  loss_hw_4_unscaled: 0.1367 (0.2953)  cardinality_error_4_unscaled: 288.3333 (281.6908)  loss_ce_dn_4_unscaled: 0.1142 (0.2864)  loss_bbox_dn_4_unscaled: 0.0807 (0.1165)  loss_giou_dn_4_unscaled: 0.2853 (0.3375)  loss_xy_dn_4_unscaled: 0.0275 (0.0361)  loss_hw_dn_4_unscaled: 0.0551 (0.0804)  cardinality_error_dn_4_unscaled: 168.6667 (173.6550)  loss_ce_interm_unscaled: 0.4875 (0.5782)  loss_bbox_interm_unscaled: 0.2441 (0.4371)  loss_giou_interm_unscaled: 0.6599 (0.9955)  loss_xy_interm_unscaled: 0.0545 (0.1071)  loss_hw_interm_unscaled: 0.1814 (0.3299)  cardinality_error_interm_unscaled: 288.3333 (285.5461)  time: 0.3388  data: 0.0003  max mem: 24379
Epoch: [0]  [   410/111901]  eta: 10:26:27  lr: 0.000041  class_error: 11.54  loss: 26.3465 (40.6735)  loss_ce_dn: 0.1321 (0.3017)  loss_bbox_dn: 0.3973 (0.5935)  loss_giou_dn: 0.5649 (0.6804)  loss_ce: 0.3812 (0.5216)  loss_bbox: 0.9958 (1.9912)  loss_giou: 1.2216 (1.8596)  loss_ce_0: 0.4115 (0.5122)  loss_bbox_0: 1.1301 (2.1746)  loss_giou_0: 1.3100 (1.9594)  loss_ce_dn_0: 0.1286 (0.3518)  loss_bbox_dn_0: 0.4785 (0.5429)  loss_giou_dn_0: 0.6157 (0.6579)  loss_ce_1: 0.3964 (0.4990)  loss_bbox_1: 1.0616 (2.1078)  loss_giou_1: 1.2535 (1.9265)  loss_ce_dn_1: 0.1164 (0.2822)  loss_bbox_dn_1: 0.4431 (0.5461)  loss_giou_dn_1: 0.5952 (0.6576)  loss_ce_2: 0.4027 (0.4982)  loss_bbox_2: 1.0306 (2.0622)  loss_giou_2: 1.2372 (1.9020)  loss_ce_dn_2: 0.1200 (0.2648)  loss_bbox_dn_2: 0.4243 (0.5549)  loss_giou_dn_2: 0.5831 (0.6609)  loss_ce_3: 0.3909 (0.5078)  loss_bbox_3: 1.0216 (2.0292)  loss_giou_3: 1.2195 (1.8837)  loss_ce_dn_3: 0.1205 (0.2710)  loss_bbox_dn_3: 0.4086 (0.5664)  loss_giou_dn_3: 0.5723 (0.6662)  loss_ce_4: 0.3725 (0.5172)  loss_bbox_4: 1.0137 (2.0066)  loss_giou_4: 1.2229 (1.8712)  loss_ce_dn_4: 0.1280 (0.2827)  loss_bbox_dn_4: 0.4009 (0.5788)  loss_giou_dn_4: 0.5653 (0.6726)  loss_ce_interm: 0.4875 (0.5768)  loss_bbox_interm: 1.1884 (2.1607)  loss_giou_interm: 1.3598 (1.9736)  loss_ce_dn_unscaled: 0.1321 (0.3017)  loss_bbox_dn_unscaled: 0.0795 (0.1187)  loss_giou_dn_unscaled: 0.2825 (0.3402)  loss_xy_dn_unscaled: 0.0258 (0.0359)  loss_hw_dn_unscaled: 0.0546 (0.0828)  cardinality_error_dn_unscaled: 184.6667 (173.9084)  loss_ce_unscaled: 0.3812 (0.5216)  class_error_unscaled: 13.3333 (26.8762)  loss_bbox_unscaled: 0.1992 (0.3982)  loss_giou_unscaled: 0.6108 (0.9298)  loss_xy_unscaled: 0.0626 (0.1091)  loss_hw_unscaled: 0.1411 (0.2892)  cardinality_error_unscaled: 290.0000 (281.1865)  loss_ce_0_unscaled: 0.4115 (0.5122)  loss_bbox_0_unscaled: 0.2260 (0.4349)  loss_giou_0_unscaled: 0.6550 (0.9797)  loss_xy_0_unscaled: 0.0663 (0.1173)  loss_hw_0_unscaled: 0.1597 (0.3177)  cardinality_error_0_unscaled: 286.0000 (284.3642)  loss_ce_dn_0_unscaled: 0.1286 (0.3518)  loss_bbox_dn_0_unscaled: 0.0957 (0.1086)  loss_giou_dn_0_unscaled: 0.3079 (0.3289)  loss_xy_dn_0_unscaled: 0.0343 (0.0365)  loss_hw_dn_0_unscaled: 0.0611 (0.0721)  cardinality_error_dn_0_unscaled: 185.0000 (175.4177)  loss_ce_1_unscaled: 0.3964 (0.4990)  loss_bbox_1_unscaled: 0.2123 (0.4216)  loss_giou_1_unscaled: 0.6267 (0.9632)  loss_xy_1_unscaled: 0.0671 (0.1135)  loss_hw_1_unscaled: 0.1500 (0.3081)  cardinality_error_1_unscaled: 285.3333 (277.8735)  loss_ce_dn_1_unscaled: 0.1164 (0.2822)  loss_bbox_dn_1_unscaled: 0.0886 (0.1092)  loss_giou_dn_1_unscaled: 0.2976 (0.3288)  loss_xy_dn_1_unscaled: 0.0320 (0.0363)  loss_hw_dn_1_unscaled: 0.0570 (0.0729)  cardinality_error_dn_1_unscaled: 183.3333 (172.0738)  loss_ce_2_unscaled: 0.4027 (0.4982)  loss_bbox_2_unscaled: 0.2061 (0.4124)  loss_giou_2_unscaled: 0.6186 (0.9510)  loss_xy_2_unscaled: 0.0616 (0.1119)  loss_hw_2_unscaled: 0.1450 (0.3006)  cardinality_error_2_unscaled: 281.3333 (279.7413)  loss_ce_dn_2_unscaled: 0.1200 (0.2648)  loss_bbox_dn_2_unscaled: 0.0849 (0.1110)  loss_giou_dn_2_unscaled: 0.2916 (0.3304)  loss_xy_dn_2_unscaled: 0.0299 (0.0362)  loss_hw_dn_2_unscaled: 0.0557 (0.0748)  cardinality_error_dn_2_unscaled: 183.3333 (174.7997)  loss_ce_3_unscaled: 0.3909 (0.5078)  loss_bbox_3_unscaled: 0.2043 (0.4058)  loss_giou_3_unscaled: 0.6097 (0.9419)  loss_xy_3_unscaled: 0.0609 (0.1108)  loss_hw_3_unscaled: 0.1399 (0.2951)  cardinality_error_3_unscaled: 288.0000 (279.6707)  loss_ce_dn_3_unscaled: 0.1205 (0.2710)  loss_bbox_dn_3_unscaled: 0.0817 (0.1133)  loss_giou_dn_3_unscaled: 0.2861 (0.3331)  loss_xy_dn_3_unscaled: 0.0277 (0.0360)  loss_hw_dn_3_unscaled: 0.0548 (0.0773)  cardinality_error_dn_3_unscaled: 181.6667 (173.6942)  loss_ce_4_unscaled: 0.3725 (0.5172)  loss_bbox_4_unscaled: 0.2027 (0.4013)  loss_giou_4_unscaled: 0.6114 (0.9356)  loss_xy_4_unscaled: 0.0635 (0.1096)  loss_hw_4_unscaled: 0.1426 (0.2917)  cardinality_error_4_unscaled: 289.0000 (281.7745)  loss_ce_dn_4_unscaled: 0.1280 (0.2827)  loss_bbox_dn_4_unscaled: 0.0802 (0.1158)  loss_giou_dn_4_unscaled: 0.2826 (0.3363)  loss_xy_dn_4_unscaled: 0.0265 (0.0359)  loss_hw_dn_4_unscaled: 0.0543 (0.0798)  cardinality_error_dn_4_unscaled: 182.6667 (173.5637)  loss_ce_interm_unscaled: 0.4875 (0.5768)  loss_bbox_interm_unscaled: 0.2377 (0.4321)  loss_giou_interm_unscaled: 0.6799 (0.9868)  loss_xy_interm_unscaled: 0.0545 (0.1059)  loss_hw_interm_unscaled: 0.1777 (0.3263)  cardinality_error_interm_unscaled: 291.0000 (285.6683)  time: 0.3298  data: 0.0003  max mem: 24379
Epoch: [0]  [   420/111901]  eta: 10:25:25  lr: 0.000042  class_error: 8.00  loss: 25.3700 (40.3241)  loss_ce_dn: 0.1303 (0.2977)  loss_bbox_dn: 0.3726 (0.5881)  loss_giou_dn: 0.5649 (0.6776)  loss_ce: 0.4420 (0.5193)  loss_bbox: 0.9717 (1.9690)  loss_giou: 1.1798 (1.8445)  loss_ce_0: 0.4252 (0.5100)  loss_bbox_0: 1.1071 (2.1495)  loss_giou_0: 1.2773 (1.9437)  loss_ce_dn_0: 0.1218 (0.3464)  loss_bbox_dn_0: 0.4538 (0.5408)  loss_giou_dn_0: 0.6111 (0.6567)  loss_ce_1: 0.4050 (0.4969)  loss_bbox_1: 1.0518 (2.0835)  loss_giou_1: 1.2461 (1.9106)  loss_ce_dn_1: 0.1128 (0.2783)  loss_bbox_dn_1: 0.4097 (0.5429)  loss_giou_dn_1: 0.5936 (0.6558)  loss_ce_2: 0.4151 (0.4963)  loss_bbox_2: 1.0057 (2.0383)  loss_giou_2: 1.2293 (1.8865)  loss_ce_dn_2: 0.1089 (0.2612)  loss_bbox_dn_2: 0.3908 (0.5508)  loss_giou_dn_2: 0.5721 (0.6586)  loss_ce_3: 0.4040 (0.5059)  loss_bbox_3: 0.9896 (2.0059)  loss_giou_3: 1.1972 (1.8682)  loss_ce_dn_3: 0.1107 (0.2675)  loss_bbox_dn_3: 0.3778 (0.5616)  loss_giou_dn_3: 0.5723 (0.6636)  loss_ce_4: 0.4115 (0.5150)  loss_bbox_4: 0.9918 (1.9840)  loss_giou_4: 1.2021 (1.8557)  loss_ce_dn_4: 0.1156 (0.2789)  loss_bbox_dn_4: 0.3795 (0.5736)  loss_giou_dn_4: 0.5653 (0.6699)  loss_ce_interm: 0.5062 (0.5753)  loss_bbox_interm: 1.1469 (2.1371)  loss_giou_interm: 1.3071 (1.9587)  loss_ce_dn_unscaled: 0.1303 (0.2977)  loss_bbox_dn_unscaled: 0.0745 (0.1176)  loss_giou_dn_unscaled: 0.2825 (0.3388)  loss_xy_dn_unscaled: 0.0244 (0.0356)  loss_hw_dn_unscaled: 0.0537 (0.0820)  cardinality_error_dn_unscaled: 174.6667 (173.4782)  loss_ce_unscaled: 0.4420 (0.5193)  class_error_unscaled: 16.6667 (26.7392)  loss_bbox_unscaled: 0.1943 (0.3938)  loss_giou_unscaled: 0.5899 (0.9223)  loss_xy_unscaled: 0.0579 (0.1078)  loss_hw_unscaled: 0.1527 (0.2860)  cardinality_error_unscaled: 287.0000 (280.9414)  loss_ce_0_unscaled: 0.4252 (0.5100)  loss_bbox_0_unscaled: 0.2214 (0.4299)  loss_giou_0_unscaled: 0.6387 (0.9719)  loss_xy_0_unscaled: 0.0596 (0.1159)  loss_hw_0_unscaled: 0.1597 (0.3140)  cardinality_error_0_unscaled: 281.0000 (284.1694)  loss_ce_dn_0_unscaled: 0.1218 (0.3464)  loss_bbox_dn_0_unscaled: 0.0908 (0.1082)  loss_giou_dn_0_unscaled: 0.3056 (0.3283)  loss_xy_dn_0_unscaled: 0.0322 (0.0364)  loss_hw_dn_0_unscaled: 0.0577 (0.0717)  cardinality_error_dn_0_unscaled: 174.6667 (175.1283)  loss_ce_1_unscaled: 0.4050 (0.4969)  loss_bbox_1_unscaled: 0.2104 (0.4167)  loss_giou_1_unscaled: 0.6231 (0.9553)  loss_xy_1_unscaled: 0.0598 (0.1122)  loss_hw_1_unscaled: 0.1560 (0.3046)  cardinality_error_1_unscaled: 279.3333 (277.7569)  loss_ce_dn_1_unscaled: 0.1128 (0.2783)  loss_bbox_dn_1_unscaled: 0.0819 (0.1086)  loss_giou_dn_1_unscaled: 0.2968 (0.3279)  loss_xy_dn_1_unscaled: 0.0285 (0.0361)  loss_hw_dn_1_unscaled: 0.0545 (0.0725)  cardinality_error_dn_1_unscaled: 174.0000 (171.7641)  loss_ce_2_unscaled: 0.4151 (0.4963)  loss_bbox_2_unscaled: 0.2011 (0.4077)  loss_giou_2_unscaled: 0.6147 (0.9432)  loss_xy_2_unscaled: 0.0572 (0.1105)  loss_hw_2_unscaled: 0.1494 (0.2971)  cardinality_error_2_unscaled: 274.0000 (279.4679)  loss_ce_dn_2_unscaled: 0.1089 (0.2612)  loss_bbox_dn_2_unscaled: 0.0782 (0.1102)  loss_giou_dn_2_unscaled: 0.2860 (0.3293)  loss_xy_dn_2_unscaled: 0.0251 (0.0359)  loss_hw_dn_2_unscaled: 0.0532 (0.0743)  cardinality_error_dn_2_unscaled: 172.0000 (174.4030)  loss_ce_3_unscaled: 0.4040 (0.5059)  loss_bbox_3_unscaled: 0.1979 (0.4012)  loss_giou_3_unscaled: 0.5986 (0.9341)  loss_xy_3_unscaled: 0.0591 (0.1094)  loss_hw_3_unscaled: 0.1541 (0.2918)  cardinality_error_3_unscaled: 276.0000 (279.5669)  loss_ce_dn_3_unscaled: 0.1107 (0.2675)  loss_bbox_dn_3_unscaled: 0.0756 (0.1123)  loss_giou_dn_3_unscaled: 0.2861 (0.3318)  loss_xy_dn_3_unscaled: 0.0235 (0.0357)  loss_hw_dn_3_unscaled: 0.0518 (0.0767)  cardinality_error_dn_3_unscaled: 166.0000 (173.3975)  loss_ce_4_unscaled: 0.4115 (0.5150)  loss_bbox_4_unscaled: 0.1984 (0.3968)  loss_giou_4_unscaled: 0.6011 (0.9279)  loss_xy_4_unscaled: 0.0583 (0.1083)  loss_hw_4_unscaled: 0.1540 (0.2885)  cardinality_error_4_unscaled: 281.3333 (281.5820)  loss_ce_dn_4_unscaled: 0.1156 (0.2789)  loss_bbox_dn_4_unscaled: 0.0759 (0.1147)  loss_giou_dn_4_unscaled: 0.2826 (0.3350)  loss_xy_dn_4_unscaled: 0.0235 (0.0356)  loss_hw_dn_4_unscaled: 0.0523 (0.0791)  cardinality_error_dn_4_unscaled: 165.6667 (173.2423)  loss_ce_interm_unscaled: 0.5062 (0.5753)  loss_bbox_interm_unscaled: 0.2294 (0.4274)  loss_giou_interm_unscaled: 0.6536 (0.9793)  loss_xy_interm_unscaled: 0.0519 (0.1046)  loss_hw_interm_unscaled: 0.1724 (0.3228)  cardinality_error_interm_unscaled: 291.0000 (285.6263)  time: 0.3208  data: 0.0003  max mem: 24379
Epoch: [0]  [   430/111901]  eta: 10:24:19  lr: 0.000043  class_error: 3.23  loss: 25.3298 (39.9995)  loss_ce_dn: 0.1193 (0.2937)  loss_bbox_dn: 0.3423 (0.5829)  loss_giou_dn: 0.5297 (0.6748)  loss_ce: 0.4124 (0.5169)  loss_bbox: 1.0263 (1.9481)  loss_giou: 1.2185 (1.8311)  loss_ce_0: 0.4219 (0.5076)  loss_bbox_0: 1.1207 (2.1271)  loss_giou_0: 1.2773 (1.9295)  loss_ce_dn_0: 0.1154 (0.3412)  loss_bbox_dn_0: 0.4367 (0.5391)  loss_giou_dn_0: 0.5986 (0.6553)  loss_ce_1: 0.3940 (0.4946)  loss_bbox_1: 1.0624 (2.0619)  loss_giou_1: 1.2508 (1.8966)  loss_ce_dn_1: 0.1066 (0.2744)  loss_bbox_dn_1: 0.3911 (0.5400)  loss_giou_dn_1: 0.5654 (0.6538)  loss_ce_2: 0.4039 (0.4939)  loss_bbox_2: 1.0505 (2.0166)  loss_giou_2: 1.2385 (1.8727)  loss_ce_dn_2: 0.1058 (0.2576)  loss_bbox_dn_2: 0.3562 (0.5470)  loss_giou_dn_2: 0.5408 (0.6561)  loss_ce_3: 0.3981 (0.5033)  loss_bbox_3: 1.0372 (1.9846)  loss_giou_3: 1.2295 (1.8545)  loss_ce_dn_3: 0.1077 (0.2637)  loss_bbox_dn_3: 0.3410 (0.5571)  loss_giou_dn_3: 0.5215 (0.6608)  loss_ce_4: 0.4115 (0.5128)  loss_bbox_4: 1.0181 (1.9629)  loss_giou_4: 1.2089 (1.8422)  loss_ce_dn_4: 0.1109 (0.2751)  loss_bbox_dn_4: 0.3376 (0.5687)  loss_giou_dn_4: 0.5207 (0.6671)  loss_ce_interm: 0.5062 (0.5733)  loss_bbox_interm: 1.1198 (2.1160)  loss_giou_interm: 1.3451 (1.9451)  loss_ce_dn_unscaled: 0.1193 (0.2937)  loss_bbox_dn_unscaled: 0.0685 (0.1166)  loss_giou_dn_unscaled: 0.2649 (0.3374)  loss_xy_dn_unscaled: 0.0220 (0.0353)  loss_hw_dn_unscaled: 0.0483 (0.0813)  cardinality_error_dn_unscaled: 168.0000 (173.1779)  loss_ce_unscaled: 0.4124 (0.5169)  class_error_unscaled: 12.5000 (26.4247)  loss_bbox_unscaled: 0.2053 (0.3896)  loss_giou_unscaled: 0.6092 (0.9156)  loss_xy_unscaled: 0.0536 (0.1067)  loss_hw_unscaled: 0.1543 (0.2829)  cardinality_error_unscaled: 286.6667 (280.9258)  loss_ce_0_unscaled: 0.4219 (0.5076)  loss_bbox_0_unscaled: 0.2241 (0.4254)  loss_giou_0_unscaled: 0.6387 (0.9647)  loss_xy_0_unscaled: 0.0575 (0.1148)  loss_hw_0_unscaled: 0.1615 (0.3106)  cardinality_error_0_unscaled: 279.0000 (283.9513)  loss_ce_dn_0_unscaled: 0.1154 (0.3412)  loss_bbox_dn_0_unscaled: 0.0873 (0.1078)  loss_giou_dn_0_unscaled: 0.2993 (0.3277)  loss_xy_dn_0_unscaled: 0.0317 (0.0363)  loss_hw_dn_0_unscaled: 0.0557 (0.0715)  cardinality_error_dn_0_unscaled: 169.0000 (174.8592)  loss_ce_1_unscaled: 0.3940 (0.4946)  loss_bbox_1_unscaled: 0.2125 (0.4124)  loss_giou_1_unscaled: 0.6254 (0.9483)  loss_xy_1_unscaled: 0.0546 (0.1111)  loss_hw_1_unscaled: 0.1577 (0.3013)  cardinality_error_1_unscaled: 274.3333 (277.6257)  loss_ce_dn_1_unscaled: 0.1066 (0.2744)  loss_bbox_dn_1_unscaled: 0.0782 (0.1080)  loss_giou_dn_1_unscaled: 0.2827 (0.3269)  loss_xy_dn_1_unscaled: 0.0271 (0.0359)  loss_hw_dn_1_unscaled: 0.0515 (0.0721)  cardinality_error_dn_1_unscaled: 168.0000 (171.5290)  loss_ce_2_unscaled: 0.4039 (0.4939)  loss_bbox_2_unscaled: 0.2101 (0.4033)  loss_giou_2_unscaled: 0.6193 (0.9364)  loss_xy_2_unscaled: 0.0543 (0.1094)  loss_hw_2_unscaled: 0.1551 (0.2939)  cardinality_error_2_unscaled: 282.6667 (279.3813)  loss_ce_dn_2_unscaled: 0.1058 (0.2576)  loss_bbox_dn_2_unscaled: 0.0712 (0.1094)  loss_giou_dn_2_unscaled: 0.2704 (0.3280)  loss_xy_dn_2_unscaled: 0.0232 (0.0356)  loss_hw_dn_2_unscaled: 0.0507 (0.0738)  cardinality_error_dn_2_unscaled: 166.6667 (174.0387)  loss_ce_3_unscaled: 0.3981 (0.5033)  loss_bbox_3_unscaled: 0.2074 (0.3969)  loss_giou_3_unscaled: 0.6148 (0.9273)  loss_xy_3_unscaled: 0.0530 (0.1083)  loss_hw_3_unscaled: 0.1545 (0.2886)  cardinality_error_3_unscaled: 285.3333 (279.5375)  loss_ce_dn_3_unscaled: 0.1077 (0.2637)  loss_bbox_dn_3_unscaled: 0.0682 (0.1114)  loss_giou_dn_3_unscaled: 0.2607 (0.3304)  loss_xy_dn_3_unscaled: 0.0210 (0.0353)  loss_hw_dn_3_unscaled: 0.0488 (0.0761)  cardinality_error_dn_3_unscaled: 166.6667 (172.9814)  loss_ce_4_unscaled: 0.4115 (0.5128)  loss_bbox_4_unscaled: 0.2036 (0.3926)  loss_giou_4_unscaled: 0.6044 (0.9211)  loss_xy_4_unscaled: 0.0528 (0.1072)  loss_hw_4_unscaled: 0.1553 (0.2854)  cardinality_error_4_unscaled: 286.6667 (281.5638)  loss_ce_dn_4_unscaled: 0.1109 (0.2751)  loss_bbox_dn_4_unscaled: 0.0675 (0.1137)  loss_giou_dn_4_unscaled: 0.2604 (0.3335)  loss_xy_dn_4_unscaled: 0.0215 (0.0353)  loss_hw_dn_4_unscaled: 0.0483 (0.0785)  cardinality_error_dn_4_unscaled: 166.3333 (172.8995)  loss_ce_interm_unscaled: 0.5062 (0.5733)  loss_bbox_interm_unscaled: 0.2240 (0.4232)  loss_giou_interm_unscaled: 0.6726 (0.9725)  loss_xy_interm_unscaled: 0.0528 (0.1037)  loss_hw_interm_unscaled: 0.1724 (0.3195)  cardinality_error_interm_unscaled: 289.0000 (285.6852)  time: 0.3137  data: 0.0002  max mem: 24379
Epoch: [0]  [   440/111901]  eta: 10:23:22  lr: 0.000044  class_error: 28.00  loss: 24.4592 (39.6492)  loss_ce_dn: 0.1248 (0.2899)  loss_bbox_dn: 0.3482 (0.5776)  loss_giou_dn: 0.5265 (0.6717)  loss_ce: 0.3979 (0.5146)  loss_bbox: 0.9240 (1.9245)  loss_giou: 1.2095 (1.8174)  loss_ce_0: 0.3871 (0.5050)  loss_bbox_0: 0.9846 (2.1007)  loss_giou_0: 1.2784 (1.9152)  loss_ce_dn_0: 0.1153 (0.3363)  loss_bbox_dn_0: 0.4432 (0.5369)  loss_giou_dn_0: 0.5960 (0.6540)  loss_ce_1: 0.3761 (0.4921)  loss_bbox_1: 0.9678 (2.0363)  loss_giou_1: 1.2438 (1.8822)  loss_ce_dn_1: 0.1043 (0.2707)  loss_bbox_dn_1: 0.3968 (0.5368)  loss_giou_dn_1: 0.5578 (0.6518)  loss_ce_2: 0.3815 (0.4913)  loss_bbox_2: 0.9521 (1.9918)  loss_giou_2: 1.2408 (1.8586)  loss_ce_dn_2: 0.1009 (0.2542)  loss_bbox_dn_2: 0.3612 (0.5429)  loss_giou_dn_2: 0.5314 (0.6536)  loss_ce_3: 0.3768 (0.5006)  loss_bbox_3: 0.9408 (1.9606)  loss_giou_3: 1.2252 (1.8405)  loss_ce_dn_3: 0.1043 (0.2602)  loss_bbox_dn_3: 0.3460 (0.5523)  loss_giou_dn_3: 0.5251 (0.6580)  loss_ce_4: 0.4064 (0.5105)  loss_bbox_4: 0.9358 (1.9392)  loss_giou_4: 1.2065 (1.8283)  loss_ce_dn_4: 0.1167 (0.2716)  loss_bbox_dn_4: 0.3470 (0.5636)  loss_giou_dn_4: 0.5218 (0.6641)  loss_ce_interm: 0.5078 (0.5717)  loss_bbox_interm: 1.0309 (2.0909)  loss_giou_interm: 1.3004 (1.9310)  loss_ce_dn_unscaled: 0.1248 (0.2899)  loss_bbox_dn_unscaled: 0.0696 (0.1155)  loss_giou_dn_unscaled: 0.2632 (0.3359)  loss_xy_dn_unscaled: 0.0214 (0.0350)  loss_hw_dn_unscaled: 0.0483 (0.0805)  cardinality_error_dn_unscaled: 168.0000 (172.8685)  loss_ce_unscaled: 0.3979 (0.5146)  class_error_unscaled: 12.5000 (26.2043)  loss_bbox_unscaled: 0.1848 (0.3849)  loss_giou_unscaled: 0.6048 (0.9087)  loss_xy_unscaled: 0.0529 (0.1054)  loss_hw_unscaled: 0.1310 (0.2795)  cardinality_error_unscaled: 286.0000 (280.6931)  loss_ce_0_unscaled: 0.3871 (0.5050)  loss_bbox_0_unscaled: 0.1969 (0.4201)  loss_giou_0_unscaled: 0.6392 (0.9576)  loss_xy_0_unscaled: 0.0575 (0.1135)  loss_hw_0_unscaled: 0.1358 (0.3066)  cardinality_error_0_unscaled: 279.0000 (283.7649)  loss_ce_dn_0_unscaled: 0.1153 (0.3363)  loss_bbox_dn_0_unscaled: 0.0886 (0.1074)  loss_giou_dn_0_unscaled: 0.2980 (0.3270)  loss_xy_dn_0_unscaled: 0.0324 (0.0363)  loss_hw_dn_0_unscaled: 0.0570 (0.0711)  cardinality_error_dn_0_unscaled: 169.0000 (174.7687)  loss_ce_1_unscaled: 0.3761 (0.4921)  loss_bbox_1_unscaled: 0.1936 (0.4073)  loss_giou_1_unscaled: 0.6219 (0.9411)  loss_xy_1_unscaled: 0.0551 (0.1098)  loss_hw_1_unscaled: 0.1369 (0.2975)  cardinality_error_1_unscaled: 280.6667 (277.5004)  loss_ce_dn_1_unscaled: 0.1043 (0.2707)  loss_bbox_dn_1_unscaled: 0.0794 (0.1074)  loss_giou_dn_1_unscaled: 0.2789 (0.3259)  loss_xy_dn_1_unscaled: 0.0265 (0.0357)  loss_hw_dn_1_unscaled: 0.0528 (0.0716)  cardinality_error_dn_1_unscaled: 168.6667 (171.3417)  loss_ce_2_unscaled: 0.3815 (0.4913)  loss_bbox_2_unscaled: 0.1904 (0.3984)  loss_giou_2_unscaled: 0.6204 (0.9293)  loss_xy_2_unscaled: 0.0543 (0.1082)  loss_hw_2_unscaled: 0.1371 (0.2902)  cardinality_error_2_unscaled: 285.0000 (279.2056)  loss_ce_dn_2_unscaled: 0.1009 (0.2542)  loss_bbox_dn_2_unscaled: 0.0722 (0.1086)  loss_giou_dn_2_unscaled: 0.2657 (0.3268)  loss_xy_dn_2_unscaled: 0.0227 (0.0353)  loss_hw_dn_2_unscaled: 0.0511 (0.0733)  cardinality_error_dn_2_unscaled: 168.0000 (173.8360)  loss_ce_3_unscaled: 0.3768 (0.5006)  loss_bbox_3_unscaled: 0.1882 (0.3921)  loss_giou_3_unscaled: 0.6126 (0.9202)  loss_xy_3_unscaled: 0.0530 (0.1070)  loss_hw_3_unscaled: 0.1344 (0.2851)  cardinality_error_3_unscaled: 285.0000 (279.3303)  loss_ce_dn_3_unscaled: 0.1043 (0.2602)  loss_bbox_dn_3_unscaled: 0.0692 (0.1105)  loss_giou_dn_3_unscaled: 0.2625 (0.3290)  loss_xy_dn_3_unscaled: 0.0199 (0.0350)  loss_hw_dn_3_unscaled: 0.0484 (0.0754)  cardinality_error_dn_3_unscaled: 166.6667 (172.6667)  loss_ce_4_unscaled: 0.4064 (0.5105)  loss_bbox_4_unscaled: 0.1872 (0.3878)  loss_giou_4_unscaled: 0.6033 (0.9142)  loss_xy_4_unscaled: 0.0512 (0.1060)  loss_hw_4_unscaled: 0.1322 (0.2819)  cardinality_error_4_unscaled: 284.0000 (281.2933)  loss_ce_dn_4_unscaled: 0.1167 (0.2716)  loss_bbox_dn_4_unscaled: 0.0694 (0.1127)  loss_giou_dn_4_unscaled: 0.2609 (0.3320)  loss_xy_dn_4_unscaled: 0.0205 (0.0350)  loss_hw_dn_4_unscaled: 0.0479 (0.0778)  cardinality_error_dn_4_unscaled: 166.6667 (172.5314)  loss_ce_interm_unscaled: 0.5078 (0.5717)  loss_bbox_interm_unscaled: 0.2062 (0.4182)  loss_giou_interm_unscaled: 0.6502 (0.9655)  loss_xy_interm_unscaled: 0.0581 (0.1027)  loss_hw_interm_unscaled: 0.1516 (0.3155)  cardinality_error_interm_unscaled: 289.0000 (285.7082)  time: 0.3135  data: 0.0002  max mem: 24379
Epoch: [0]  [   450/111901]  eta: 10:22:27  lr: 0.000045  class_error: 3.12  loss: 24.0788 (39.3152)  loss_ce_dn: 0.1250 (0.2863)  loss_bbox_dn: 0.3211 (0.5717)  loss_giou_dn: 0.5230 (0.6682)  loss_ce: 0.3979 (0.5123)  loss_bbox: 0.8504 (1.9031)  loss_giou: 1.2265 (1.8041)  loss_ce_0: 0.3761 (0.5024)  loss_bbox_0: 0.9218 (2.0766)  loss_giou_0: 1.3035 (1.9013)  loss_ce_dn_0: 0.1185 (0.3314)  loss_bbox_dn_0: 0.4321 (0.5344)  loss_giou_dn_0: 0.5930 (0.6525)  loss_ce_1: 0.3692 (0.4896)  loss_bbox_1: 0.9088 (2.0134)  loss_giou_1: 1.2766 (1.8686)  loss_ce_dn_1: 0.1043 (0.2670)  loss_bbox_dn_1: 0.3907 (0.5331)  loss_giou_dn_1: 0.5578 (0.6496)  loss_ce_2: 0.3720 (0.4893)  loss_bbox_2: 0.9082 (1.9693)  loss_giou_2: 1.2560 (1.8454)  loss_ce_dn_2: 0.1033 (0.2509)  loss_bbox_dn_2: 0.3566 (0.5383)  loss_giou_dn_2: 0.5350 (0.6508)  loss_ce_3: 0.3776 (0.4986)  loss_bbox_3: 0.8684 (1.9386)  loss_giou_3: 1.2443 (1.8272)  loss_ce_dn_3: 0.1087 (0.2569)  loss_bbox_dn_3: 0.3321 (0.5471)  loss_giou_dn_3: 0.5246 (0.6548)  loss_ce_4: 0.4134 (0.5082)  loss_bbox_4: 0.8612 (1.9174)  loss_giou_4: 1.2516 (1.8150)  loss_ce_dn_4: 0.1124 (0.2682)  loss_bbox_dn_4: 0.3235 (0.5581)  loss_giou_dn_4: 0.5214 (0.6608)  loss_ce_interm: 0.4987 (0.5699)  loss_bbox_interm: 0.9895 (2.0671)  loss_giou_interm: 1.3276 (1.9176)  loss_ce_dn_unscaled: 0.1250 (0.2863)  loss_bbox_dn_unscaled: 0.0642 (0.1143)  loss_giou_dn_unscaled: 0.2615 (0.3341)  loss_xy_dn_unscaled: 0.0209 (0.0347)  loss_hw_dn_unscaled: 0.0454 (0.0797)  cardinality_error_dn_unscaled: 168.0000 (172.8123)  loss_ce_unscaled: 0.3979 (0.5123)  class_error_unscaled: 14.2857 (25.9638)  loss_bbox_unscaled: 0.1701 (0.3806)  loss_giou_unscaled: 0.6133 (0.9021)  loss_xy_unscaled: 0.0503 (0.1042)  loss_hw_unscaled: 0.1209 (0.2764)  cardinality_error_unscaled: 286.0000 (280.7007)  loss_ce_0_unscaled: 0.3761 (0.5024)  loss_bbox_0_unscaled: 0.1844 (0.4153)  loss_giou_0_unscaled: 0.6517 (0.9507)  loss_xy_0_unscaled: 0.0562 (0.1123)  loss_hw_0_unscaled: 0.1316 (0.3031)  cardinality_error_0_unscaled: 273.0000 (283.3356)  loss_ce_dn_0_unscaled: 0.1185 (0.3314)  loss_bbox_dn_0_unscaled: 0.0864 (0.1069)  loss_giou_dn_0_unscaled: 0.2965 (0.3263)  loss_xy_dn_0_unscaled: 0.0305 (0.0361)  loss_hw_dn_0_unscaled: 0.0568 (0.0708)  cardinality_error_dn_0_unscaled: 174.6667 (174.7687)  loss_ce_1_unscaled: 0.3692 (0.4896)  loss_bbox_1_unscaled: 0.1818 (0.4027)  loss_giou_1_unscaled: 0.6383 (0.9343)  loss_xy_1_unscaled: 0.0561 (0.1086)  loss_hw_1_unscaled: 0.1304 (0.2941)  cardinality_error_1_unscaled: 279.6667 (277.4006)  loss_ce_dn_1_unscaled: 0.1043 (0.2670)  loss_bbox_dn_1_unscaled: 0.0781 (0.1066)  loss_giou_dn_1_unscaled: 0.2789 (0.3248)  loss_xy_dn_1_unscaled: 0.0250 (0.0355)  loss_hw_dn_1_unscaled: 0.0521 (0.0712)  cardinality_error_dn_1_unscaled: 172.0000 (171.2860)  loss_ce_2_unscaled: 0.3720 (0.4893)  loss_bbox_2_unscaled: 0.1816 (0.3939)  loss_giou_2_unscaled: 0.6280 (0.9227)  loss_xy_2_unscaled: 0.0529 (0.1070)  loss_hw_2_unscaled: 0.1291 (0.2869)  cardinality_error_2_unscaled: 286.6667 (279.2114)  loss_ce_dn_2_unscaled: 0.1033 (0.2509)  loss_bbox_dn_2_unscaled: 0.0713 (0.1077)  loss_giou_dn_2_unscaled: 0.2675 (0.3254)  loss_xy_dn_2_unscaled: 0.0207 (0.0349)  loss_hw_dn_2_unscaled: 0.0496 (0.0727)  cardinality_error_dn_2_unscaled: 172.0000 (173.6763)  loss_ce_3_unscaled: 0.3776 (0.4986)  loss_bbox_3_unscaled: 0.1737 (0.3877)  loss_giou_3_unscaled: 0.6222 (0.9136)  loss_xy_3_unscaled: 0.0511 (0.1058)  loss_hw_3_unscaled: 0.1229 (0.2819)  cardinality_error_3_unscaled: 285.0000 (279.3267)  loss_ce_dn_3_unscaled: 0.1087 (0.2569)  loss_bbox_dn_3_unscaled: 0.0664 (0.1094)  loss_giou_dn_3_unscaled: 0.2623 (0.3274)  loss_xy_dn_3_unscaled: 0.0195 (0.0346)  loss_hw_dn_3_unscaled: 0.0468 (0.0748)  cardinality_error_dn_3_unscaled: 168.3333 (172.5913)  loss_ce_4_unscaled: 0.4134 (0.5082)  loss_bbox_4_unscaled: 0.1722 (0.3835)  loss_giou_4_unscaled: 0.6258 (0.9075)  loss_xy_4_unscaled: 0.0509 (0.1048)  loss_hw_4_unscaled: 0.1227 (0.2787)  cardinality_error_4_unscaled: 284.0000 (281.2602)  loss_ce_dn_4_unscaled: 0.1124 (0.2682)  loss_bbox_dn_4_unscaled: 0.0647 (0.1116)  loss_giou_dn_4_unscaled: 0.2607 (0.3304)  loss_xy_dn_4_unscaled: 0.0203 (0.0346)  loss_hw_dn_4_unscaled: 0.0455 (0.0770)  cardinality_error_dn_4_unscaled: 167.0000 (172.3762)  loss_ce_interm_unscaled: 0.4987 (0.5699)  loss_bbox_interm_unscaled: 0.1979 (0.4134)  loss_giou_interm_unscaled: 0.6638 (0.9588)  loss_xy_interm_unscaled: 0.0541 (0.1016)  loss_hw_interm_unscaled: 0.1411 (0.3119)  cardinality_error_interm_unscaled: 287.0000 (285.1183)  time: 0.3147  data: 0.0002  max mem: 24379
Epoch: [0]  [   460/111901]  eta: 10:22:04  lr: 0.000046  class_error: 8.00  loss: 23.3126 (38.9693)  loss_ce_dn: 0.1250 (0.2831)  loss_bbox_dn: 0.3223 (0.5668)  loss_giou_dn: 0.5211 (0.6652)  loss_ce: 0.3980 (0.5104)  loss_bbox: 0.8221 (1.8802)  loss_giou: 1.2140 (1.7897)  loss_ce_0: 0.3706 (0.4995)  loss_bbox_0: 0.9218 (2.0518)  loss_giou_0: 1.3035 (1.8867)  loss_ce_dn_0: 0.1106 (0.3266)  loss_bbox_dn_0: 0.4260 (0.5322)  loss_giou_dn_0: 0.5799 (0.6509)  loss_ce_1: 0.3647 (0.4869)  loss_bbox_1: 0.9088 (1.9892)  loss_giou_1: 1.2750 (1.8540)  loss_ce_dn_1: 0.0914 (0.2633)  loss_bbox_dn_1: 0.3696 (0.5297)  loss_giou_dn_1: 0.5487 (0.6471)  loss_ce_2: 0.3784 (0.4869)  loss_bbox_2: 0.8738 (1.9456)  loss_giou_2: 1.2492 (1.8310)  loss_ce_dn_2: 0.0922 (0.2476)  loss_bbox_dn_2: 0.3395 (0.5342)  loss_giou_dn_2: 0.5236 (0.6479)  loss_ce_3: 0.3788 (0.4962)  loss_bbox_3: 0.8526 (1.9151)  loss_giou_3: 1.2323 (1.8126)  loss_ce_dn_3: 0.0969 (0.2537)  loss_bbox_dn_3: 0.3156 (0.5425)  loss_giou_dn_3: 0.5084 (0.6517)  loss_ce_4: 0.4135 (0.5061)  loss_bbox_4: 0.8411 (1.8944)  loss_giou_4: 1.2177 (1.8006)  loss_ce_dn_4: 0.1118 (0.2651)  loss_bbox_dn_4: 0.3164 (0.5533)  loss_giou_dn_4: 0.5186 (0.6577)  loss_ce_interm: 0.4807 (0.5680)  loss_bbox_interm: 0.9540 (2.0425)  loss_giou_interm: 1.3444 (1.9033)  loss_ce_dn_unscaled: 0.1250 (0.2831)  loss_bbox_dn_unscaled: 0.0645 (0.1134)  loss_giou_dn_unscaled: 0.2605 (0.3326)  loss_xy_dn_unscaled: 0.0205 (0.0344)  loss_hw_dn_unscaled: 0.0440 (0.0790)  cardinality_error_dn_unscaled: 179.3333 (172.9197)  loss_ce_unscaled: 0.3980 (0.5104)  class_error_unscaled: 13.0435 (25.7499)  loss_bbox_unscaled: 0.1644 (0.3760)  loss_giou_unscaled: 0.6070 (0.8949)  loss_xy_unscaled: 0.0461 (0.1029)  loss_hw_unscaled: 0.1209 (0.2731)  cardinality_error_unscaled: 289.3333 (280.8670)  loss_ce_0_unscaled: 0.3706 (0.4995)  loss_bbox_0_unscaled: 0.1844 (0.4104)  loss_giou_0_unscaled: 0.6517 (0.9433)  loss_xy_0_unscaled: 0.0510 (0.1110)  loss_hw_0_unscaled: 0.1344 (0.2994)  cardinality_error_0_unscaled: 273.0000 (283.1092)  loss_ce_dn_0_unscaled: 0.1106 (0.3266)  loss_bbox_dn_0_unscaled: 0.0852 (0.1064)  loss_giou_dn_0_unscaled: 0.2900 (0.3254)  loss_xy_dn_0_unscaled: 0.0297 (0.0360)  loss_hw_dn_0_unscaled: 0.0556 (0.0705)  cardinality_error_dn_0_unscaled: 178.6667 (174.7636)  loss_ce_1_unscaled: 0.3647 (0.4869)  loss_bbox_1_unscaled: 0.1818 (0.3978)  loss_giou_1_unscaled: 0.6375 (0.9270)  loss_xy_1_unscaled: 0.0490 (0.1073)  loss_hw_1_unscaled: 0.1327 (0.2905)  cardinality_error_1_unscaled: 279.6667 (277.3355)  loss_ce_dn_1_unscaled: 0.0914 (0.2633)  loss_bbox_dn_1_unscaled: 0.0739 (0.1059)  loss_giou_dn_1_unscaled: 0.2744 (0.3236)  loss_xy_dn_1_unscaled: 0.0228 (0.0352)  loss_hw_dn_1_unscaled: 0.0513 (0.0708)  cardinality_error_dn_1_unscaled: 179.0000 (171.3543)  loss_ce_2_unscaled: 0.3784 (0.4869)  loss_bbox_2_unscaled: 0.1748 (0.3891)  loss_giou_2_unscaled: 0.6246 (0.9155)  loss_xy_2_unscaled: 0.0509 (0.1057)  loss_hw_2_unscaled: 0.1300 (0.2834)  cardinality_error_2_unscaled: 287.3333 (279.3377)  loss_ce_dn_2_unscaled: 0.0922 (0.2476)  loss_bbox_dn_2_unscaled: 0.0679 (0.1068)  loss_giou_dn_2_unscaled: 0.2618 (0.3240)  loss_xy_dn_2_unscaled: 0.0202 (0.0346)  loss_hw_dn_2_unscaled: 0.0478 (0.0722)  cardinality_error_dn_2_unscaled: 179.0000 (173.7079)  loss_ce_3_unscaled: 0.3788 (0.4962)  loss_bbox_3_unscaled: 0.1705 (0.3830)  loss_giou_3_unscaled: 0.6162 (0.9063)  loss_xy_3_unscaled: 0.0485 (0.1045)  loss_hw_3_unscaled: 0.1232 (0.2785)  cardinality_error_3_unscaled: 289.0000 (279.5315)  loss_ce_dn_3_unscaled: 0.0969 (0.2537)  loss_bbox_dn_3_unscaled: 0.0631 (0.1085)  loss_giou_dn_3_unscaled: 0.2542 (0.3258)  loss_xy_dn_3_unscaled: 0.0196 (0.0343)  loss_hw_dn_3_unscaled: 0.0451 (0.0742)  cardinality_error_dn_3_unscaled: 179.3333 (172.6717)  loss_ce_4_unscaled: 0.4135 (0.5061)  loss_bbox_4_unscaled: 0.1682 (0.3789)  loss_giou_4_unscaled: 0.6088 (0.9003)  loss_xy_4_unscaled: 0.0491 (0.1035)  loss_hw_4_unscaled: 0.1231 (0.2754)  cardinality_error_4_unscaled: 289.3333 (281.4244)  loss_ce_dn_4_unscaled: 0.1118 (0.2651)  loss_bbox_dn_4_unscaled: 0.0633 (0.1107)  loss_giou_dn_4_unscaled: 0.2593 (0.3288)  loss_xy_dn_4_unscaled: 0.0202 (0.0343)  loss_hw_dn_4_unscaled: 0.0434 (0.0764)  cardinality_error_dn_4_unscaled: 180.0000 (172.4960)  loss_ce_interm_unscaled: 0.4807 (0.5680)  loss_bbox_interm_unscaled: 0.1908 (0.4085)  loss_giou_interm_unscaled: 0.6722 (0.9516)  loss_xy_interm_unscaled: 0.0503 (0.1004)  loss_hw_interm_unscaled: 0.1382 (0.3081)  cardinality_error_interm_unscaled: 285.3333 (284.9740)  time: 0.3209  data: 0.0002  max mem: 24379
Epoch: [0]  [   470/111901]  eta: 10:21:57  lr: 0.000047  class_error: 4.00  loss: 23.4867 (38.6809)  loss_ce_dn: 0.1356 (0.2803)  loss_bbox_dn: 0.3247 (0.5619)  loss_giou_dn: 0.5389 (0.6630)  loss_ce: 0.4032 (0.5093)  loss_bbox: 0.9089 (1.8614)  loss_giou: 1.2140 (1.7782)  loss_ce_0: 0.3832 (0.4983)  loss_bbox_0: 0.9272 (2.0302)  loss_giou_0: 1.2827 (1.8749)  loss_ce_dn_0: 0.1148 (0.3226)  loss_bbox_dn_0: 0.4190 (0.5294)  loss_giou_dn_0: 0.5783 (0.6496)  loss_ce_1: 0.3786 (0.4857)  loss_bbox_1: 0.9412 (1.9685)  loss_giou_1: 1.2701 (1.8420)  loss_ce_dn_1: 0.1017 (0.2604)  loss_bbox_dn_1: 0.3643 (0.5258)  loss_giou_dn_1: 0.5465 (0.6452)  loss_ce_2: 0.3784 (0.4856)  loss_bbox_2: 0.9056 (1.9254)  loss_giou_2: 1.2451 (1.8191)  loss_ce_dn_2: 0.1008 (0.2449)  loss_bbox_dn_2: 0.3292 (0.5296)  loss_giou_dn_2: 0.5229 (0.6456)  loss_ce_3: 0.3826 (0.4950)  loss_bbox_3: 0.9001 (1.8955)  loss_giou_3: 1.2323 (1.8007)  loss_ce_dn_3: 0.1106 (0.2510)  loss_bbox_dn_3: 0.3136 (0.5377)  loss_giou_dn_3: 0.5084 (0.6493)  loss_ce_4: 0.3966 (0.5043)  loss_bbox_4: 0.9012 (1.8753)  loss_giou_4: 1.2177 (1.7888)  loss_ce_dn_4: 0.1147 (0.2623)  loss_bbox_dn_4: 0.3164 (0.5484)  loss_giou_dn_4: 0.5232 (0.6554)  loss_ce_interm: 0.4828 (0.5665)  loss_bbox_interm: 0.9592 (2.0218)  loss_giou_interm: 1.3220 (1.8921)  loss_ce_dn_unscaled: 0.1356 (0.2803)  loss_bbox_dn_unscaled: 0.0649 (0.1124)  loss_giou_dn_unscaled: 0.2694 (0.3315)  loss_xy_dn_unscaled: 0.0203 (0.0341)  loss_hw_dn_unscaled: 0.0449 (0.0783)  cardinality_error_dn_unscaled: 180.3333 (172.8365)  loss_ce_unscaled: 0.4032 (0.5093)  class_error_unscaled: 16.6667 (25.5651)  loss_bbox_unscaled: 0.1818 (0.3723)  loss_giou_unscaled: 0.6070 (0.8891)  loss_xy_unscaled: 0.0461 (0.1018)  loss_hw_unscaled: 0.1366 (0.2705)  cardinality_error_unscaled: 282.3333 (280.5775)  loss_ce_0_unscaled: 0.3832 (0.4983)  loss_bbox_0_unscaled: 0.1854 (0.4060)  loss_giou_0_unscaled: 0.6413 (0.9375)  loss_xy_0_unscaled: 0.0513 (0.1098)  loss_hw_0_unscaled: 0.1412 (0.2962)  cardinality_error_0_unscaled: 278.3333 (282.8627)  loss_ce_dn_0_unscaled: 0.1148 (0.3226)  loss_bbox_dn_0_unscaled: 0.0838 (0.1059)  loss_giou_dn_0_unscaled: 0.2891 (0.3248)  loss_xy_dn_0_unscaled: 0.0288 (0.0358)  loss_hw_dn_0_unscaled: 0.0540 (0.0701)  cardinality_error_dn_0_unscaled: 178.6667 (174.7063)  loss_ce_1_unscaled: 0.3786 (0.4857)  loss_bbox_1_unscaled: 0.1882 (0.3937)  loss_giou_1_unscaled: 0.6351 (0.9210)  loss_xy_1_unscaled: 0.0513 (0.1062)  loss_hw_1_unscaled: 0.1390 (0.2875)  cardinality_error_1_unscaled: 273.6667 (277.0814)  loss_ce_dn_1_unscaled: 0.1017 (0.2604)  loss_bbox_dn_1_unscaled: 0.0729 (0.1052)  loss_giou_dn_1_unscaled: 0.2733 (0.3226)  loss_xy_dn_1_unscaled: 0.0225 (0.0349)  loss_hw_dn_1_unscaled: 0.0501 (0.0703)  cardinality_error_dn_1_unscaled: 178.0000 (171.2456)  loss_ce_2_unscaled: 0.3784 (0.4856)  loss_bbox_2_unscaled: 0.1811 (0.3851)  loss_giou_2_unscaled: 0.6226 (0.9095)  loss_xy_2_unscaled: 0.0496 (0.1046)  loss_hw_2_unscaled: 0.1337 (0.2805)  cardinality_error_2_unscaled: 279.6667 (279.1055)  loss_ce_dn_2_unscaled: 0.1008 (0.2449)  loss_bbox_dn_2_unscaled: 0.0658 (0.1059)  loss_giou_dn_2_unscaled: 0.2614 (0.3228)  loss_xy_dn_2_unscaled: 0.0199 (0.0343)  loss_hw_dn_2_unscaled: 0.0465 (0.0716)  cardinality_error_dn_2_unscaled: 175.0000 (173.4671)  loss_ce_3_unscaled: 0.3826 (0.4950)  loss_bbox_3_unscaled: 0.1800 (0.3791)  loss_giou_3_unscaled: 0.6162 (0.9004)  loss_xy_3_unscaled: 0.0490 (0.1034)  loss_hw_3_unscaled: 0.1389 (0.2757)  cardinality_error_3_unscaled: 286.0000 (279.5449)  loss_ce_dn_3_unscaled: 0.1106 (0.2510)  loss_bbox_dn_3_unscaled: 0.0627 (0.1075)  loss_giou_dn_3_unscaled: 0.2542 (0.3246)  loss_xy_dn_3_unscaled: 0.0193 (0.0340)  loss_hw_dn_3_unscaled: 0.0429 (0.0735)  cardinality_error_dn_3_unscaled: 179.3333 (172.6214)  loss_ce_4_unscaled: 0.3966 (0.5043)  loss_bbox_4_unscaled: 0.1802 (0.3751)  loss_giou_4_unscaled: 0.6088 (0.8944)  loss_xy_4_unscaled: 0.0488 (0.1024)  loss_hw_4_unscaled: 0.1363 (0.2726)  cardinality_error_4_unscaled: 288.6667 (281.4303)  loss_ce_dn_4_unscaled: 0.1147 (0.2623)  loss_bbox_dn_4_unscaled: 0.0633 (0.1097)  loss_giou_dn_4_unscaled: 0.2616 (0.3277)  loss_xy_dn_4_unscaled: 0.0197 (0.0340)  loss_hw_dn_4_unscaled: 0.0433 (0.0757)  cardinality_error_dn_4_unscaled: 180.3333 (172.4508)  loss_ce_interm_unscaled: 0.4828 (0.5665)  loss_bbox_interm_unscaled: 0.1918 (0.4044)  loss_giou_interm_unscaled: 0.6610 (0.9460)  loss_xy_interm_unscaled: 0.0520 (0.0996)  loss_hw_interm_unscaled: 0.1449 (0.3048)  cardinality_error_interm_unscaled: 287.0000 (284.7672)  time: 0.3301  data: 0.0003  max mem: 24379
Epoch: [0]  [   480/111901]  eta: 10:22:41  lr: 0.000048  class_error: 7.41  loss: 22.5210 (38.3413)  loss_ce_dn: 0.1323 (0.2774)  loss_bbox_dn: 0.3044 (0.5564)  loss_giou_dn: 0.5150 (0.6596)  loss_ce: 0.4087 (0.5071)  loss_bbox: 0.8140 (1.8387)  loss_giou: 1.1229 (1.7640)  loss_ce_0: 0.3820 (0.4955)  loss_bbox_0: 0.9104 (2.0063)  loss_giou_0: 1.2295 (1.8613)  loss_ce_dn_0: 0.1251 (0.3182)  loss_bbox_dn_0: 0.3897 (0.5268)  loss_giou_dn_0: 0.5753 (0.6479)  loss_ce_1: 0.3734 (0.4832)  loss_bbox_1: 0.8825 (1.9449)  loss_giou_1: 1.2147 (1.8281)  loss_ce_dn_1: 0.1072 (0.2570)  loss_bbox_dn_1: 0.3354 (0.5220)  loss_giou_dn_1: 0.5294 (0.6427)  loss_ce_2: 0.3743 (0.4831)  loss_bbox_2: 0.8378 (1.9021)  loss_giou_2: 1.1568 (1.8049)  loss_ce_dn_2: 0.1032 (0.2419)  loss_bbox_dn_2: 0.3054 (0.5251)  loss_giou_dn_2: 0.5098 (0.6426)  loss_ce_3: 0.3877 (0.4927)  loss_bbox_3: 0.8310 (1.8725)  loss_giou_3: 1.1375 (1.7864)  loss_ce_dn_3: 0.1129 (0.2482)  loss_bbox_dn_3: 0.2924 (0.5327)  loss_giou_dn_3: 0.5041 (0.6461)  loss_ce_4: 0.3974 (0.5020)  loss_bbox_4: 0.8174 (1.8525)  loss_giou_4: 1.1264 (1.7745)  loss_ce_dn_4: 0.1198 (0.2595)  loss_bbox_dn_4: 0.2971 (0.5432)  loss_giou_dn_4: 0.5089 (0.6521)  loss_ce_interm: 0.4751 (0.5643)  loss_bbox_interm: 0.9525 (1.9987)  loss_giou_interm: 1.2696 (1.8787)  loss_ce_dn_unscaled: 0.1323 (0.2774)  loss_bbox_dn_unscaled: 0.0609 (0.1113)  loss_giou_dn_unscaled: 0.2575 (0.3298)  loss_xy_dn_unscaled: 0.0190 (0.0338)  loss_hw_dn_unscaled: 0.0421 (0.0775)  cardinality_error_dn_unscaled: 169.0000 (172.4401)  loss_ce_unscaled: 0.4087 (0.5071)  class_error_unscaled: 14.2857 (25.3290)  loss_bbox_unscaled: 0.1628 (0.3677)  loss_giou_unscaled: 0.5615 (0.8820)  loss_xy_unscaled: 0.0448 (0.1005)  loss_hw_unscaled: 0.1297 (0.2672)  cardinality_error_unscaled: 278.3333 (280.5059)  loss_ce_0_unscaled: 0.3820 (0.4955)  loss_bbox_0_unscaled: 0.1821 (0.4013)  loss_giou_0_unscaled: 0.6148 (0.9306)  loss_xy_0_unscaled: 0.0513 (0.1086)  loss_hw_0_unscaled: 0.1326 (0.2927)  cardinality_error_0_unscaled: 279.6667 (282.7595)  loss_ce_dn_0_unscaled: 0.1251 (0.3182)  loss_bbox_dn_0_unscaled: 0.0779 (0.1054)  loss_giou_dn_0_unscaled: 0.2876 (0.3240)  loss_xy_dn_0_unscaled: 0.0274 (0.0356)  loss_hw_dn_0_unscaled: 0.0514 (0.0697)  cardinality_error_dn_0_unscaled: 173.6667 (174.5967)  loss_ce_1_unscaled: 0.3734 (0.4832)  loss_bbox_1_unscaled: 0.1765 (0.3890)  loss_giou_1_unscaled: 0.6073 (0.9141)  loss_xy_1_unscaled: 0.0473 (0.1049)  loss_hw_1_unscaled: 0.1292 (0.2841)  cardinality_error_1_unscaled: 279.6667 (277.0839)  loss_ce_dn_1_unscaled: 0.1072 (0.2570)  loss_bbox_dn_1_unscaled: 0.0671 (0.1044)  loss_giou_dn_1_unscaled: 0.2647 (0.3213)  loss_xy_dn_1_unscaled: 0.0208 (0.0346)  loss_hw_dn_1_unscaled: 0.0468 (0.0698)  cardinality_error_dn_1_unscaled: 172.0000 (171.0388)  loss_ce_2_unscaled: 0.3743 (0.4831)  loss_bbox_2_unscaled: 0.1676 (0.3804)  loss_giou_2_unscaled: 0.5784 (0.9025)  loss_xy_2_unscaled: 0.0474 (0.1033)  loss_hw_2_unscaled: 0.1301 (0.2771)  cardinality_error_2_unscaled: 278.6667 (279.0873)  loss_ce_dn_2_unscaled: 0.1032 (0.2419)  loss_bbox_dn_2_unscaled: 0.0611 (0.1050)  loss_giou_dn_2_unscaled: 0.2549 (0.3213)  loss_xy_dn_2_unscaled: 0.0184 (0.0340)  loss_hw_dn_2_unscaled: 0.0427 (0.0710)  cardinality_error_dn_2_unscaled: 166.3333 (173.2218)  loss_ce_3_unscaled: 0.3877 (0.4927)  loss_bbox_3_unscaled: 0.1662 (0.3745)  loss_giou_3_unscaled: 0.5688 (0.8932)  loss_xy_3_unscaled: 0.0478 (0.1022)  loss_hw_3_unscaled: 0.1285 (0.2723)  cardinality_error_3_unscaled: 283.6667 (279.5295)  loss_ce_dn_3_unscaled: 0.1129 (0.2482)  loss_bbox_dn_3_unscaled: 0.0585 (0.1065)  loss_giou_dn_3_unscaled: 0.2520 (0.3231)  loss_xy_dn_3_unscaled: 0.0182 (0.0337)  loss_hw_dn_3_unscaled: 0.0406 (0.0728)  cardinality_error_dn_3_unscaled: 171.0000 (172.2183)  loss_ce_4_unscaled: 0.3974 (0.5020)  loss_bbox_4_unscaled: 0.1635 (0.3705)  loss_giou_4_unscaled: 0.5632 (0.8872)  loss_xy_4_unscaled: 0.0470 (0.1012)  loss_hw_4_unscaled: 0.1287 (0.2693)  cardinality_error_4_unscaled: 283.3333 (281.3867)  loss_ce_dn_4_unscaled: 0.1198 (0.2595)  loss_bbox_dn_4_unscaled: 0.0594 (0.1086)  loss_giou_dn_4_unscaled: 0.2544 (0.3261)  loss_xy_dn_4_unscaled: 0.0188 (0.0337)  loss_hw_dn_4_unscaled: 0.0417 (0.0750)  cardinality_error_dn_4_unscaled: 170.6667 (172.1601)  loss_ce_interm_unscaled: 0.4751 (0.5643)  loss_bbox_interm_unscaled: 0.1905 (0.3997)  loss_giou_interm_unscaled: 0.6348 (0.9393)  loss_xy_interm_unscaled: 0.0524 (0.0986)  loss_hw_interm_unscaled: 0.1368 (0.3012)  cardinality_error_interm_unscaled: 287.3333 (284.5350)  time: 0.3444  data: 0.0003  max mem: 24379
Epoch: [0]  [   490/111901]  eta: 10:21:46  lr: 0.000049  class_error: 14.29  loss: 22.0478 (38.0029)  loss_ce_dn: 0.1211 (0.2740)  loss_bbox_dn: 0.2852 (0.5510)  loss_giou_dn: 0.4975 (0.6565)  loss_ce: 0.3793 (0.5041)  loss_bbox: 0.7509 (1.8159)  loss_giou: 1.0801 (1.7503)  loss_ce_0: 0.3608 (0.4925)  loss_bbox_0: 0.8425 (1.9826)  loss_giou_0: 1.1965 (1.8480)  loss_ce_dn_0: 0.1092 (0.3140)  loss_bbox_dn_0: 0.3912 (0.5244)  loss_giou_dn_0: 0.5642 (0.6462)  loss_ce_1: 0.3539 (0.4801)  loss_bbox_1: 0.8264 (1.9218)  loss_giou_1: 1.1502 (1.8147)  loss_ce_dn_1: 0.0933 (0.2537)  loss_bbox_dn_1: 0.3354 (0.5183)  loss_giou_dn_1: 0.5173 (0.6400)  loss_ce_2: 0.3481 (0.4801)  loss_bbox_2: 0.7920 (1.8792)  loss_giou_2: 1.1312 (1.7915)  loss_ce_dn_2: 0.0916 (0.2388)  loss_bbox_dn_2: 0.3032 (0.5206)  loss_giou_dn_2: 0.4933 (0.6395)  loss_ce_3: 0.3518 (0.4896)  loss_bbox_3: 0.7672 (1.8496)  loss_giou_3: 1.1001 (1.7727)  loss_ce_dn_3: 0.0955 (0.2450)  loss_bbox_dn_3: 0.2828 (0.5278)  loss_giou_dn_3: 0.4891 (0.6430)  loss_ce_4: 0.3792 (0.4992)  loss_bbox_4: 0.7540 (1.8296)  loss_giou_4: 1.0892 (1.7607)  loss_ce_dn_4: 0.1105 (0.2563)  loss_bbox_dn_4: 0.2833 (0.5381)  loss_giou_dn_4: 0.4936 (0.6490)  loss_ce_interm: 0.4691 (0.5625)  loss_bbox_interm: 0.8466 (1.9760)  loss_giou_interm: 1.2471 (1.8659)  loss_ce_dn_unscaled: 0.1211 (0.2740)  loss_bbox_dn_unscaled: 0.0570 (0.1102)  loss_giou_dn_unscaled: 0.2487 (0.3283)  loss_xy_dn_unscaled: 0.0190 (0.0335)  loss_hw_dn_unscaled: 0.0380 (0.0767)  cardinality_error_dn_unscaled: 171.3333 (172.4141)  loss_ce_unscaled: 0.3793 (0.5041)  class_error_unscaled: 11.5385 (24.9932)  loss_bbox_unscaled: 0.1502 (0.3632)  loss_giou_unscaled: 0.5401 (0.8752)  loss_xy_unscaled: 0.0363 (0.0992)  loss_hw_unscaled: 0.1043 (0.2640)  cardinality_error_unscaled: 287.3333 (280.6348)  loss_ce_0_unscaled: 0.3608 (0.4925)  loss_bbox_0_unscaled: 0.1685 (0.3965)  loss_giou_0_unscaled: 0.5983 (0.9240)  loss_xy_0_unscaled: 0.0446 (0.1073)  loss_hw_0_unscaled: 0.1158 (0.2892)  cardinality_error_0_unscaled: 281.3333 (282.7339)  loss_ce_dn_0_unscaled: 0.1092 (0.3140)  loss_bbox_dn_0_unscaled: 0.0782 (0.1049)  loss_giou_dn_0_unscaled: 0.2821 (0.3231)  loss_xy_dn_0_unscaled: 0.0274 (0.0355)  loss_hw_dn_0_unscaled: 0.0529 (0.0694)  cardinality_error_dn_0_unscaled: 174.6667 (174.5302)  loss_ce_1_unscaled: 0.3539 (0.4801)  loss_bbox_1_unscaled: 0.1653 (0.3844)  loss_giou_1_unscaled: 0.5751 (0.9073)  loss_xy_1_unscaled: 0.0419 (0.1037)  loss_hw_1_unscaled: 0.1149 (0.2807)  cardinality_error_1_unscaled: 282.0000 (277.1942)  loss_ce_dn_1_unscaled: 0.0933 (0.2537)  loss_bbox_dn_1_unscaled: 0.0671 (0.1037)  loss_giou_dn_1_unscaled: 0.2587 (0.3200)  loss_xy_dn_1_unscaled: 0.0205 (0.0343)  loss_hw_dn_1_unscaled: 0.0466 (0.0693)  cardinality_error_dn_1_unscaled: 172.0000 (171.0339)  loss_ce_2_unscaled: 0.3481 (0.4801)  loss_bbox_2_unscaled: 0.1584 (0.3758)  loss_giou_2_unscaled: 0.5656 (0.8957)  loss_xy_2_unscaled: 0.0404 (0.1021)  loss_hw_2_unscaled: 0.1112 (0.2738)  cardinality_error_2_unscaled: 282.6667 (279.1358)  loss_ce_dn_2_unscaled: 0.0916 (0.2388)  loss_bbox_dn_2_unscaled: 0.0606 (0.1041)  loss_giou_dn_2_unscaled: 0.2467 (0.3198)  loss_xy_dn_2_unscaled: 0.0180 (0.0337)  loss_hw_dn_2_unscaled: 0.0423 (0.0705)  cardinality_error_dn_2_unscaled: 171.6667 (173.1697)  loss_ce_3_unscaled: 0.3518 (0.4896)  loss_bbox_3_unscaled: 0.1534 (0.3699)  loss_giou_3_unscaled: 0.5500 (0.8863)  loss_xy_3_unscaled: 0.0357 (0.1009)  loss_hw_3_unscaled: 0.1110 (0.2691)  cardinality_error_3_unscaled: 287.6667 (279.6945)  loss_ce_dn_3_unscaled: 0.0955 (0.2450)  loss_bbox_dn_3_unscaled: 0.0566 (0.1056)  loss_giou_dn_3_unscaled: 0.2445 (0.3215)  loss_xy_dn_3_unscaled: 0.0172 (0.0334)  loss_hw_dn_3_unscaled: 0.0399 (0.0722)  cardinality_error_dn_3_unscaled: 171.0000 (172.1887)  loss_ce_4_unscaled: 0.3792 (0.4992)  loss_bbox_4_unscaled: 0.1508 (0.3659)  loss_giou_4_unscaled: 0.5446 (0.8803)  loss_xy_4_unscaled: 0.0349 (0.0998)  loss_hw_4_unscaled: 0.1099 (0.2661)  cardinality_error_4_unscaled: 288.0000 (281.4949)  loss_ce_dn_4_unscaled: 0.1105 (0.2563)  loss_bbox_dn_4_unscaled: 0.0567 (0.1076)  loss_giou_dn_4_unscaled: 0.2468 (0.3245)  loss_xy_dn_4_unscaled: 0.0179 (0.0334)  loss_hw_dn_4_unscaled: 0.0392 (0.0743)  cardinality_error_dn_4_unscaled: 172.3333 (172.1419)  loss_ce_interm_unscaled: 0.4691 (0.5625)  loss_bbox_interm_unscaled: 0.1693 (0.3952)  loss_giou_interm_unscaled: 0.6235 (0.9330)  loss_xy_interm_unscaled: 0.0458 (0.0976)  loss_hw_interm_unscaled: 0.1217 (0.2976)  cardinality_error_interm_unscaled: 288.6667 (284.6348)  time: 0.3340  data: 0.0003  max mem: 24379
Epoch: [0]  [   500/111901]  eta: 10:21:31  lr: 0.000050  class_error: 3.23  loss: 21.4774 (37.6621)  loss_ce_dn: 0.0952 (0.2704)  loss_bbox_dn: 0.2770 (0.5458)  loss_giou_dn: 0.4764 (0.6530)  loss_ce: 0.3517 (0.5012)  loss_bbox: 0.7133 (1.7943)  loss_giou: 1.0412 (1.7355)  loss_ce_0: 0.3367 (0.4896)  loss_bbox_0: 0.8156 (1.9598)  loss_giou_0: 1.1343 (1.8337)  loss_ce_dn_0: 0.1059 (0.3098)  loss_bbox_dn_0: 0.3883 (0.5219)  loss_giou_dn_0: 0.5498 (0.6442)  loss_ce_1: 0.3284 (0.4771)  loss_bbox_1: 0.8089 (1.8993)  loss_giou_1: 1.0873 (1.8002)  loss_ce_dn_1: 0.0850 (0.2503)  loss_bbox_dn_1: 0.3070 (0.5146)  loss_giou_dn_1: 0.4953 (0.6372)  loss_ce_2: 0.3171 (0.4770)  loss_bbox_2: 0.7543 (1.8572)  loss_giou_2: 1.0663 (1.7769)  loss_ce_dn_2: 0.0769 (0.2356)  loss_bbox_dn_2: 0.2851 (0.5163)  loss_giou_dn_2: 0.4734 (0.6364)  loss_ce_3: 0.3311 (0.4865)  loss_bbox_3: 0.7424 (1.8277)  loss_giou_3: 1.0609 (1.7580)  loss_ce_dn_3: 0.0778 (0.2417)  loss_bbox_dn_3: 0.2794 (0.5232)  loss_giou_dn_3: 0.4689 (0.6397)  loss_ce_4: 0.3437 (0.4963)  loss_bbox_4: 0.7271 (1.8078)  loss_giou_4: 1.0510 (1.7459)  loss_ce_dn_4: 0.0889 (0.2530)  loss_bbox_dn_4: 0.2769 (0.5332)  loss_giou_dn_4: 0.4741 (0.6456)  loss_ce_interm: 0.4616 (0.5606)  loss_bbox_interm: 0.8352 (1.9539)  loss_giou_interm: 1.1623 (1.8520)  loss_ce_dn_unscaled: 0.0952 (0.2704)  loss_bbox_dn_unscaled: 0.0554 (0.1092)  loss_giou_dn_unscaled: 0.2382 (0.3265)  loss_xy_dn_unscaled: 0.0169 (0.0331)  loss_hw_dn_unscaled: 0.0379 (0.0760)  cardinality_error_dn_unscaled: 173.0000 (172.2721)  loss_ce_unscaled: 0.3517 (0.5012)  class_error_unscaled: 9.0909 (24.7323)  loss_bbox_unscaled: 0.1427 (0.3589)  loss_giou_unscaled: 0.5206 (0.8678)  loss_xy_unscaled: 0.0323 (0.0980)  loss_hw_unscaled: 0.1043 (0.2609)  cardinality_error_unscaled: 287.6667 (280.6015)  loss_ce_0_unscaled: 0.3367 (0.4896)  loss_bbox_0_unscaled: 0.1631 (0.3920)  loss_giou_0_unscaled: 0.5672 (0.9168)  loss_xy_0_unscaled: 0.0440 (0.1062)  loss_hw_0_unscaled: 0.1158 (0.2858)  cardinality_error_0_unscaled: 281.6667 (282.6740)  loss_ce_dn_0_unscaled: 0.1059 (0.3098)  loss_bbox_dn_0_unscaled: 0.0777 (0.1044)  loss_giou_dn_0_unscaled: 0.2749 (0.3221)  loss_xy_dn_0_unscaled: 0.0270 (0.0353)  loss_hw_dn_0_unscaled: 0.0497 (0.0691)  cardinality_error_dn_0_unscaled: 180.0000 (174.4924)  loss_ce_1_unscaled: 0.3284 (0.4771)  loss_bbox_1_unscaled: 0.1618 (0.3799)  loss_giou_1_unscaled: 0.5436 (0.9001)  loss_xy_1_unscaled: 0.0400 (0.1024)  loss_hw_1_unscaled: 0.1174 (0.2774)  cardinality_error_1_unscaled: 283.3333 (277.2282)  loss_ce_dn_1_unscaled: 0.0850 (0.2503)  loss_bbox_dn_1_unscaled: 0.0614 (0.1029)  loss_giou_dn_1_unscaled: 0.2476 (0.3186)  loss_xy_dn_1_unscaled: 0.0196 (0.0340)  loss_hw_dn_1_unscaled: 0.0432 (0.0689)  cardinality_error_dn_1_unscaled: 175.6667 (170.9594)  loss_ce_2_unscaled: 0.3171 (0.4770)  loss_bbox_2_unscaled: 0.1509 (0.3714)  loss_giou_2_unscaled: 0.5332 (0.8884)  loss_xy_2_unscaled: 0.0404 (0.1008)  loss_hw_2_unscaled: 0.1113 (0.2706)  cardinality_error_2_unscaled: 283.0000 (279.0958)  loss_ce_dn_2_unscaled: 0.0769 (0.2356)  loss_bbox_dn_2_unscaled: 0.0570 (0.1033)  loss_giou_dn_2_unscaled: 0.2367 (0.3182)  loss_xy_dn_2_unscaled: 0.0173 (0.0334)  loss_hw_dn_2_unscaled: 0.0393 (0.0699)  cardinality_error_dn_2_unscaled: 170.6667 (172.9388)  loss_ce_3_unscaled: 0.3311 (0.4865)  loss_bbox_3_unscaled: 0.1485 (0.3655)  loss_giou_3_unscaled: 0.5304 (0.8790)  loss_xy_3_unscaled: 0.0342 (0.0996)  loss_hw_3_unscaled: 0.1102 (0.2659)  cardinality_error_3_unscaled: 287.6667 (279.7731)  loss_ce_dn_3_unscaled: 0.0778 (0.2417)  loss_bbox_dn_3_unscaled: 0.0559 (0.1046)  loss_giou_dn_3_unscaled: 0.2344 (0.3198)  loss_xy_dn_3_unscaled: 0.0169 (0.0331)  loss_hw_dn_3_unscaled: 0.0381 (0.0716)  cardinality_error_dn_3_unscaled: 176.3333 (172.1637)  loss_ce_4_unscaled: 0.3437 (0.4963)  loss_bbox_4_unscaled: 0.1454 (0.3616)  loss_giou_4_unscaled: 0.5255 (0.8730)  loss_xy_4_unscaled: 0.0344 (0.0986)  loss_hw_4_unscaled: 0.1077 (0.2630)  cardinality_error_4_unscaled: 286.3333 (281.4850)  loss_ce_dn_4_unscaled: 0.0889 (0.2530)  loss_bbox_dn_4_unscaled: 0.0554 (0.1066)  loss_giou_dn_4_unscaled: 0.2370 (0.3228)  loss_xy_dn_4_unscaled: 0.0170 (0.0330)  loss_hw_dn_4_unscaled: 0.0381 (0.0736)  cardinality_error_dn_4_unscaled: 172.3333 (171.9308)  loss_ce_interm_unscaled: 0.4616 (0.5606)  loss_bbox_interm_unscaled: 0.1670 (0.3908)  loss_giou_interm_unscaled: 0.5812 (0.9260)  loss_xy_interm_unscaled: 0.0421 (0.0966)  loss_hw_interm_unscaled: 0.1216 (0.2942)  cardinality_error_interm_unscaled: 290.0000 (284.6813)  time: 0.3212  data: 0.0002  max mem: 24379
Epoch: [0]  [   510/111901]  eta: 10:21:41  lr: 0.000051  class_error: 7.50  loss: 20.9928 (37.3615)  loss_ce_dn: 0.0992 (0.2672)  loss_bbox_dn: 0.2758 (0.5408)  loss_giou_dn: 0.4751 (0.6499)  loss_ce: 0.3485 (0.4988)  loss_bbox: 0.7536 (1.7747)  loss_giou: 1.0563 (1.7230)  loss_ce_0: 0.3393 (0.4871)  loss_bbox_0: 0.8156 (1.9385)  loss_giou_0: 1.1722 (1.8224)  loss_ce_dn_0: 0.1100 (0.3060)  loss_bbox_dn_0: 0.3883 (0.5195)  loss_giou_dn_0: 0.5449 (0.6424)  loss_ce_1: 0.3246 (0.4746)  loss_bbox_1: 0.8089 (1.8789)  loss_giou_1: 1.1372 (1.7886)  loss_ce_dn_1: 0.0901 (0.2473)  loss_bbox_dn_1: 0.3142 (0.5110)  loss_giou_dn_1: 0.4943 (0.6346)  loss_ce_2: 0.3256 (0.4746)  loss_bbox_2: 0.7631 (1.8370)  loss_giou_2: 1.1161 (1.7648)  loss_ce_dn_2: 0.0837 (0.2328)  loss_bbox_dn_2: 0.2852 (0.5120)  loss_giou_dn_2: 0.4734 (0.6335)  loss_ce_3: 0.3319 (0.4840)  loss_bbox_3: 0.7704 (1.8078)  loss_giou_3: 1.0905 (1.7456)  loss_ce_dn_3: 0.0847 (0.2389)  loss_bbox_dn_3: 0.2794 (0.5186)  loss_giou_dn_3: 0.4692 (0.6367)  loss_ce_4: 0.3497 (0.4938)  loss_bbox_4: 0.7638 (1.7880)  loss_giou_4: 1.0768 (1.7334)  loss_ce_dn_4: 0.0889 (0.2500)  loss_bbox_dn_4: 0.2769 (0.5284)  loss_giou_dn_4: 0.4724 (0.6426)  loss_ce_interm: 0.4616 (0.5587)  loss_bbox_interm: 0.8525 (1.9339)  loss_giou_interm: 1.2182 (1.8413)  loss_ce_dn_unscaled: 0.0992 (0.2672)  loss_bbox_dn_unscaled: 0.0552 (0.1082)  loss_giou_dn_unscaled: 0.2376 (0.3249)  loss_xy_dn_unscaled: 0.0164 (0.0328)  loss_hw_dn_unscaled: 0.0393 (0.0753)  cardinality_error_dn_unscaled: 170.0000 (171.9393)  loss_ce_unscaled: 0.3485 (0.4988)  class_error_unscaled: 8.3333 (24.4448)  loss_bbox_unscaled: 0.1507 (0.3549)  loss_giou_unscaled: 0.5282 (0.8615)  loss_xy_unscaled: 0.0413 (0.0969)  loss_hw_unscaled: 0.1073 (0.2580)  cardinality_error_unscaled: 281.3333 (280.3633)  loss_ce_0_unscaled: 0.3393 (0.4871)  loss_bbox_0_unscaled: 0.1631 (0.3877)  loss_giou_0_unscaled: 0.5861 (0.9112)  loss_xy_0_unscaled: 0.0507 (0.1052)  loss_hw_0_unscaled: 0.1121 (0.2825)  cardinality_error_0_unscaled: 276.3333 (282.3457)  loss_ce_dn_0_unscaled: 0.1100 (0.3060)  loss_bbox_dn_0_unscaled: 0.0777 (0.1039)  loss_giou_dn_0_unscaled: 0.2725 (0.3212)  loss_xy_dn_0_unscaled: 0.0270 (0.0351)  loss_hw_dn_0_unscaled: 0.0503 (0.0688)  cardinality_error_dn_0_unscaled: 180.0000 (174.3275)  loss_ce_1_unscaled: 0.3246 (0.4746)  loss_bbox_1_unscaled: 0.1618 (0.3758)  loss_giou_1_unscaled: 0.5686 (0.8943)  loss_xy_1_unscaled: 0.0529 (0.1014)  loss_hw_1_unscaled: 0.1141 (0.2743)  cardinality_error_1_unscaled: 280.3333 (277.0952)  loss_ce_dn_1_unscaled: 0.0901 (0.2473)  loss_bbox_dn_1_unscaled: 0.0628 (0.1022)  loss_giou_dn_1_unscaled: 0.2471 (0.3173)  loss_xy_dn_1_unscaled: 0.0196 (0.0338)  loss_hw_dn_1_unscaled: 0.0439 (0.0684)  cardinality_error_dn_1_unscaled: 175.6667 (170.8885)  loss_ce_2_unscaled: 0.3256 (0.4746)  loss_bbox_2_unscaled: 0.1526 (0.3674)  loss_giou_2_unscaled: 0.5580 (0.8824)  loss_xy_2_unscaled: 0.0476 (0.0998)  loss_hw_2_unscaled: 0.1095 (0.2676)  cardinality_error_2_unscaled: 283.0000 (278.9935)  loss_ce_dn_2_unscaled: 0.0837 (0.2328)  loss_bbox_dn_2_unscaled: 0.0570 (0.1024)  loss_giou_dn_2_unscaled: 0.2367 (0.3168)  loss_xy_dn_2_unscaled: 0.0177 (0.0330)  loss_hw_dn_2_unscaled: 0.0399 (0.0694)  cardinality_error_dn_2_unscaled: 167.3333 (172.8037)  loss_ce_3_unscaled: 0.3319 (0.4840)  loss_bbox_3_unscaled: 0.1541 (0.3616)  loss_giou_3_unscaled: 0.5452 (0.8728)  loss_xy_3_unscaled: 0.0427 (0.0986)  loss_hw_3_unscaled: 0.1102 (0.2630)  cardinality_error_3_unscaled: 283.0000 (279.6204)  loss_ce_dn_3_unscaled: 0.0847 (0.2389)  loss_bbox_dn_3_unscaled: 0.0559 (0.1037)  loss_giou_dn_3_unscaled: 0.2346 (0.3183)  loss_xy_dn_3_unscaled: 0.0165 (0.0327)  loss_hw_dn_3_unscaled: 0.0385 (0.0710)  cardinality_error_dn_3_unscaled: 170.6667 (171.8800)  loss_ce_4_unscaled: 0.3497 (0.4938)  loss_bbox_4_unscaled: 0.1528 (0.3576)  loss_giou_4_unscaled: 0.5384 (0.8667)  loss_xy_4_unscaled: 0.0417 (0.0976)  loss_hw_4_unscaled: 0.1077 (0.2600)  cardinality_error_4_unscaled: 283.3333 (281.3327)  loss_ce_dn_4_unscaled: 0.0889 (0.2500)  loss_bbox_dn_4_unscaled: 0.0554 (0.1057)  loss_giou_dn_4_unscaled: 0.2362 (0.3213)  loss_xy_dn_4_unscaled: 0.0166 (0.0327)  loss_hw_dn_4_unscaled: 0.0389 (0.0730)  cardinality_error_dn_4_unscaled: 167.0000 (171.6112)  loss_ce_interm_unscaled: 0.4616 (0.5587)  loss_bbox_interm_unscaled: 0.1705 (0.3868)  loss_giou_interm_unscaled: 0.6091 (0.9206)  loss_xy_interm_unscaled: 0.0465 (0.0957)  loss_hw_interm_unscaled: 0.1226 (0.2910)  cardinality_error_interm_unscaled: 289.0000 (284.4762)  time: 0.3352  data: 0.0002  max mem: 24379
Epoch: [0]  [   520/111901]  eta: 10:21:09  lr: 0.000052  class_error: 22.22  loss: 21.6250 (37.0729)  loss_ce_dn: 0.1069 (0.2642)  loss_bbox_dn: 0.2891 (0.5364)  loss_giou_dn: 0.4765 (0.6468)  loss_ce: 0.3598 (0.4966)  loss_bbox: 0.7547 (1.7555)  loss_giou: 1.0792 (1.7110)  loss_ce_0: 0.3603 (0.4850)  loss_bbox_0: 0.8347 (1.9182)  loss_giou_0: 1.2500 (1.8111)  loss_ce_dn_0: 0.1103 (0.3023)  loss_bbox_dn_0: 0.3811 (0.5172)  loss_giou_dn_0: 0.5409 (0.6404)  loss_ce_1: 0.3589 (0.4726)  loss_bbox_1: 0.7691 (1.8589)  loss_giou_1: 1.2045 (1.7771)  loss_ce_dn_1: 0.0919 (0.2443)  loss_bbox_dn_1: 0.3142 (0.5077)  loss_giou_dn_1: 0.4943 (0.6320)  loss_ce_2: 0.3504 (0.4726)  loss_bbox_2: 0.7684 (1.8174)  loss_giou_2: 1.1283 (1.7530)  loss_ce_dn_2: 0.0828 (0.2300)  loss_bbox_dn_2: 0.2851 (0.5082)  loss_giou_dn_2: 0.4753 (0.6307)  loss_ce_3: 0.3487 (0.4817)  loss_bbox_3: 0.7680 (1.7885)  loss_giou_3: 1.0986 (1.7337)  loss_ce_dn_3: 0.0887 (0.2360)  loss_bbox_dn_3: 0.2812 (0.5145)  loss_giou_dn_3: 0.4718 (0.6337)  loss_ce_4: 0.3569 (0.4915)  loss_bbox_4: 0.7556 (1.7688)  loss_giou_4: 1.0831 (1.7214)  loss_ce_dn_4: 0.0978 (0.2471)  loss_bbox_dn_4: 0.2842 (0.5242)  loss_giou_dn_4: 0.4757 (0.6396)  loss_ce_interm: 0.4656 (0.5573)  loss_bbox_interm: 0.8967 (1.9151)  loss_giou_interm: 1.2925 (1.8307)  loss_ce_dn_unscaled: 0.1069 (0.2642)  loss_bbox_dn_unscaled: 0.0578 (0.1073)  loss_giou_dn_unscaled: 0.2383 (0.3234)  loss_xy_dn_unscaled: 0.0166 (0.0325)  loss_hw_dn_unscaled: 0.0402 (0.0747)  cardinality_error_dn_unscaled: 172.3333 (171.9699)  loss_ce_unscaled: 0.3598 (0.4966)  class_error_unscaled: 8.5714 (24.1836)  loss_bbox_unscaled: 0.1509 (0.3511)  loss_giou_unscaled: 0.5396 (0.8555)  loss_xy_unscaled: 0.0406 (0.0957)  loss_hw_unscaled: 0.1085 (0.2554)  cardinality_error_unscaled: 279.0000 (280.2828)  loss_ce_0_unscaled: 0.3603 (0.4850)  loss_bbox_0_unscaled: 0.1669 (0.3836)  loss_giou_0_unscaled: 0.6250 (0.9056)  loss_xy_0_unscaled: 0.0489 (0.1040)  loss_hw_0_unscaled: 0.1228 (0.2797)  cardinality_error_0_unscaled: 277.3333 (282.1395)  loss_ce_dn_0_unscaled: 0.1103 (0.3023)  loss_bbox_dn_0_unscaled: 0.0762 (0.1034)  loss_giou_dn_0_unscaled: 0.2705 (0.3202)  loss_xy_dn_0_unscaled: 0.0265 (0.0350)  loss_hw_dn_0_unscaled: 0.0523 (0.0685)  cardinality_error_dn_0_unscaled: 176.6667 (174.3903)  loss_ce_1_unscaled: 0.3589 (0.4726)  loss_bbox_1_unscaled: 0.1538 (0.3718)  loss_giou_1_unscaled: 0.6022 (0.8885)  loss_xy_1_unscaled: 0.0443 (0.1002)  loss_hw_1_unscaled: 0.1175 (0.2716)  cardinality_error_1_unscaled: 280.6667 (276.9923)  loss_ce_dn_1_unscaled: 0.0919 (0.2443)  loss_bbox_dn_1_unscaled: 0.0628 (0.1015)  loss_giou_dn_1_unscaled: 0.2471 (0.3160)  loss_xy_dn_1_unscaled: 0.0198 (0.0335)  loss_hw_dn_1_unscaled: 0.0459 (0.0680)  cardinality_error_dn_1_unscaled: 173.0000 (170.9053)  loss_ce_2_unscaled: 0.3504 (0.4726)  loss_bbox_2_unscaled: 0.1537 (0.3635)  loss_giou_2_unscaled: 0.5642 (0.8765)  loss_xy_2_unscaled: 0.0431 (0.0986)  loss_hw_2_unscaled: 0.1116 (0.2649)  cardinality_error_2_unscaled: 284.3333 (279.0384)  loss_ce_dn_2_unscaled: 0.0828 (0.2300)  loss_bbox_dn_2_unscaled: 0.0570 (0.1016)  loss_giou_dn_2_unscaled: 0.2377 (0.3153)  loss_xy_dn_2_unscaled: 0.0178 (0.0328)  loss_hw_dn_2_unscaled: 0.0399 (0.0689)  cardinality_error_dn_2_unscaled: 175.0000 (172.8599)  loss_ce_3_unscaled: 0.3487 (0.4817)  loss_bbox_3_unscaled: 0.1536 (0.3577)  loss_giou_3_unscaled: 0.5493 (0.8669)  loss_xy_3_unscaled: 0.0413 (0.0974)  loss_hw_3_unscaled: 0.1107 (0.2603)  cardinality_error_3_unscaled: 283.0000 (279.5649)  loss_ce_dn_3_unscaled: 0.0887 (0.2360)  loss_bbox_dn_3_unscaled: 0.0562 (0.1029)  loss_giou_dn_3_unscaled: 0.2359 (0.3169)  loss_xy_dn_3_unscaled: 0.0170 (0.0324)  loss_hw_dn_3_unscaled: 0.0390 (0.0705)  cardinality_error_dn_3_unscaled: 173.0000 (171.9597)  loss_ce_4_unscaled: 0.3569 (0.4915)  loss_bbox_4_unscaled: 0.1511 (0.3538)  loss_giou_4_unscaled: 0.5415 (0.8607)  loss_xy_4_unscaled: 0.0412 (0.0963)  loss_hw_4_unscaled: 0.1089 (0.2574)  cardinality_error_4_unscaled: 282.0000 (281.2412)  loss_ce_dn_4_unscaled: 0.0978 (0.2471)  loss_bbox_dn_4_unscaled: 0.0568 (0.1048)  loss_giou_dn_4_unscaled: 0.2379 (0.3198)  loss_xy_dn_4_unscaled: 0.0167 (0.0324)  loss_hw_dn_4_unscaled: 0.0393 (0.0724)  cardinality_error_dn_4_unscaled: 172.3333 (171.6308)  loss_ce_interm_unscaled: 0.4656 (0.5573)  loss_bbox_interm_unscaled: 0.1793 (0.3830)  loss_giou_interm_unscaled: 0.6463 (0.9153)  loss_xy_interm_unscaled: 0.0497 (0.0948)  loss_hw_interm_unscaled: 0.1335 (0.2883)  cardinality_error_interm_unscaled: 285.3333 (284.1926)  time: 0.3311  data: 0.0003  max mem: 24379
Epoch: [0]  [   530/111901]  eta: 10:20:13  lr: 0.000053  class_error: 16.67  loss: 20.6198 (36.7734)  loss_ce_dn: 0.0973 (0.2611)  loss_bbox_dn: 0.2867 (0.5315)  loss_giou_dn: 0.4782 (0.6436)  loss_ce: 0.3677 (0.4942)  loss_bbox: 0.6537 (1.7361)  loss_giou: 1.0556 (1.6984)  loss_ce_0: 0.3655 (0.4825)  loss_bbox_0: 0.7542 (1.8978)  loss_giou_0: 1.1715 (1.7989)  loss_ce_dn_0: 0.1041 (0.2985)  loss_bbox_dn_0: 0.3840 (0.5148)  loss_giou_dn_0: 0.5323 (0.6384)  loss_ce_1: 0.3542 (0.4702)  loss_bbox_1: 0.6948 (1.8389)  loss_giou_1: 1.1146 (1.7648)  loss_ce_dn_1: 0.0822 (0.2413)  loss_bbox_dn_1: 0.3215 (0.5041)  loss_giou_dn_1: 0.4903 (0.6292)  loss_ce_2: 0.3561 (0.4701)  loss_bbox_2: 0.6876 (1.7977)  loss_giou_2: 1.0909 (1.7405)  loss_ce_dn_2: 0.0811 (0.2272)  loss_bbox_dn_2: 0.2862 (0.5041)  loss_giou_dn_2: 0.4753 (0.6276)  loss_ce_3: 0.3629 (0.4793)  loss_bbox_3: 0.6709 (1.7688)  loss_giou_3: 1.0627 (1.7211)  loss_ce_dn_3: 0.0839 (0.2332)  loss_bbox_dn_3: 0.2869 (0.5101)  loss_giou_dn_3: 0.4704 (0.6307)  loss_ce_4: 0.3619 (0.4892)  loss_bbox_4: 0.6607 (1.7492)  loss_giou_4: 1.0637 (1.7088)  loss_ce_dn_4: 0.0890 (0.2443)  loss_bbox_dn_4: 0.2853 (0.5196)  loss_giou_dn_4: 0.4735 (0.6364)  loss_ce_interm: 0.4749 (0.5560)  loss_bbox_interm: 0.8758 (1.8962)  loss_giou_interm: 1.2134 (1.8192)  loss_ce_dn_unscaled: 0.0973 (0.2611)  loss_bbox_dn_unscaled: 0.0573 (0.1063)  loss_giou_dn_unscaled: 0.2391 (0.3218)  loss_xy_dn_unscaled: 0.0170 (0.0322)  loss_hw_dn_unscaled: 0.0402 (0.0741)  cardinality_error_dn_unscaled: 175.3333 (171.9466)  loss_ce_unscaled: 0.3677 (0.4942)  class_error_unscaled: 10.3448 (23.9469)  loss_bbox_unscaled: 0.1307 (0.3472)  loss_giou_unscaled: 0.5278 (0.8492)  loss_xy_unscaled: 0.0319 (0.0946)  loss_hw_unscaled: 0.0973 (0.2526)  cardinality_error_unscaled: 283.0000 (280.0804)  loss_ce_0_unscaled: 0.3655 (0.4825)  loss_bbox_0_unscaled: 0.1508 (0.3796)  loss_giou_0_unscaled: 0.5857 (0.8994)  loss_xy_0_unscaled: 0.0399 (0.1029)  loss_hw_0_unscaled: 0.1172 (0.2767)  cardinality_error_0_unscaled: 277.6667 (281.8952)  loss_ce_dn_0_unscaled: 0.1041 (0.2985)  loss_bbox_dn_0_unscaled: 0.0768 (0.1030)  loss_giou_dn_0_unscaled: 0.2661 (0.3192)  loss_xy_dn_0_unscaled: 0.0254 (0.0348)  loss_hw_dn_0_unscaled: 0.0523 (0.0682)  cardinality_error_dn_0_unscaled: 178.0000 (174.4444)  loss_ce_1_unscaled: 0.3542 (0.4702)  loss_bbox_1_unscaled: 0.1390 (0.3678)  loss_giou_1_unscaled: 0.5573 (0.8824)  loss_xy_1_unscaled: 0.0379 (0.0991)  loss_hw_1_unscaled: 0.1064 (0.2686)  cardinality_error_1_unscaled: 280.6667 (276.7797)  loss_ce_dn_1_unscaled: 0.0822 (0.2413)  loss_bbox_dn_1_unscaled: 0.0643 (0.1008)  loss_giou_dn_1_unscaled: 0.2451 (0.3146)  loss_xy_dn_1_unscaled: 0.0191 (0.0332)  loss_hw_dn_1_unscaled: 0.0452 (0.0676)  cardinality_error_dn_1_unscaled: 176.0000 (170.9749)  loss_ce_2_unscaled: 0.3561 (0.4701)  loss_bbox_2_unscaled: 0.1375 (0.3595)  loss_giou_2_unscaled: 0.5455 (0.8703)  loss_xy_2_unscaled: 0.0348 (0.0975)  loss_hw_2_unscaled: 0.1034 (0.2620)  cardinality_error_2_unscaled: 282.0000 (278.9354)  loss_ce_dn_2_unscaled: 0.0811 (0.2272)  loss_bbox_dn_2_unscaled: 0.0572 (0.1008)  loss_giou_dn_2_unscaled: 0.2377 (0.3138)  loss_xy_dn_2_unscaled: 0.0175 (0.0325)  loss_hw_dn_2_unscaled: 0.0398 (0.0684)  cardinality_error_dn_2_unscaled: 176.3333 (172.9517)  loss_ce_3_unscaled: 0.3629 (0.4793)  loss_bbox_3_unscaled: 0.1342 (0.3538)  loss_giou_3_unscaled: 0.5313 (0.8605)  loss_xy_3_unscaled: 0.0336 (0.0962)  loss_hw_3_unscaled: 0.1015 (0.2575)  cardinality_error_3_unscaled: 283.6667 (279.4658)  loss_ce_dn_3_unscaled: 0.0839 (0.2332)  loss_bbox_dn_3_unscaled: 0.0574 (0.1020)  loss_giou_dn_3_unscaled: 0.2352 (0.3153)  loss_xy_dn_3_unscaled: 0.0170 (0.0321)  loss_hw_dn_3_unscaled: 0.0400 (0.0699)  cardinality_error_dn_3_unscaled: 175.3333 (172.0653)  loss_ce_4_unscaled: 0.3619 (0.4892)  loss_bbox_4_unscaled: 0.1321 (0.3498)  loss_giou_4_unscaled: 0.5318 (0.8544)  loss_xy_4_unscaled: 0.0324 (0.0952)  loss_hw_4_unscaled: 0.0995 (0.2546)  cardinality_error_4_unscaled: 284.6667 (281.1161)  loss_ce_dn_4_unscaled: 0.0890 (0.2443)  loss_bbox_dn_4_unscaled: 0.0571 (0.1039)  loss_giou_dn_4_unscaled: 0.2368 (0.3182)  loss_xy_dn_4_unscaled: 0.0167 (0.0321)  loss_hw_dn_4_unscaled: 0.0399 (0.0718)  cardinality_error_dn_4_unscaled: 175.6667 (171.7169)  loss_ce_interm_unscaled: 0.4749 (0.5560)  loss_bbox_interm_unscaled: 0.1752 (0.3792)  loss_giou_interm_unscaled: 0.6067 (0.9096)  loss_xy_interm_unscaled: 0.0414 (0.0939)  loss_hw_interm_unscaled: 0.1347 (0.2853)  cardinality_error_interm_unscaled: 285.6667 (283.9529)  time: 0.3155  data: 0.0003  max mem: 24379
Epoch: [0]  [   540/111901]  eta: 10:19:57  lr: 0.000054  class_error: 11.11  loss: 20.5085 (36.4912)  loss_ce_dn: 0.0939 (0.2581)  loss_bbox_dn: 0.2518 (0.5267)  loss_giou_dn: 0.4670 (0.6407)  loss_ce: 0.3717 (0.4922)  loss_bbox: 0.6571 (1.7187)  loss_giou: 1.0214 (1.6857)  loss_ce_0: 0.3655 (0.4809)  loss_bbox_0: 0.7766 (1.8791)  loss_giou_0: 1.1183 (1.7865)  loss_ce_dn_0: 0.0983 (0.2950)  loss_bbox_dn_0: 0.3548 (0.5124)  loss_giou_dn_0: 0.5307 (0.6363)  loss_ce_1: 0.3490 (0.4683)  loss_bbox_1: 0.7483 (1.8208)  loss_giou_1: 1.0934 (1.7523)  loss_ce_dn_1: 0.0822 (0.2385)  loss_bbox_dn_1: 0.2872 (0.5006)  loss_giou_dn_1: 0.4840 (0.6268)  loss_ce_2: 0.3388 (0.4680)  loss_bbox_2: 0.7177 (1.7798)  loss_giou_2: 1.0695 (1.7279)  loss_ce_dn_2: 0.0793 (0.2245)  loss_bbox_dn_2: 0.2514 (0.5000)  loss_giou_dn_2: 0.4681 (0.6250)  loss_ce_3: 0.3529 (0.4773)  loss_bbox_3: 0.6790 (1.7511)  loss_giou_3: 1.0365 (1.7083)  loss_ce_dn_3: 0.0839 (0.2305)  loss_bbox_dn_3: 0.2469 (0.5057)  loss_giou_dn_3: 0.4663 (0.6279)  loss_ce_4: 0.3626 (0.4871)  loss_bbox_4: 0.6645 (1.7317)  loss_giou_4: 1.0227 (1.6960)  loss_ce_dn_4: 0.0875 (0.2414)  loss_bbox_dn_4: 0.2483 (0.5149)  loss_giou_dn_4: 0.4647 (0.6336)  loss_ce_interm: 0.4819 (0.5548)  loss_bbox_interm: 0.8888 (1.8786)  loss_giou_interm: 1.1882 (1.8076)  loss_ce_dn_unscaled: 0.0939 (0.2581)  loss_bbox_dn_unscaled: 0.0504 (0.1053)  loss_giou_dn_unscaled: 0.2335 (0.3204)  loss_xy_dn_unscaled: 0.0162 (0.0319)  loss_hw_dn_unscaled: 0.0343 (0.0734)  cardinality_error_dn_unscaled: 169.6667 (171.7086)  loss_ce_unscaled: 0.3717 (0.4922)  class_error_unscaled: 10.5263 (23.7400)  loss_bbox_unscaled: 0.1314 (0.3437)  loss_giou_unscaled: 0.5107 (0.8428)  loss_xy_unscaled: 0.0331 (0.0936)  loss_hw_unscaled: 0.1098 (0.2502)  cardinality_error_unscaled: 277.0000 (279.9125)  loss_ce_0_unscaled: 0.3655 (0.4809)  loss_bbox_0_unscaled: 0.1553 (0.3758)  loss_giou_0_unscaled: 0.5591 (0.8933)  loss_xy_0_unscaled: 0.0410 (0.1017)  loss_hw_0_unscaled: 0.1178 (0.2741)  cardinality_error_0_unscaled: 271.3333 (281.6069)  loss_ce_dn_0_unscaled: 0.0983 (0.2950)  loss_bbox_dn_0_unscaled: 0.0710 (0.1025)  loss_giou_dn_0_unscaled: 0.2654 (0.3182)  loss_xy_dn_0_unscaled: 0.0243 (0.0346)  loss_hw_dn_0_unscaled: 0.0487 (0.0679)  cardinality_error_dn_0_unscaled: 175.3333 (174.3722)  loss_ce_1_unscaled: 0.3490 (0.4683)  loss_bbox_1_unscaled: 0.1497 (0.3642)  loss_giou_1_unscaled: 0.5467 (0.8762)  loss_xy_1_unscaled: 0.0386 (0.0981)  loss_hw_1_unscaled: 0.1109 (0.2661)  cardinality_error_1_unscaled: 277.0000 (276.5958)  loss_ce_dn_1_unscaled: 0.0822 (0.2385)  loss_bbox_dn_1_unscaled: 0.0574 (0.1001)  loss_giou_dn_1_unscaled: 0.2420 (0.3134)  loss_xy_dn_1_unscaled: 0.0179 (0.0329)  loss_hw_dn_1_unscaled: 0.0406 (0.0672)  cardinality_error_dn_1_unscaled: 175.3333 (170.8170)  loss_ce_2_unscaled: 0.3388 (0.4680)  loss_bbox_2_unscaled: 0.1435 (0.3560)  loss_giou_2_unscaled: 0.5347 (0.8639)  loss_xy_2_unscaled: 0.0376 (0.0965)  loss_hw_2_unscaled: 0.1110 (0.2595)  cardinality_error_2_unscaled: 280.6667 (278.7338)  loss_ce_dn_2_unscaled: 0.0793 (0.2245)  loss_bbox_dn_2_unscaled: 0.0503 (0.1000)  loss_giou_dn_2_unscaled: 0.2340 (0.3125)  loss_xy_dn_2_unscaled: 0.0167 (0.0322)  loss_hw_dn_2_unscaled: 0.0362 (0.0678)  cardinality_error_dn_2_unscaled: 169.6667 (172.6889)  loss_ce_3_unscaled: 0.3529 (0.4773)  loss_bbox_3_unscaled: 0.1358 (0.3502)  loss_giou_3_unscaled: 0.5183 (0.8542)  loss_xy_3_unscaled: 0.0337 (0.0952)  loss_hw_3_unscaled: 0.1100 (0.2551)  cardinality_error_3_unscaled: 281.6667 (279.2951)  loss_ce_dn_3_unscaled: 0.0839 (0.2305)  loss_bbox_dn_3_unscaled: 0.0494 (0.1011)  loss_giou_dn_3_unscaled: 0.2331 (0.3139)  loss_xy_dn_3_unscaled: 0.0164 (0.0318)  loss_hw_dn_3_unscaled: 0.0352 (0.0693)  cardinality_error_dn_3_unscaled: 169.6667 (171.8731)  loss_ce_4_unscaled: 0.3626 (0.4871)  loss_bbox_4_unscaled: 0.1329 (0.3463)  loss_giou_4_unscaled: 0.5113 (0.8480)  loss_xy_4_unscaled: 0.0347 (0.0942)  loss_hw_4_unscaled: 0.1091 (0.2522)  cardinality_error_4_unscaled: 283.0000 (280.9569)  loss_ce_dn_4_unscaled: 0.0875 (0.2414)  loss_bbox_dn_4_unscaled: 0.0497 (0.1030)  loss_giou_dn_4_unscaled: 0.2323 (0.3168)  loss_xy_dn_4_unscaled: 0.0164 (0.0318)  loss_hw_dn_4_unscaled: 0.0345 (0.0712)  cardinality_error_dn_4_unscaled: 169.6667 (171.4917)  loss_ce_interm_unscaled: 0.4819 (0.5548)  loss_bbox_interm_unscaled: 0.1778 (0.3757)  loss_giou_interm_unscaled: 0.5941 (0.9038)  loss_xy_interm_unscaled: 0.0414 (0.0930)  loss_hw_interm_unscaled: 0.1312 (0.2827)  cardinality_error_interm_unscaled: 285.3333 (283.7979)  time: 0.3187  data: 0.0002  max mem: 24379
Epoch: [0]  [   550/111901]  eta: 10:19:15  lr: 0.000055  class_error: 13.64  loss: 20.1673 (36.2075)  loss_ce_dn: 0.0967 (0.2554)  loss_bbox_dn: 0.2436 (0.5217)  loss_giou_dn: 0.4670 (0.6377)  loss_ce: 0.3717 (0.4903)  loss_bbox: 0.7086 (1.6997)  loss_giou: 0.9948 (1.6737)  loss_ce_0: 0.3621 (0.4787)  loss_bbox_0: 0.8247 (1.8597)  loss_giou_0: 1.1408 (1.7758)  loss_ce_dn_0: 0.1034 (0.2916)  loss_bbox_dn_0: 0.3458 (0.5096)  loss_giou_dn_0: 0.5233 (0.6344)  loss_ce_1: 0.3486 (0.4663)  loss_bbox_1: 0.8074 (1.8017)  loss_giou_1: 1.0924 (1.7411)  loss_ce_dn_1: 0.0847 (0.2358)  loss_bbox_dn_1: 0.2870 (0.4967)  loss_giou_dn_1: 0.4774 (0.6241)  loss_ce_2: 0.3401 (0.4662)  loss_bbox_2: 0.7488 (1.7607)  loss_giou_2: 1.0521 (1.7162)  loss_ce_dn_2: 0.0793 (0.2221)  loss_bbox_dn_2: 0.2488 (0.4956)  loss_giou_dn_2: 0.4656 (0.6222)  loss_ce_3: 0.3529 (0.4754)  loss_bbox_3: 0.7327 (1.7319)  loss_giou_3: 1.0193 (1.6965)  loss_ce_dn_3: 0.0791 (0.2280)  loss_bbox_dn_3: 0.2384 (0.5010)  loss_giou_dn_3: 0.4627 (0.6250)  loss_ce_4: 0.3557 (0.4850)  loss_bbox_4: 0.7254 (1.7127)  loss_giou_4: 0.9988 (1.6841)  loss_ce_dn_4: 0.0841 (0.2388)  loss_bbox_dn_4: 0.2374 (0.5100)  loss_giou_dn_4: 0.4647 (0.6307)  loss_ce_interm: 0.4582 (0.5531)  loss_bbox_interm: 0.8953 (1.8606)  loss_giou_interm: 1.1831 (1.7975)  loss_ce_dn_unscaled: 0.0967 (0.2554)  loss_bbox_dn_unscaled: 0.0487 (0.1043)  loss_giou_dn_unscaled: 0.2335 (0.3189)  loss_xy_dn_unscaled: 0.0148 (0.0316)  loss_hw_dn_unscaled: 0.0339 (0.0727)  cardinality_error_dn_unscaled: 169.6667 (171.6606)  loss_ce_unscaled: 0.3717 (0.4903)  class_error_unscaled: 11.1111 (23.4901)  loss_bbox_unscaled: 0.1417 (0.3399)  loss_giou_unscaled: 0.4974 (0.8369)  loss_xy_unscaled: 0.0331 (0.0926)  loss_hw_unscaled: 0.1089 (0.2473)  cardinality_error_unscaled: 284.6667 (280.0061)  loss_ce_0_unscaled: 0.3621 (0.4787)  loss_bbox_0_unscaled: 0.1649 (0.3719)  loss_giou_0_unscaled: 0.5704 (0.8879)  loss_xy_0_unscaled: 0.0409 (0.1008)  loss_hw_0_unscaled: 0.1193 (0.2711)  cardinality_error_0_unscaled: 279.6667 (281.5771)  loss_ce_dn_0_unscaled: 0.1034 (0.2916)  loss_bbox_dn_0_unscaled: 0.0692 (0.1019)  loss_giou_dn_0_unscaled: 0.2617 (0.3172)  loss_xy_dn_0_unscaled: 0.0223 (0.0344)  loss_hw_dn_0_unscaled: 0.0461 (0.0675)  cardinality_error_dn_0_unscaled: 174.3333 (174.3466)  loss_ce_1_unscaled: 0.3486 (0.4663)  loss_bbox_1_unscaled: 0.1615 (0.3603)  loss_giou_1_unscaled: 0.5462 (0.8706)  loss_xy_1_unscaled: 0.0383 (0.0972)  loss_hw_1_unscaled: 0.1134 (0.2632)  cardinality_error_1_unscaled: 281.6667 (276.6891)  loss_ce_dn_1_unscaled: 0.0847 (0.2358)  loss_bbox_dn_1_unscaled: 0.0574 (0.0993)  loss_giou_dn_1_unscaled: 0.2387 (0.3121)  loss_xy_dn_1_unscaled: 0.0166 (0.0326)  loss_hw_dn_1_unscaled: 0.0378 (0.0667)  cardinality_error_dn_1_unscaled: 171.0000 (170.8046)  loss_ce_2_unscaled: 0.3401 (0.4662)  loss_bbox_2_unscaled: 0.1498 (0.3521)  loss_giou_2_unscaled: 0.5260 (0.8581)  loss_xy_2_unscaled: 0.0359 (0.0955)  loss_hw_2_unscaled: 0.1139 (0.2566)  cardinality_error_2_unscaled: 284.0000 (278.8597)  loss_ce_dn_2_unscaled: 0.0793 (0.2221)  loss_bbox_dn_2_unscaled: 0.0498 (0.0991)  loss_giou_dn_2_unscaled: 0.2328 (0.3111)  loss_xy_dn_2_unscaled: 0.0151 (0.0319)  loss_hw_dn_2_unscaled: 0.0341 (0.0673)  cardinality_error_dn_2_unscaled: 169.6667 (172.7314)  loss_ce_3_unscaled: 0.3529 (0.4754)  loss_bbox_3_unscaled: 0.1465 (0.3464)  loss_giou_3_unscaled: 0.5097 (0.8483)  loss_xy_3_unscaled: 0.0333 (0.0942)  loss_hw_3_unscaled: 0.1106 (0.2522)  cardinality_error_3_unscaled: 285.0000 (279.4326)  loss_ce_dn_3_unscaled: 0.0791 (0.2280)  loss_bbox_dn_3_unscaled: 0.0477 (0.1002)  loss_giou_dn_3_unscaled: 0.2314 (0.3125)  loss_xy_dn_3_unscaled: 0.0146 (0.0315)  loss_hw_dn_3_unscaled: 0.0330 (0.0687)  cardinality_error_dn_3_unscaled: 167.6667 (171.8143)  loss_ce_4_unscaled: 0.3557 (0.4850)  loss_bbox_4_unscaled: 0.1451 (0.3425)  loss_giou_4_unscaled: 0.4994 (0.8420)  loss_xy_4_unscaled: 0.0326 (0.0932)  loss_hw_4_unscaled: 0.1097 (0.2493)  cardinality_error_4_unscaled: 287.0000 (281.0883)  loss_ce_dn_4_unscaled: 0.0841 (0.2388)  loss_bbox_dn_4_unscaled: 0.0475 (0.1020)  loss_giou_dn_4_unscaled: 0.2323 (0.3153)  loss_xy_dn_4_unscaled: 0.0144 (0.0315)  loss_hw_dn_4_unscaled: 0.0330 (0.0705)  cardinality_error_dn_4_unscaled: 169.6667 (171.5112)  loss_ce_interm_unscaled: 0.4582 (0.5531)  loss_bbox_interm_unscaled: 0.1791 (0.3721)  loss_giou_interm_unscaled: 0.5916 (0.8987)  loss_xy_interm_unscaled: 0.0428 (0.0923)  loss_hw_interm_unscaled: 0.1295 (0.2798)  cardinality_error_interm_unscaled: 284.6667 (283.5929)  time: 0.3215  data: 0.0002  max mem: 24379
Epoch: [0]  [   560/111901]  eta: 10:18:59  lr: 0.000056  class_error: 7.14  loss: 20.0833 (35.9234)  loss_ce_dn: 0.0932 (0.2524)  loss_bbox_dn: 0.2482 (0.5165)  loss_giou_dn: 0.4622 (0.6346)  loss_ce: 0.3525 (0.4878)  loss_bbox: 0.6644 (1.6819)  loss_giou: 0.9813 (1.6617)  loss_ce_0: 0.3547 (0.4765)  loss_bbox_0: 0.7658 (1.8409)  loss_giou_0: 1.1652 (1.7652)  loss_ce_dn_0: 0.0952 (0.2880)  loss_bbox_dn_0: 0.3330 (0.5063)  loss_giou_dn_0: 0.5217 (0.6322)  loss_ce_1: 0.3307 (0.4639)  loss_bbox_1: 0.7439 (1.7833)  loss_giou_1: 1.0911 (1.7299)  loss_ce_dn_1: 0.0747 (0.2328)  loss_bbox_dn_1: 0.2675 (0.4925)  loss_giou_dn_1: 0.4659 (0.6213)  loss_ce_2: 0.3351 (0.4637)  loss_bbox_2: 0.7081 (1.7426)  loss_giou_2: 1.0443 (1.7047)  loss_ce_dn_2: 0.0718 (0.2193)  loss_bbox_dn_2: 0.2488 (0.4911)  loss_giou_dn_2: 0.4544 (0.6191)  loss_ce_3: 0.3275 (0.4727)  loss_bbox_3: 0.6744 (1.7138)  loss_giou_3: 1.0160 (1.6848)  loss_ce_dn_3: 0.0765 (0.2252)  loss_bbox_dn_3: 0.2413 (0.4962)  loss_giou_dn_3: 0.4522 (0.6219)  loss_ce_4: 0.3418 (0.4825)  loss_bbox_4: 0.6676 (1.6949)  loss_giou_4: 0.9971 (1.6720)  loss_ce_dn_4: 0.0813 (0.2360)  loss_bbox_dn_4: 0.2431 (0.5051)  loss_giou_dn_4: 0.4522 (0.6275)  loss_ce_interm: 0.4451 (0.5510)  loss_bbox_interm: 0.8859 (1.8436)  loss_giou_interm: 1.2318 (1.7880)  loss_ce_dn_unscaled: 0.0932 (0.2524)  loss_bbox_dn_unscaled: 0.0496 (0.1033)  loss_giou_dn_unscaled: 0.2311 (0.3173)  loss_xy_dn_unscaled: 0.0130 (0.0313)  loss_hw_dn_unscaled: 0.0351 (0.0720)  cardinality_error_dn_unscaled: 175.3333 (171.4652)  loss_ce_unscaled: 0.3525 (0.4878)  class_error_unscaled: 9.6774 (23.2355)  loss_bbox_unscaled: 0.1329 (0.3364)  loss_giou_unscaled: 0.4907 (0.8309)  loss_xy_unscaled: 0.0332 (0.0917)  loss_hw_unscaled: 0.0918 (0.2447)  cardinality_error_unscaled: 285.3333 (279.8105)  loss_ce_0_unscaled: 0.3547 (0.4765)  loss_bbox_0_unscaled: 0.1532 (0.3682)  loss_giou_0_unscaled: 0.5826 (0.8826)  loss_xy_0_unscaled: 0.0421 (0.0999)  loss_hw_0_unscaled: 0.1082 (0.2683)  cardinality_error_0_unscaled: 281.0000 (281.3660)  loss_ce_dn_0_unscaled: 0.0952 (0.2880)  loss_bbox_dn_0_unscaled: 0.0666 (0.1013)  loss_giou_dn_0_unscaled: 0.2608 (0.3161)  loss_xy_dn_0_unscaled: 0.0220 (0.0341)  loss_hw_dn_0_unscaled: 0.0449 (0.0671)  cardinality_error_dn_0_unscaled: 175.3333 (174.1200)  loss_ce_1_unscaled: 0.3307 (0.4639)  loss_bbox_1_unscaled: 0.1488 (0.3567)  loss_giou_1_unscaled: 0.5456 (0.8650)  loss_xy_1_unscaled: 0.0371 (0.0962)  loss_hw_1_unscaled: 0.1071 (0.2605)  cardinality_error_1_unscaled: 283.0000 (276.5734)  loss_ce_dn_1_unscaled: 0.0747 (0.2328)  loss_bbox_dn_1_unscaled: 0.0535 (0.0985)  loss_giou_dn_1_unscaled: 0.2330 (0.3107)  loss_xy_dn_1_unscaled: 0.0159 (0.0324)  loss_hw_dn_1_unscaled: 0.0369 (0.0662)  cardinality_error_dn_1_unscaled: 177.6667 (170.6286)  loss_ce_2_unscaled: 0.3351 (0.4637)  loss_bbox_2_unscaled: 0.1416 (0.3485)  loss_giou_2_unscaled: 0.5222 (0.8524)  loss_xy_2_unscaled: 0.0357 (0.0946)  loss_hw_2_unscaled: 0.0972 (0.2539)  cardinality_error_2_unscaled: 284.6667 (278.7588)  loss_ce_dn_2_unscaled: 0.0718 (0.2193)  loss_bbox_dn_2_unscaled: 0.0498 (0.0982)  loss_giou_dn_2_unscaled: 0.2272 (0.3096)  loss_xy_dn_2_unscaled: 0.0138 (0.0315)  loss_hw_dn_2_unscaled: 0.0330 (0.0667)  cardinality_error_dn_2_unscaled: 177.3333 (172.5187)  loss_ce_3_unscaled: 0.3275 (0.4727)  loss_bbox_3_unscaled: 0.1349 (0.3428)  loss_giou_3_unscaled: 0.5080 (0.8424)  loss_xy_3_unscaled: 0.0329 (0.0933)  loss_hw_3_unscaled: 0.0922 (0.2495)  cardinality_error_3_unscaled: 285.6667 (279.3458)  loss_ce_dn_3_unscaled: 0.0765 (0.2252)  loss_bbox_dn_3_unscaled: 0.0483 (0.0992)  loss_giou_dn_3_unscaled: 0.2261 (0.3109)  loss_xy_dn_3_unscaled: 0.0131 (0.0312)  loss_hw_dn_3_unscaled: 0.0337 (0.0680)  cardinality_error_dn_3_unscaled: 175.0000 (171.6162)  loss_ce_4_unscaled: 0.3418 (0.4825)  loss_bbox_4_unscaled: 0.1335 (0.3390)  loss_giou_4_unscaled: 0.4986 (0.8360)  loss_xy_4_unscaled: 0.0326 (0.0923)  loss_hw_4_unscaled: 0.0905 (0.2467)  cardinality_error_4_unscaled: 287.3333 (280.9026)  loss_ce_dn_4_unscaled: 0.0813 (0.2360)  loss_bbox_dn_4_unscaled: 0.0486 (0.1010)  loss_giou_dn_4_unscaled: 0.2261 (0.3138)  loss_xy_dn_4_unscaled: 0.0131 (0.0312)  loss_hw_dn_4_unscaled: 0.0334 (0.0698)  cardinality_error_dn_4_unscaled: 175.6667 (171.3209)  loss_ce_interm_unscaled: 0.4451 (0.5510)  loss_bbox_interm_unscaled: 0.1772 (0.3687)  loss_giou_interm_unscaled: 0.6159 (0.8940)  loss_xy_interm_unscaled: 0.0454 (0.0916)  loss_hw_interm_unscaled: 0.1250 (0.2771)  cardinality_error_interm_unscaled: 282.0000 (283.3232)  time: 0.3210  data: 0.0002  max mem: 24379
Epoch: [0]  [   570/111901]  eta: 10:18:13  lr: 0.000057  class_error: 2.38  loss: 19.6150 (35.6292)  loss_ce_dn: 0.0855 (0.2495)  loss_bbox_dn: 0.2207 (0.5112)  loss_giou_dn: 0.4622 (0.6320)  loss_ce: 0.3530 (0.4858)  loss_bbox: 0.5808 (1.6620)  loss_giou: 0.9671 (1.6488)  loss_ce_0: 0.3445 (0.4742)  loss_bbox_0: 0.7274 (1.8211)  loss_giou_0: 1.1589 (1.7541)  loss_ce_dn_0: 0.0875 (0.2845)  loss_bbox_dn_0: 0.3157 (0.5034)  loss_giou_dn_0: 0.5095 (0.6302)  loss_ce_1: 0.3307 (0.4620)  loss_bbox_1: 0.6940 (1.7636)  loss_giou_1: 1.0831 (1.7180)  loss_ce_dn_1: 0.0696 (0.2300)  loss_bbox_dn_1: 0.2522 (0.4885)  loss_giou_dn_1: 0.4588 (0.6186)  loss_ce_2: 0.3351 (0.4619)  loss_bbox_2: 0.6481 (1.7227)  loss_giou_2: 1.0423 (1.6922)  loss_ce_dn_2: 0.0673 (0.2167)  loss_bbox_dn_2: 0.2270 (0.4866)  loss_giou_dn_2: 0.4544 (0.6164)  loss_ce_3: 0.3442 (0.4710)  loss_bbox_3: 0.6184 (1.6940)  loss_giou_3: 1.0038 (1.6720)  loss_ce_dn_3: 0.0686 (0.2226)  loss_bbox_dn_3: 0.2155 (0.4914)  loss_giou_dn_3: 0.4495 (0.6191)  loss_ce_4: 0.3418 (0.4805)  loss_bbox_4: 0.5970 (1.6751)  loss_giou_4: 0.9748 (1.6592)  loss_ce_dn_4: 0.0780 (0.2333)  loss_bbox_dn_4: 0.2151 (0.5000)  loss_giou_dn_4: 0.4498 (0.6249)  loss_ce_interm: 0.4329 (0.5490)  loss_bbox_interm: 0.8751 (1.8256)  loss_giou_interm: 1.2398 (1.7774)  loss_ce_dn_unscaled: 0.0855 (0.2495)  loss_bbox_dn_unscaled: 0.0441 (0.1022)  loss_giou_dn_unscaled: 0.2311 (0.3160)  loss_xy_dn_unscaled: 0.0132 (0.0310)  loss_hw_dn_unscaled: 0.0305 (0.0713)  cardinality_error_dn_unscaled: 168.3333 (171.3135)  loss_ce_unscaled: 0.3530 (0.4858)  class_error_unscaled: 7.1429 (22.9612)  loss_bbox_unscaled: 0.1162 (0.3324)  loss_giou_unscaled: 0.4836 (0.8244)  loss_xy_unscaled: 0.0332 (0.0906)  loss_hw_unscaled: 0.0842 (0.2418)  cardinality_error_unscaled: 283.6667 (279.8436)  loss_ce_0_unscaled: 0.3445 (0.4742)  loss_bbox_0_unscaled: 0.1455 (0.3642)  loss_giou_0_unscaled: 0.5795 (0.8771)  loss_xy_0_unscaled: 0.0421 (0.0989)  loss_hw_0_unscaled: 0.1053 (0.2654)  cardinality_error_0_unscaled: 283.0000 (281.3631)  loss_ce_dn_0_unscaled: 0.0875 (0.2845)  loss_bbox_dn_0_unscaled: 0.0631 (0.1007)  loss_giou_dn_0_unscaled: 0.2548 (0.3151)  loss_xy_dn_0_unscaled: 0.0204 (0.0339)  loss_hw_dn_0_unscaled: 0.0431 (0.0668)  cardinality_error_dn_0_unscaled: 171.6667 (173.9609)  loss_ce_1_unscaled: 0.3307 (0.4620)  loss_bbox_1_unscaled: 0.1388 (0.3527)  loss_giou_1_unscaled: 0.5416 (0.8590)  loss_xy_1_unscaled: 0.0390 (0.0951)  loss_hw_1_unscaled: 0.0991 (0.2576)  cardinality_error_1_unscaled: 283.3333 (276.6684)  loss_ce_dn_1_unscaled: 0.0696 (0.2300)  loss_bbox_dn_1_unscaled: 0.0504 (0.0977)  loss_giou_dn_1_unscaled: 0.2294 (0.3093)  loss_xy_dn_1_unscaled: 0.0150 (0.0320)  loss_hw_dn_1_unscaled: 0.0354 (0.0657)  cardinality_error_dn_1_unscaled: 170.3333 (170.5161)  loss_ce_2_unscaled: 0.3351 (0.4619)  loss_bbox_2_unscaled: 0.1296 (0.3445)  loss_giou_2_unscaled: 0.5211 (0.8461)  loss_xy_2_unscaled: 0.0343 (0.0935)  loss_hw_2_unscaled: 0.0930 (0.2510)  cardinality_error_2_unscaled: 285.6667 (278.8412)  loss_ce_dn_2_unscaled: 0.0673 (0.2167)  loss_bbox_dn_2_unscaled: 0.0454 (0.0973)  loss_giou_dn_2_unscaled: 0.2272 (0.3082)  loss_xy_dn_2_unscaled: 0.0134 (0.0312)  loss_hw_dn_2_unscaled: 0.0329 (0.0661)  cardinality_error_dn_2_unscaled: 170.3333 (172.3725)  loss_ce_3_unscaled: 0.3442 (0.4710)  loss_bbox_3_unscaled: 0.1237 (0.3388)  loss_giou_3_unscaled: 0.5019 (0.8360)  loss_xy_3_unscaled: 0.0329 (0.0922)  loss_hw_3_unscaled: 0.0885 (0.2466)  cardinality_error_3_unscaled: 285.0000 (279.4046)  loss_ce_dn_3_unscaled: 0.0686 (0.2226)  loss_bbox_dn_3_unscaled: 0.0431 (0.0983)  loss_giou_dn_3_unscaled: 0.2248 (0.3096)  loss_xy_dn_3_unscaled: 0.0127 (0.0309)  loss_hw_dn_3_unscaled: 0.0304 (0.0674)  cardinality_error_dn_3_unscaled: 170.3333 (171.4746)  loss_ce_4_unscaled: 0.3418 (0.4805)  loss_bbox_4_unscaled: 0.1194 (0.3350)  loss_giou_4_unscaled: 0.4874 (0.8296)  loss_xy_4_unscaled: 0.0329 (0.0912)  loss_hw_4_unscaled: 0.0868 (0.2438)  cardinality_error_4_unscaled: 285.0000 (280.9235)  loss_ce_dn_4_unscaled: 0.0780 (0.2333)  loss_bbox_dn_4_unscaled: 0.0430 (0.1000)  loss_giou_dn_4_unscaled: 0.2249 (0.3124)  loss_xy_dn_4_unscaled: 0.0129 (0.0309)  loss_hw_dn_4_unscaled: 0.0301 (0.0691)  cardinality_error_dn_4_unscaled: 170.3333 (171.1804)  loss_ce_interm_unscaled: 0.4329 (0.5490)  loss_bbox_interm_unscaled: 0.1750 (0.3651)  loss_giou_interm_unscaled: 0.6199 (0.8887)  loss_xy_interm_unscaled: 0.0501 (0.0908)  loss_hw_interm_unscaled: 0.1225 (0.2743)  cardinality_error_interm_unscaled: 284.6667 (283.2954)  time: 0.3194  data: 0.0003  max mem: 24379
Epoch: [0]  [   580/111901]  eta: 10:17:46  lr: 0.000058  class_error: 15.15  loss: 19.6026 (35.3532)  loss_ce_dn: 0.0988 (0.2471)  loss_bbox_dn: 0.2207 (0.5068)  loss_giou_dn: 0.4837 (0.6294)  loss_ce: 0.3814 (0.4841)  loss_bbox: 0.5377 (1.6430)  loss_giou: 0.9002 (1.6361)  loss_ce_0: 0.3445 (0.4726)  loss_bbox_0: 0.7179 (1.8025)  loss_giou_0: 1.1011 (1.7426)  loss_ce_dn_0: 0.0936 (0.2814)  loss_bbox_dn_0: 0.3541 (0.5012)  loss_giou_dn_0: 0.5144 (0.6282)  loss_ce_1: 0.3551 (0.4607)  loss_bbox_1: 0.6221 (1.7447)  loss_giou_1: 1.0123 (1.7062)  loss_ce_dn_1: 0.0730 (0.2276)  loss_bbox_dn_1: 0.2747 (0.4852)  loss_giou_dn_1: 0.4628 (0.6161)  loss_ce_2: 0.3689 (0.4607)  loss_bbox_2: 0.5976 (1.7040)  loss_giou_2: 0.9608 (1.6799)  loss_ce_dn_2: 0.0734 (0.2145)  loss_bbox_dn_2: 0.2507 (0.4829)  loss_giou_dn_2: 0.4588 (0.6137)  loss_ce_3: 0.3721 (0.4697)  loss_bbox_3: 0.5695 (1.6750)  loss_giou_3: 0.9271 (1.6594)  loss_ce_dn_3: 0.0788 (0.2204)  loss_bbox_dn_3: 0.2314 (0.4873)  loss_giou_dn_3: 0.4602 (0.6164)  loss_ce_4: 0.3787 (0.4791)  loss_bbox_4: 0.5525 (1.6560)  loss_giou_4: 0.9022 (1.6465)  loss_ce_dn_4: 0.0919 (0.2311)  loss_bbox_dn_4: 0.2238 (0.4958)  loss_giou_dn_4: 0.4739 (0.6222)  loss_ce_interm: 0.4525 (0.5477)  loss_bbox_interm: 0.8065 (1.8083)  loss_giou_interm: 1.1864 (1.7671)  loss_ce_dn_unscaled: 0.0988 (0.2471)  loss_bbox_dn_unscaled: 0.0441 (0.1014)  loss_giou_dn_unscaled: 0.2419 (0.3147)  loss_xy_dn_unscaled: 0.0134 (0.0307)  loss_hw_dn_unscaled: 0.0305 (0.0707)  cardinality_error_dn_unscaled: 163.3333 (171.0006)  loss_ce_unscaled: 0.3814 (0.4841)  class_error_unscaled: 10.3448 (22.7873)  loss_bbox_unscaled: 0.1075 (0.3286)  loss_giou_unscaled: 0.4501 (0.8181)  loss_xy_unscaled: 0.0264 (0.0896)  loss_hw_unscaled: 0.0785 (0.2390)  cardinality_error_unscaled: 283.3333 (279.7011)  loss_ce_0_unscaled: 0.3445 (0.4726)  loss_bbox_0_unscaled: 0.1436 (0.3605)  loss_giou_0_unscaled: 0.5506 (0.8713)  loss_xy_0_unscaled: 0.0381 (0.0978)  loss_hw_0_unscaled: 0.1041 (0.2627)  cardinality_error_0_unscaled: 280.0000 (281.1698)  loss_ce_dn_0_unscaled: 0.0936 (0.2814)  loss_bbox_dn_0_unscaled: 0.0708 (0.1002)  loss_giou_dn_0_unscaled: 0.2572 (0.3141)  loss_xy_dn_0_unscaled: 0.0206 (0.0337)  loss_hw_dn_0_unscaled: 0.0502 (0.0665)  cardinality_error_dn_0_unscaled: 170.6667 (173.8606)  loss_ce_1_unscaled: 0.3551 (0.4607)  loss_bbox_1_unscaled: 0.1244 (0.3489)  loss_giou_1_unscaled: 0.5061 (0.8531)  loss_xy_1_unscaled: 0.0333 (0.0941)  loss_hw_1_unscaled: 0.0914 (0.2549)  cardinality_error_1_unscaled: 283.3333 (276.5978)  loss_ce_dn_1_unscaled: 0.0730 (0.2276)  loss_bbox_dn_1_unscaled: 0.0549 (0.0970)  loss_giou_dn_1_unscaled: 0.2314 (0.3080)  loss_xy_dn_1_unscaled: 0.0151 (0.0318)  loss_hw_dn_1_unscaled: 0.0396 (0.0653)  cardinality_error_dn_1_unscaled: 170.0000 (170.3201)  loss_ce_2_unscaled: 0.3689 (0.4607)  loss_bbox_2_unscaled: 0.1195 (0.3408)  loss_giou_2_unscaled: 0.4804 (0.8400)  loss_xy_2_unscaled: 0.0310 (0.0925)  loss_hw_2_unscaled: 0.0874 (0.2483)  cardinality_error_2_unscaled: 286.3333 (278.8067)  loss_ce_dn_2_unscaled: 0.0734 (0.2145)  loss_bbox_dn_2_unscaled: 0.0501 (0.0966)  loss_giou_dn_2_unscaled: 0.2294 (0.3069)  loss_xy_dn_2_unscaled: 0.0139 (0.0310)  loss_hw_dn_2_unscaled: 0.0350 (0.0656)  cardinality_error_dn_2_unscaled: 168.3333 (172.1423)  loss_ce_3_unscaled: 0.3721 (0.4697)  loss_bbox_3_unscaled: 0.1139 (0.3350)  loss_giou_3_unscaled: 0.4635 (0.8297)  loss_xy_3_unscaled: 0.0292 (0.0912)  loss_hw_3_unscaled: 0.0848 (0.2438)  cardinality_error_3_unscaled: 285.0000 (279.3425)  loss_ce_dn_3_unscaled: 0.0788 (0.2204)  loss_bbox_dn_3_unscaled: 0.0463 (0.0975)  loss_giou_dn_3_unscaled: 0.2301 (0.3082)  loss_xy_dn_3_unscaled: 0.0133 (0.0306)  loss_hw_dn_3_unscaled: 0.0321 (0.0669)  cardinality_error_dn_3_unscaled: 160.6667 (171.0711)  loss_ce_4_unscaled: 0.3787 (0.4791)  loss_bbox_4_unscaled: 0.1105 (0.3312)  loss_giou_4_unscaled: 0.4511 (0.8233)  loss_xy_4_unscaled: 0.0286 (0.0902)  loss_hw_4_unscaled: 0.0799 (0.2410)  cardinality_error_4_unscaled: 283.6667 (280.8101)  loss_ce_dn_4_unscaled: 0.0919 (0.2311)  loss_bbox_dn_4_unscaled: 0.0448 (0.0992)  loss_giou_dn_4_unscaled: 0.2370 (0.3111)  loss_xy_dn_4_unscaled: 0.0131 (0.0306)  loss_hw_dn_4_unscaled: 0.0303 (0.0686)  cardinality_error_dn_4_unscaled: 161.3333 (170.8680)  loss_ce_interm_unscaled: 0.4525 (0.5477)  loss_bbox_interm_unscaled: 0.1613 (0.3617)  loss_giou_interm_unscaled: 0.5932 (0.8836)  loss_xy_interm_unscaled: 0.0422 (0.0900)  loss_hw_interm_unscaled: 0.1160 (0.2717)  cardinality_error_interm_unscaled: 285.6667 (283.0872)  time: 0.3163  data: 0.0002  max mem: 24379
Epoch: [0]  [   590/111901]  eta: 10:17:42  lr: 0.000059  class_error: 21.05  loss: 19.2887 (35.0716)  loss_ce_dn: 0.1014 (0.2446)  loss_bbox_dn: 0.2607 (0.5024)  loss_giou_dn: 0.4879 (0.6272)  loss_ce: 0.3772 (0.4822)  loss_bbox: 0.5396 (1.6247)  loss_giou: 0.8667 (1.6230)  loss_ce_0: 0.3565 (0.4704)  loss_bbox_0: 0.6977 (1.7837)  loss_giou_0: 1.0420 (1.7310)  loss_ce_dn_0: 0.0992 (0.2782)  loss_bbox_dn_0: 0.3500 (0.4980)  loss_giou_dn_0: 0.5183 (0.6262)  loss_ce_1: 0.3551 (0.4586)  loss_bbox_1: 0.6237 (1.7261)  loss_giou_1: 0.9978 (1.6940)  loss_ce_dn_1: 0.0811 (0.2250)  loss_bbox_dn_1: 0.2747 (0.4812)  loss_giou_dn_1: 0.4704 (0.6136)  loss_ce_2: 0.3589 (0.4587)  loss_bbox_2: 0.5976 (1.6854)  loss_giou_2: 0.9373 (1.6672)  loss_ce_dn_2: 0.0834 (0.2122)  loss_bbox_dn_2: 0.2470 (0.4787)  loss_giou_dn_2: 0.4654 (0.6112)  loss_ce_3: 0.3678 (0.4679)  loss_bbox_3: 0.5695 (1.6564)  loss_giou_3: 0.9014 (1.6464)  loss_ce_dn_3: 0.0908 (0.2181)  loss_bbox_dn_3: 0.2423 (0.4830)  loss_giou_dn_3: 0.4716 (0.6140)  loss_ce_4: 0.3818 (0.4773)  loss_bbox_4: 0.5525 (1.6376)  loss_giou_4: 0.8847 (1.6335)  loss_ce_dn_4: 0.0944 (0.2287)  loss_bbox_dn_4: 0.2557 (0.4915)  loss_giou_dn_4: 0.4803 (0.6199)  loss_ce_interm: 0.4534 (0.5461)  loss_bbox_interm: 0.7843 (1.7909)  loss_giou_interm: 1.1684 (1.7567)  loss_ce_dn_unscaled: 0.1014 (0.2446)  loss_bbox_dn_unscaled: 0.0521 (0.1005)  loss_giou_dn_unscaled: 0.2440 (0.3136)  loss_xy_dn_unscaled: 0.0139 (0.0304)  loss_hw_dn_unscaled: 0.0360 (0.0701)  cardinality_error_dn_unscaled: 171.0000 (170.9560)  loss_ce_unscaled: 0.3772 (0.4822)  class_error_unscaled: 10.3448 (22.5864)  loss_bbox_unscaled: 0.1079 (0.3249)  loss_giou_unscaled: 0.4333 (0.8115)  loss_xy_unscaled: 0.0278 (0.0886)  loss_hw_unscaled: 0.0789 (0.2364)  cardinality_error_unscaled: 279.0000 (279.5612)  loss_ce_0_unscaled: 0.3565 (0.4704)  loss_bbox_0_unscaled: 0.1395 (0.3567)  loss_giou_0_unscaled: 0.5210 (0.8655)  loss_xy_0_unscaled: 0.0376 (0.0968)  loss_hw_0_unscaled: 0.1037 (0.2599)  cardinality_error_0_unscaled: 276.0000 (280.9955)  loss_ce_dn_0_unscaled: 0.0992 (0.2782)  loss_bbox_dn_0_unscaled: 0.0700 (0.0996)  loss_giou_dn_0_unscaled: 0.2591 (0.3131)  loss_xy_dn_0_unscaled: 0.0207 (0.0335)  loss_hw_dn_0_unscaled: 0.0489 (0.0661)  cardinality_error_dn_0_unscaled: 176.3333 (173.8353)  loss_ce_1_unscaled: 0.3551 (0.4586)  loss_bbox_1_unscaled: 0.1247 (0.3452)  loss_giou_1_unscaled: 0.4989 (0.8470)  loss_xy_1_unscaled: 0.0334 (0.0931)  loss_hw_1_unscaled: 0.0907 (0.2521)  cardinality_error_1_unscaled: 277.6667 (276.4851)  loss_ce_dn_1_unscaled: 0.0811 (0.2250)  loss_bbox_dn_1_unscaled: 0.0549 (0.0962)  loss_giou_dn_1_unscaled: 0.2352 (0.3068)  loss_xy_dn_1_unscaled: 0.0154 (0.0315)  loss_hw_dn_1_unscaled: 0.0397 (0.0647)  cardinality_error_dn_1_unscaled: 171.0000 (170.3311)  loss_ce_2_unscaled: 0.3589 (0.4587)  loss_bbox_2_unscaled: 0.1195 (0.3371)  loss_giou_2_unscaled: 0.4687 (0.8336)  loss_xy_2_unscaled: 0.0310 (0.0915)  loss_hw_2_unscaled: 0.0874 (0.2456)  cardinality_error_2_unscaled: 280.0000 (278.7992)  loss_ce_dn_2_unscaled: 0.0834 (0.2122)  loss_bbox_dn_2_unscaled: 0.0494 (0.0957)  loss_giou_dn_2_unscaled: 0.2327 (0.3056)  loss_xy_dn_2_unscaled: 0.0143 (0.0307)  loss_hw_dn_2_unscaled: 0.0351 (0.0651)  cardinality_error_dn_2_unscaled: 171.6667 (172.1342)  loss_ce_3_unscaled: 0.3678 (0.4679)  loss_bbox_3_unscaled: 0.1139 (0.3313)  loss_giou_3_unscaled: 0.4507 (0.8232)  loss_xy_3_unscaled: 0.0292 (0.0902)  loss_hw_3_unscaled: 0.0852 (0.2411)  cardinality_error_3_unscaled: 280.0000 (279.2989)  loss_ce_dn_3_unscaled: 0.0908 (0.2181)  loss_bbox_dn_3_unscaled: 0.0485 (0.0966)  loss_giou_dn_3_unscaled: 0.2358 (0.3070)  loss_xy_dn_3_unscaled: 0.0137 (0.0303)  loss_hw_dn_3_unscaled: 0.0339 (0.0663)  cardinality_error_dn_3_unscaled: 167.0000 (171.0874)  loss_ce_4_unscaled: 0.3818 (0.4773)  loss_bbox_4_unscaled: 0.1105 (0.3275)  loss_giou_4_unscaled: 0.4424 (0.8167)  loss_xy_4_unscaled: 0.0286 (0.0892)  loss_hw_4_unscaled: 0.0806 (0.2383)  cardinality_error_4_unscaled: 281.6667 (280.7609)  loss_ce_dn_4_unscaled: 0.0944 (0.2287)  loss_bbox_dn_4_unscaled: 0.0511 (0.0983)  loss_giou_dn_4_unscaled: 0.2401 (0.3099)  loss_xy_dn_4_unscaled: 0.0138 (0.0303)  loss_hw_dn_4_unscaled: 0.0356 (0.0680)  cardinality_error_dn_4_unscaled: 171.6667 (170.9227)  loss_ce_interm_unscaled: 0.4534 (0.5461)  loss_bbox_interm_unscaled: 0.1569 (0.3582)  loss_giou_interm_unscaled: 0.5842 (0.8783)  loss_xy_interm_unscaled: 0.0433 (0.0892)  loss_hw_interm_unscaled: 0.1137 (0.2690)  cardinality_error_interm_unscaled: 280.0000 (282.7823)  time: 0.3267  data: 0.0002  max mem: 24379
Epoch: [0]  [   600/111901]  eta: 10:17:57  lr: 0.000060  class_error: 4.17  loss: 19.4679 (34.8224)  loss_ce_dn: 0.0966 (0.2422)  loss_bbox_dn: 0.2274 (0.4979)  loss_giou_dn: 0.4877 (0.6249)  loss_ce: 0.3625 (0.4802)  loss_bbox: 0.5567 (1.6074)  loss_giou: 0.8834 (1.6130)  loss_ce_0: 0.3567 (0.4686)  loss_bbox_0: 0.6789 (1.7663)  loss_giou_0: 1.1234 (1.7224)  loss_ce_dn_0: 0.1009 (0.2753)  loss_bbox_dn_0: 0.3488 (0.4955)  loss_giou_dn_0: 0.5081 (0.6243)  loss_ce_1: 0.3569 (0.4570)  loss_bbox_1: 0.6569 (1.7085)  loss_giou_1: 1.0416 (1.6848)  loss_ce_dn_1: 0.0780 (0.2227)  loss_bbox_dn_1: 0.2645 (0.4777)  loss_giou_dn_1: 0.4651 (0.6112)  loss_ce_2: 0.3568 (0.4570)  loss_bbox_2: 0.6170 (1.6678)  loss_giou_2: 0.9707 (1.6575)  loss_ce_dn_2: 0.0753 (0.2100)  loss_bbox_dn_2: 0.2470 (0.4748)  loss_giou_dn_2: 0.4680 (0.6087)  loss_ce_3: 0.3571 (0.4660)  loss_bbox_3: 0.5868 (1.6390)  loss_giou_3: 0.9534 (1.6366)  loss_ce_dn_3: 0.0883 (0.2159)  loss_bbox_dn_3: 0.2344 (0.4788)  loss_giou_dn_3: 0.4729 (0.6115)  loss_ce_4: 0.3621 (0.4752)  loss_bbox_4: 0.5688 (1.6203)  loss_giou_4: 0.9001 (1.6235)  loss_ce_dn_4: 0.0944 (0.2265)  loss_bbox_dn_4: 0.2291 (0.4871)  loss_giou_dn_4: 0.4763 (0.6175)  loss_ce_interm: 0.4473 (0.5444)  loss_bbox_interm: 0.7601 (1.7753)  loss_giou_interm: 1.2349 (1.7490)  loss_ce_dn_unscaled: 0.0966 (0.2422)  loss_bbox_dn_unscaled: 0.0455 (0.0996)  loss_giou_dn_unscaled: 0.2439 (0.3125)  loss_xy_dn_unscaled: 0.0133 (0.0301)  loss_hw_dn_unscaled: 0.0332 (0.0694)  cardinality_error_dn_unscaled: 158.0000 (170.5513)  loss_ce_unscaled: 0.3625 (0.4802)  class_error_unscaled: 8.3333 (22.3750)  loss_bbox_unscaled: 0.1113 (0.3215)  loss_giou_unscaled: 0.4417 (0.8065)  loss_xy_unscaled: 0.0318 (0.0877)  loss_hw_unscaled: 0.0756 (0.2338)  cardinality_error_unscaled: 275.0000 (279.2823)  loss_ce_0_unscaled: 0.3567 (0.4686)  loss_bbox_0_unscaled: 0.1358 (0.3533)  loss_giou_0_unscaled: 0.5617 (0.8612)  loss_xy_0_unscaled: 0.0411 (0.0960)  loss_hw_0_unscaled: 0.1024 (0.2573)  cardinality_error_0_unscaled: 269.3333 (280.7094)  loss_ce_dn_0_unscaled: 0.1009 (0.2753)  loss_bbox_dn_0_unscaled: 0.0698 (0.0991)  loss_giou_dn_0_unscaled: 0.2540 (0.3121)  loss_xy_dn_0_unscaled: 0.0209 (0.0333)  loss_hw_dn_0_unscaled: 0.0482 (0.0658)  cardinality_error_dn_0_unscaled: 169.0000 (173.4443)  loss_ce_1_unscaled: 0.3569 (0.4570)  loss_bbox_1_unscaled: 0.1314 (0.3417)  loss_giou_1_unscaled: 0.5208 (0.8424)  loss_xy_1_unscaled: 0.0353 (0.0922)  loss_hw_1_unscaled: 0.0942 (0.2495)  cardinality_error_1_unscaled: 267.3333 (276.2124)  loss_ce_dn_1_unscaled: 0.0780 (0.2227)  loss_bbox_dn_1_unscaled: 0.0529 (0.0955)  loss_giou_dn_1_unscaled: 0.2325 (0.3056)  loss_xy_dn_1_unscaled: 0.0149 (0.0312)  loss_hw_dn_1_unscaled: 0.0375 (0.0643)  cardinality_error_dn_1_unscaled: 167.0000 (169.9701)  loss_ce_2_unscaled: 0.3568 (0.4570)  loss_bbox_2_unscaled: 0.1234 (0.3336)  loss_giou_2_unscaled: 0.4854 (0.8287)  loss_xy_2_unscaled: 0.0337 (0.0905)  loss_hw_2_unscaled: 0.0891 (0.2430)  cardinality_error_2_unscaled: 277.0000 (278.5774)  loss_ce_dn_2_unscaled: 0.0753 (0.2100)  loss_bbox_dn_2_unscaled: 0.0494 (0.0950)  loss_giou_dn_2_unscaled: 0.2340 (0.3043)  loss_xy_dn_2_unscaled: 0.0137 (0.0304)  loss_hw_dn_2_unscaled: 0.0349 (0.0646)  cardinality_error_dn_2_unscaled: 166.3333 (171.7510)  loss_ce_3_unscaled: 0.3571 (0.4660)  loss_bbox_3_unscaled: 0.1174 (0.3278)  loss_giou_3_unscaled: 0.4767 (0.8183)  loss_xy_3_unscaled: 0.0321 (0.0892)  loss_hw_3_unscaled: 0.0820 (0.2385)  cardinality_error_3_unscaled: 277.3333 (279.0067)  loss_ce_dn_3_unscaled: 0.0883 (0.2159)  loss_bbox_dn_3_unscaled: 0.0469 (0.0958)  loss_giou_dn_3_unscaled: 0.2364 (0.3058)  loss_xy_dn_3_unscaled: 0.0131 (0.0300)  loss_hw_dn_3_unscaled: 0.0339 (0.0657)  cardinality_error_dn_3_unscaled: 161.6667 (170.6755)  loss_ce_4_unscaled: 0.3621 (0.4752)  loss_bbox_4_unscaled: 0.1138 (0.3241)  loss_giou_4_unscaled: 0.4500 (0.8118)  loss_xy_4_unscaled: 0.0341 (0.0883)  loss_hw_4_unscaled: 0.0775 (0.2358)  cardinality_error_4_unscaled: 279.6667 (280.4947)  loss_ce_dn_4_unscaled: 0.0944 (0.2265)  loss_bbox_dn_4_unscaled: 0.0458 (0.0974)  loss_giou_dn_4_unscaled: 0.2382 (0.3088)  loss_xy_dn_4_unscaled: 0.0133 (0.0300)  loss_hw_dn_4_unscaled: 0.0338 (0.0674)  cardinality_error_dn_4_unscaled: 168.3333 (170.5580)  loss_ce_interm_unscaled: 0.4473 (0.5444)  loss_bbox_interm_unscaled: 0.1520 (0.3551)  loss_giou_interm_unscaled: 0.6175 (0.8745)  loss_xy_interm_unscaled: 0.0456 (0.0885)  loss_hw_interm_unscaled: 0.1140 (0.2665)  cardinality_error_interm_unscaled: 267.6667 (282.3949)  time: 0.3379  data: 0.0003  max mem: 24379
Epoch: [0]  [   610/111901]  eta: 10:17:45  lr: 0.000061  class_error: 16.13  loss: 19.4679 (34.5893)  loss_ce_dn: 0.0868 (0.2397)  loss_bbox_dn: 0.2364 (0.4939)  loss_giou_dn: 0.4876 (0.6228)  loss_ce: 0.3760 (0.4788)  loss_bbox: 0.5430 (1.5920)  loss_giou: 0.9109 (1.6019)  loss_ce_0: 0.3747 (0.4671)  loss_bbox_0: 0.7082 (1.7510)  loss_giou_0: 1.1585 (1.7136)  loss_ce_dn_0: 0.0997 (0.2724)  loss_bbox_dn_0: 0.3581 (0.4930)  loss_giou_dn_0: 0.5081 (0.6224)  loss_ce_1: 0.3643 (0.4557)  loss_bbox_1: 0.6569 (1.6932)  loss_giou_1: 1.0840 (1.6753)  loss_ce_dn_1: 0.0739 (0.2204)  loss_bbox_dn_1: 0.2784 (0.4744)  loss_giou_dn_1: 0.4651 (0.6090)  loss_ce_2: 0.3702 (0.4559)  loss_bbox_2: 0.6069 (1.6525)  loss_giou_2: 1.0095 (1.6472)  loss_ce_dn_2: 0.0706 (0.2079)  loss_bbox_dn_2: 0.2522 (0.4712)  loss_giou_dn_2: 0.4607 (0.6064)  loss_ce_3: 0.3782 (0.4649)  loss_bbox_3: 0.5815 (1.6236)  loss_giou_3: 0.9579 (1.6258)  loss_ce_dn_3: 0.0784 (0.2136)  loss_bbox_dn_3: 0.2426 (0.4751)  loss_giou_dn_3: 0.4634 (0.6093)  loss_ce_4: 0.3726 (0.4739)  loss_bbox_4: 0.5580 (1.6049)  loss_giou_4: 0.9172 (1.6127)  loss_ce_dn_4: 0.0812 (0.2241)  loss_bbox_dn_4: 0.2363 (0.4832)  loss_giou_dn_4: 0.4699 (0.6153)  loss_ce_interm: 0.4389 (0.5430)  loss_bbox_interm: 0.7917 (1.7610)  loss_giou_interm: 1.2370 (1.7411)  loss_ce_dn_unscaled: 0.0868 (0.2397)  loss_bbox_dn_unscaled: 0.0473 (0.0988)  loss_giou_dn_unscaled: 0.2438 (0.3114)  loss_xy_dn_unscaled: 0.0141 (0.0299)  loss_hw_dn_unscaled: 0.0334 (0.0689)  cardinality_error_dn_unscaled: 154.6667 (170.3775)  loss_ce_unscaled: 0.3760 (0.4788)  class_error_unscaled: 8.7719 (22.1794)  loss_bbox_unscaled: 0.1086 (0.3184)  loss_giou_unscaled: 0.4555 (0.8010)  loss_xy_unscaled: 0.0334 (0.0869)  loss_hw_unscaled: 0.0748 (0.2315)  cardinality_error_unscaled: 274.0000 (279.2346)  loss_ce_0_unscaled: 0.3747 (0.4671)  loss_bbox_0_unscaled: 0.1416 (0.3502)  loss_giou_0_unscaled: 0.5792 (0.8568)  loss_xy_0_unscaled: 0.0411 (0.0951)  loss_hw_0_unscaled: 0.1037 (0.2551)  cardinality_error_0_unscaled: 270.3333 (280.6192)  loss_ce_dn_0_unscaled: 0.0997 (0.2724)  loss_bbox_dn_0_unscaled: 0.0716 (0.0986)  loss_giou_dn_0_unscaled: 0.2540 (0.3112)  loss_xy_dn_0_unscaled: 0.0217 (0.0331)  loss_hw_dn_0_unscaled: 0.0492 (0.0655)  cardinality_error_dn_0_unscaled: 168.0000 (173.3857)  loss_ce_1_unscaled: 0.3643 (0.4557)  loss_bbox_1_unscaled: 0.1314 (0.3386)  loss_giou_1_unscaled: 0.5420 (0.8376)  loss_xy_1_unscaled: 0.0370 (0.0914)  loss_hw_1_unscaled: 0.0953 (0.2473)  cardinality_error_1_unscaled: 276.0000 (276.2144)  loss_ce_dn_1_unscaled: 0.0739 (0.2204)  loss_bbox_dn_1_unscaled: 0.0557 (0.0949)  loss_giou_dn_1_unscaled: 0.2325 (0.3045)  loss_xy_dn_1_unscaled: 0.0152 (0.0310)  loss_hw_dn_1_unscaled: 0.0389 (0.0639)  cardinality_error_dn_1_unscaled: 167.0000 (169.9487)  loss_ce_2_unscaled: 0.3702 (0.4559)  loss_bbox_2_unscaled: 0.1214 (0.3305)  loss_giou_2_unscaled: 0.5047 (0.8236)  loss_xy_2_unscaled: 0.0361 (0.0898)  loss_hw_2_unscaled: 0.0878 (0.2407)  cardinality_error_2_unscaled: 277.0000 (278.5428)  loss_ce_dn_2_unscaled: 0.0706 (0.2079)  loss_bbox_dn_2_unscaled: 0.0504 (0.0942)  loss_giou_dn_2_unscaled: 0.2303 (0.3032)  loss_xy_dn_2_unscaled: 0.0146 (0.0302)  loss_hw_dn_2_unscaled: 0.0355 (0.0641)  cardinality_error_dn_2_unscaled: 163.0000 (171.6819)  loss_ce_3_unscaled: 0.3782 (0.4649)  loss_bbox_3_unscaled: 0.1163 (0.3247)  loss_giou_3_unscaled: 0.4790 (0.8129)  loss_xy_3_unscaled: 0.0343 (0.0885)  loss_hw_3_unscaled: 0.0814 (0.2363)  cardinality_error_3_unscaled: 273.3333 (278.9869)  loss_ce_dn_3_unscaled: 0.0784 (0.2136)  loss_bbox_dn_3_unscaled: 0.0485 (0.0950)  loss_giou_dn_3_unscaled: 0.2317 (0.3046)  loss_xy_dn_3_unscaled: 0.0141 (0.0298)  loss_hw_dn_3_unscaled: 0.0349 (0.0652)  cardinality_error_dn_3_unscaled: 157.3333 (170.6334)  loss_ce_4_unscaled: 0.3726 (0.4739)  loss_bbox_4_unscaled: 0.1116 (0.3210)  loss_giou_4_unscaled: 0.4586 (0.8063)  loss_xy_4_unscaled: 0.0341 (0.0875)  loss_hw_4_unscaled: 0.0775 (0.2335)  cardinality_error_4_unscaled: 279.3333 (280.4670)  loss_ce_dn_4_unscaled: 0.0812 (0.2241)  loss_bbox_dn_4_unscaled: 0.0473 (0.0966)  loss_giou_dn_4_unscaled: 0.2350 (0.3077)  loss_xy_dn_4_unscaled: 0.0142 (0.0298)  loss_hw_dn_4_unscaled: 0.0338 (0.0669)  cardinality_error_dn_4_unscaled: 158.0000 (170.4697)  loss_ce_interm_unscaled: 0.4389 (0.5430)  loss_bbox_interm_unscaled: 0.1583 (0.3522)  loss_giou_interm_unscaled: 0.6185 (0.8706)  loss_xy_interm_unscaled: 0.0456 (0.0879)  loss_hw_interm_unscaled: 0.1185 (0.2643)  cardinality_error_interm_unscaled: 279.3333 (282.2946)  time: 0.3355  data: 0.0002  max mem: 24379
Epoch: [0]  [   620/111901]  eta: 10:18:18  lr: 0.000062  class_error: 10.00  loss: 17.9569 (34.3222)  loss_ce_dn: 0.0817 (0.2374)  loss_bbox_dn: 0.2470 (0.4898)  loss_giou_dn: 0.4637 (0.6203)  loss_ce: 0.3875 (0.4771)  loss_bbox: 0.4842 (1.5742)  loss_giou: 0.8476 (1.5887)  loss_ce_0: 0.3538 (0.4652)  loss_bbox_0: 0.6730 (1.7337)  loss_giou_0: 1.0745 (1.7028)  loss_ce_dn_0: 0.0927 (0.2696)  loss_bbox_dn_0: 0.3354 (0.4907)  loss_giou_dn_0: 0.5041 (0.6206)  loss_ce_1: 0.3565 (0.4540)  loss_bbox_1: 0.5958 (1.6758)  loss_giou_1: 0.9762 (1.6634)  loss_ce_dn_1: 0.0740 (0.2181)  loss_bbox_dn_1: 0.2557 (0.4712)  loss_giou_dn_1: 0.4562 (0.6066)  loss_ce_2: 0.3704 (0.4544)  loss_bbox_2: 0.5768 (1.6347)  loss_giou_2: 0.8991 (1.6345)  loss_ce_dn_2: 0.0706 (0.2057)  loss_bbox_dn_2: 0.2379 (0.4676)  loss_giou_dn_2: 0.4470 (0.6039)  loss_ce_3: 0.3820 (0.4634)  loss_bbox_3: 0.5260 (1.6058)  loss_giou_3: 0.8490 (1.6127)  loss_ce_dn_3: 0.0711 (0.2115)  loss_bbox_dn_3: 0.2368 (0.4713)  loss_giou_dn_3: 0.4463 (0.6068)  loss_ce_4: 0.3827 (0.4722)  loss_bbox_4: 0.4991 (1.5870)  loss_giou_4: 0.8650 (1.5996)  loss_ce_dn_4: 0.0779 (0.2219)  loss_bbox_dn_4: 0.2401 (0.4793)  loss_giou_dn_4: 0.4539 (0.6129)  loss_ce_interm: 0.4471 (0.5416)  loss_bbox_interm: 0.7890 (1.7451)  loss_giou_interm: 1.1838 (1.7315)  loss_ce_dn_unscaled: 0.0817 (0.2374)  loss_bbox_dn_unscaled: 0.0494 (0.0980)  loss_giou_dn_unscaled: 0.2319 (0.3101)  loss_xy_dn_unscaled: 0.0147 (0.0297)  loss_hw_dn_unscaled: 0.0336 (0.0683)  cardinality_error_dn_unscaled: 168.6667 (170.2711)  loss_ce_unscaled: 0.3875 (0.4771)  class_error_unscaled: 10.0000 (21.9706)  loss_bbox_unscaled: 0.0968 (0.3148)  loss_giou_unscaled: 0.4238 (0.7943)  loss_xy_unscaled: 0.0264 (0.0859)  loss_hw_unscaled: 0.0675 (0.2289)  cardinality_error_unscaled: 271.0000 (279.0263)  loss_ce_0_unscaled: 0.3538 (0.4652)  loss_bbox_0_unscaled: 0.1346 (0.3467)  loss_giou_0_unscaled: 0.5373 (0.8514)  loss_xy_0_unscaled: 0.0368 (0.0942)  loss_hw_0_unscaled: 0.1020 (0.2525)  cardinality_error_0_unscaled: 270.6667 (280.3602)  loss_ce_dn_0_unscaled: 0.0927 (0.2696)  loss_bbox_dn_0_unscaled: 0.0671 (0.0981)  loss_giou_dn_0_unscaled: 0.2520 (0.3103)  loss_xy_dn_0_unscaled: 0.0214 (0.0329)  loss_hw_dn_0_unscaled: 0.0473 (0.0652)  cardinality_error_dn_0_unscaled: 175.3333 (173.2110)  loss_ce_1_unscaled: 0.3565 (0.4540)  loss_bbox_1_unscaled: 0.1192 (0.3352)  loss_giou_1_unscaled: 0.4881 (0.8317)  loss_xy_1_unscaled: 0.0306 (0.0904)  loss_hw_1_unscaled: 0.0899 (0.2447)  cardinality_error_1_unscaled: 270.6667 (276.0172)  loss_ce_dn_1_unscaled: 0.0740 (0.2181)  loss_bbox_dn_1_unscaled: 0.0511 (0.0942)  loss_giou_dn_1_unscaled: 0.2281 (0.3033)  loss_xy_dn_1_unscaled: 0.0159 (0.0308)  loss_hw_dn_1_unscaled: 0.0368 (0.0635)  cardinality_error_dn_1_unscaled: 177.0000 (169.9877)  loss_ce_2_unscaled: 0.3704 (0.4544)  loss_bbox_2_unscaled: 0.1154 (0.3269)  loss_giou_2_unscaled: 0.4495 (0.8173)  loss_xy_2_unscaled: 0.0303 (0.0888)  loss_hw_2_unscaled: 0.0845 (0.2382)  cardinality_error_2_unscaled: 273.3333 (278.3849)  loss_ce_dn_2_unscaled: 0.0706 (0.2057)  loss_bbox_dn_2_unscaled: 0.0476 (0.0935)  loss_giou_dn_2_unscaled: 0.2235 (0.3019)  loss_xy_dn_2_unscaled: 0.0152 (0.0299)  loss_hw_dn_2_unscaled: 0.0323 (0.0636)  cardinality_error_dn_2_unscaled: 172.3333 (171.6586)  loss_ce_3_unscaled: 0.3820 (0.4634)  loss_bbox_3_unscaled: 0.1052 (0.3212)  loss_giou_3_unscaled: 0.4245 (0.8064)  loss_xy_3_unscaled: 0.0274 (0.0875)  loss_hw_3_unscaled: 0.0784 (0.2337)  cardinality_error_3_unscaled: 272.3333 (278.8084)  loss_ce_dn_3_unscaled: 0.0711 (0.2115)  loss_bbox_dn_3_unscaled: 0.0474 (0.0943)  loss_giou_dn_3_unscaled: 0.2232 (0.3034)  loss_xy_dn_3_unscaled: 0.0152 (0.0296)  loss_hw_dn_3_unscaled: 0.0324 (0.0647)  cardinality_error_dn_3_unscaled: 168.6667 (170.4659)  loss_ce_4_unscaled: 0.3827 (0.4722)  loss_bbox_4_unscaled: 0.0998 (0.3174)  loss_giou_4_unscaled: 0.4325 (0.7998)  loss_xy_4_unscaled: 0.0268 (0.0865)  loss_hw_4_unscaled: 0.0707 (0.2309)  cardinality_error_4_unscaled: 272.6667 (280.2485)  loss_ce_dn_4_unscaled: 0.0779 (0.2219)  loss_bbox_dn_4_unscaled: 0.0480 (0.0959)  loss_giou_dn_4_unscaled: 0.2269 (0.3064)  loss_xy_dn_4_unscaled: 0.0149 (0.0295)  loss_hw_dn_4_unscaled: 0.0332 (0.0663)  cardinality_error_dn_4_unscaled: 170.6667 (170.4010)  loss_ce_interm_unscaled: 0.4471 (0.5416)  loss_bbox_interm_unscaled: 0.1578 (0.3490)  loss_giou_interm_unscaled: 0.5919 (0.8657)  loss_xy_interm_unscaled: 0.0438 (0.0871)  loss_hw_interm_unscaled: 0.1185 (0.2619)  cardinality_error_interm_unscaled: 277.6667 (281.9839)  time: 0.3407  data: 0.0002  max mem: 24379
Epoch: [0]  [   630/111901]  eta: 10:18:39  lr: 0.000063  class_error: 6.45  loss: 17.1583 (34.0597)  loss_ce_dn: 0.0898 (0.2349)  loss_bbox_dn: 0.2470 (0.4860)  loss_giou_dn: 0.4637 (0.6179)  loss_ce: 0.3841 (0.4756)  loss_bbox: 0.4425 (1.5565)  loss_giou: 0.7740 (1.5755)  loss_ce_0: 0.3464 (0.4635)  loss_bbox_0: 0.6331 (1.7166)  loss_giou_0: 1.0225 (1.6922)  loss_ce_dn_0: 0.0898 (0.2667)  loss_bbox_dn_0: 0.3163 (0.4883)  loss_giou_dn_0: 0.5052 (0.6187)  loss_ce_1: 0.3548 (0.4525)  loss_bbox_1: 0.5428 (1.6584)  loss_giou_1: 0.9040 (1.6518)  loss_ce_dn_1: 0.0755 (0.2158)  loss_bbox_dn_1: 0.2536 (0.4679)  loss_giou_dn_1: 0.4562 (0.6042)  loss_ce_2: 0.3682 (0.4530)  loss_bbox_2: 0.4980 (1.6171)  loss_giou_2: 0.8389 (1.6220)  loss_ce_dn_2: 0.0746 (0.2036)  loss_bbox_dn_2: 0.2356 (0.4641)  loss_giou_dn_2: 0.4437 (0.6014)  loss_ce_3: 0.3759 (0.4620)  loss_bbox_3: 0.4607 (1.5880)  loss_giou_3: 0.7988 (1.5996)  loss_ce_dn_3: 0.0750 (0.2093)  loss_bbox_dn_3: 0.2272 (0.4676)  loss_giou_dn_3: 0.4463 (0.6042)  loss_ce_4: 0.3808 (0.4707)  loss_bbox_4: 0.4623 (1.5693)  loss_giou_4: 0.7865 (1.5865)  loss_ce_dn_4: 0.0832 (0.2196)  loss_bbox_dn_4: 0.2401 (0.4756)  loss_giou_dn_4: 0.4539 (0.6104)  loss_ce_interm: 0.4462 (0.5402)  loss_bbox_interm: 0.7468 (1.7297)  loss_giou_interm: 1.1361 (1.7223)  loss_ce_dn_unscaled: 0.0898 (0.2349)  loss_bbox_dn_unscaled: 0.0494 (0.0972)  loss_giou_dn_unscaled: 0.2319 (0.3089)  loss_xy_dn_unscaled: 0.0146 (0.0294)  loss_hw_dn_unscaled: 0.0348 (0.0678)  cardinality_error_dn_unscaled: 174.3333 (170.2995)  loss_ce_unscaled: 0.3841 (0.4756)  class_error_unscaled: 8.0000 (21.7633)  loss_bbox_unscaled: 0.0885 (0.3113)  loss_giou_unscaled: 0.3870 (0.7877)  loss_xy_unscaled: 0.0225 (0.0849)  loss_hw_unscaled: 0.0642 (0.2263)  cardinality_error_unscaled: 278.0000 (279.0645)  loss_ce_0_unscaled: 0.3464 (0.4635)  loss_bbox_0_unscaled: 0.1266 (0.3433)  loss_giou_0_unscaled: 0.5112 (0.8461)  loss_xy_0_unscaled: 0.0344 (0.0933)  loss_hw_0_unscaled: 0.0872 (0.2501)  cardinality_error_0_unscaled: 270.6667 (280.1949)  loss_ce_dn_0_unscaled: 0.0898 (0.2667)  loss_bbox_dn_0_unscaled: 0.0633 (0.0977)  loss_giou_dn_0_unscaled: 0.2526 (0.3094)  loss_xy_dn_0_unscaled: 0.0209 (0.0327)  loss_hw_dn_0_unscaled: 0.0424 (0.0649)  cardinality_error_dn_0_unscaled: 176.6667 (173.2140)  loss_ce_1_unscaled: 0.3548 (0.4525)  loss_bbox_1_unscaled: 0.1086 (0.3317)  loss_giou_1_unscaled: 0.4520 (0.8259)  loss_xy_1_unscaled: 0.0282 (0.0895)  loss_hw_1_unscaled: 0.0776 (0.2422)  cardinality_error_1_unscaled: 270.6667 (276.0153)  loss_ce_dn_1_unscaled: 0.0755 (0.2158)  loss_bbox_dn_1_unscaled: 0.0507 (0.0936)  loss_giou_dn_1_unscaled: 0.2281 (0.3021)  loss_xy_dn_1_unscaled: 0.0159 (0.0305)  loss_hw_dn_1_unscaled: 0.0346 (0.0631)  cardinality_error_dn_1_unscaled: 176.6667 (169.9963)  loss_ce_2_unscaled: 0.3682 (0.4530)  loss_bbox_2_unscaled: 0.0996 (0.3234)  loss_giou_2_unscaled: 0.4194 (0.8110)  loss_xy_2_unscaled: 0.0272 (0.0878)  loss_hw_2_unscaled: 0.0706 (0.2356)  cardinality_error_2_unscaled: 277.6667 (278.4268)  loss_ce_dn_2_unscaled: 0.0746 (0.2036)  loss_bbox_dn_2_unscaled: 0.0471 (0.0928)  loss_giou_dn_2_unscaled: 0.2219 (0.3007)  loss_xy_dn_2_unscaled: 0.0150 (0.0297)  loss_hw_dn_2_unscaled: 0.0323 (0.0631)  cardinality_error_dn_2_unscaled: 176.3333 (171.6450)  loss_ce_3_unscaled: 0.3759 (0.4620)  loss_bbox_3_unscaled: 0.0921 (0.3176)  loss_giou_3_unscaled: 0.3994 (0.7998)  loss_xy_3_unscaled: 0.0247 (0.0865)  loss_hw_3_unscaled: 0.0668 (0.2311)  cardinality_error_3_unscaled: 278.0000 (278.9197)  loss_ce_dn_3_unscaled: 0.0750 (0.2093)  loss_bbox_dn_3_unscaled: 0.0454 (0.0935)  loss_giou_dn_3_unscaled: 0.2232 (0.3021)  loss_xy_dn_3_unscaled: 0.0145 (0.0293)  loss_hw_dn_3_unscaled: 0.0317 (0.0642)  cardinality_error_dn_3_unscaled: 174.3333 (170.5689)  loss_ce_4_unscaled: 0.3808 (0.4707)  loss_bbox_4_unscaled: 0.0925 (0.3139)  loss_giou_4_unscaled: 0.3933 (0.7933)  loss_xy_4_unscaled: 0.0250 (0.0856)  loss_hw_4_unscaled: 0.0636 (0.2282)  cardinality_error_4_unscaled: 277.3333 (280.3069)  loss_ce_dn_4_unscaled: 0.0832 (0.2196)  loss_bbox_dn_4_unscaled: 0.0480 (0.0951)  loss_giou_dn_4_unscaled: 0.2269 (0.3052)  loss_xy_dn_4_unscaled: 0.0145 (0.0293)  loss_hw_dn_4_unscaled: 0.0336 (0.0658)  cardinality_error_dn_4_unscaled: 175.3333 (170.5024)  loss_ce_interm_unscaled: 0.4462 (0.5402)  loss_bbox_interm_unscaled: 0.1494 (0.3459)  loss_giou_interm_unscaled: 0.5681 (0.8612)  loss_xy_interm_unscaled: 0.0438 (0.0864)  loss_hw_interm_unscaled: 0.1058 (0.2595)  cardinality_error_interm_unscaled: 282.0000 (281.9472)  time: 0.3504  data: 0.0002  max mem: 24379
Epoch: [0]  [   640/111901]  eta: 10:18:44  lr: 0.000064  class_error: 8.00  loss: 18.0125 (33.8159)  loss_ce_dn: 0.0874 (0.2327)  loss_bbox_dn: 0.2583 (0.4823)  loss_giou_dn: 0.4735 (0.6157)  loss_ce: 0.3804 (0.4746)  loss_bbox: 0.4702 (1.5401)  loss_giou: 0.7863 (1.5633)  loss_ce_0: 0.3617 (0.4622)  loss_bbox_0: 0.6780 (1.7004)  loss_giou_0: 0.9998 (1.6818)  loss_ce_dn_0: 0.0874 (0.2639)  loss_bbox_dn_0: 0.3266 (0.4863)  loss_giou_dn_0: 0.5074 (0.6170)  loss_ce_1: 0.3617 (0.4513)  loss_bbox_1: 0.6021 (1.6422)  loss_giou_1: 0.9040 (1.6406)  loss_ce_dn_1: 0.0717 (0.2136)  loss_bbox_dn_1: 0.2629 (0.4650)  loss_giou_dn_1: 0.4643 (0.6020)  loss_ce_2: 0.3738 (0.4521)  loss_bbox_2: 0.5450 (1.6008)  loss_giou_2: 0.8340 (1.6102)  loss_ce_dn_2: 0.0744 (0.2016)  loss_bbox_dn_2: 0.2458 (0.4610)  loss_giou_dn_2: 0.4567 (0.5992)  loss_ce_3: 0.3870 (0.4612)  loss_bbox_3: 0.5001 (1.5716)  loss_giou_3: 0.7984 (1.5876)  loss_ce_dn_3: 0.0766 (0.2073)  loss_bbox_dn_3: 0.2362 (0.4642)  loss_giou_dn_3: 0.4583 (0.6021)  loss_ce_4: 0.3943 (0.4700)  loss_bbox_4: 0.4755 (1.5530)  loss_giou_4: 0.7892 (1.5743)  loss_ce_dn_4: 0.0849 (0.2176)  loss_bbox_dn_4: 0.2414 (0.4721)  loss_giou_dn_4: 0.4644 (0.6082)  loss_ce_interm: 0.4406 (0.5389)  loss_bbox_interm: 0.8094 (1.7152)  loss_giou_interm: 1.1319 (1.7129)  loss_ce_dn_unscaled: 0.0874 (0.2327)  loss_bbox_dn_unscaled: 0.0517 (0.0965)  loss_giou_dn_unscaled: 0.2367 (0.3079)  loss_xy_dn_unscaled: 0.0151 (0.0292)  loss_hw_dn_unscaled: 0.0367 (0.0673)  cardinality_error_dn_unscaled: 174.0000 (170.1867)  loss_ce_unscaled: 0.3804 (0.4746)  class_error_unscaled: 8.0000 (21.6271)  loss_bbox_unscaled: 0.0940 (0.3080)  loss_giou_unscaled: 0.3931 (0.7816)  loss_xy_unscaled: 0.0242 (0.0841)  loss_hw_unscaled: 0.0699 (0.2239)  cardinality_error_unscaled: 287.0000 (279.1326)  loss_ce_0_unscaled: 0.3617 (0.4622)  loss_bbox_0_unscaled: 0.1356 (0.3401)  loss_giou_0_unscaled: 0.4999 (0.8409)  loss_xy_0_unscaled: 0.0352 (0.0924)  loss_hw_0_unscaled: 0.0903 (0.2476)  cardinality_error_0_unscaled: 274.3333 (280.0681)  loss_ce_dn_0_unscaled: 0.0874 (0.2639)  loss_bbox_dn_0_unscaled: 0.0653 (0.0973)  loss_giou_dn_0_unscaled: 0.2537 (0.3085)  loss_xy_dn_0_unscaled: 0.0218 (0.0326)  loss_hw_dn_0_unscaled: 0.0448 (0.0647)  cardinality_error_dn_0_unscaled: 176.3333 (173.2091)  loss_ce_1_unscaled: 0.3617 (0.4513)  loss_bbox_1_unscaled: 0.1204 (0.3284)  loss_giou_1_unscaled: 0.4520 (0.8203)  loss_xy_1_unscaled: 0.0306 (0.0886)  loss_hw_1_unscaled: 0.0889 (0.2398)  cardinality_error_1_unscaled: 282.0000 (276.0759)  loss_ce_dn_1_unscaled: 0.0717 (0.2136)  loss_bbox_dn_1_unscaled: 0.0526 (0.0930)  loss_giou_dn_1_unscaled: 0.2322 (0.3010)  loss_xy_dn_1_unscaled: 0.0167 (0.0303)  loss_hw_dn_1_unscaled: 0.0347 (0.0627)  cardinality_error_dn_1_unscaled: 174.0000 (169.9631)  loss_ce_2_unscaled: 0.3738 (0.4521)  loss_bbox_2_unscaled: 0.1090 (0.3202)  loss_giou_2_unscaled: 0.4170 (0.8051)  loss_xy_2_unscaled: 0.0281 (0.0870)  loss_hw_2_unscaled: 0.0817 (0.2332)  cardinality_error_2_unscaled: 287.6667 (278.5497)  loss_ce_dn_2_unscaled: 0.0744 (0.2016)  loss_bbox_dn_2_unscaled: 0.0492 (0.0922)  loss_giou_dn_2_unscaled: 0.2283 (0.2996)  loss_xy_dn_2_unscaled: 0.0158 (0.0295)  loss_hw_dn_2_unscaled: 0.0334 (0.0627)  cardinality_error_dn_2_unscaled: 174.0000 (171.5081)  loss_ce_3_unscaled: 0.3870 (0.4612)  loss_bbox_3_unscaled: 0.1000 (0.3143)  loss_giou_3_unscaled: 0.3992 (0.7938)  loss_xy_3_unscaled: 0.0262 (0.0857)  loss_hw_3_unscaled: 0.0712 (0.2286)  cardinality_error_3_unscaled: 289.3333 (279.0494)  loss_ce_dn_3_unscaled: 0.0766 (0.2073)  loss_bbox_dn_3_unscaled: 0.0472 (0.0928)  loss_giou_dn_3_unscaled: 0.2292 (0.3010)  loss_xy_dn_3_unscaled: 0.0150 (0.0291)  loss_hw_dn_3_unscaled: 0.0319 (0.0638)  cardinality_error_dn_3_unscaled: 174.6667 (170.4519)  loss_ce_4_unscaled: 0.3943 (0.4700)  loss_bbox_4_unscaled: 0.0951 (0.3106)  loss_giou_4_unscaled: 0.3946 (0.7872)  loss_xy_4_unscaled: 0.0259 (0.0848)  loss_hw_4_unscaled: 0.0636 (0.2258)  cardinality_error_4_unscaled: 287.6667 (280.3879)  loss_ce_dn_4_unscaled: 0.0849 (0.2176)  loss_bbox_dn_4_unscaled: 0.0483 (0.0944)  loss_giou_dn_4_unscaled: 0.2322 (0.3041)  loss_xy_dn_4_unscaled: 0.0154 (0.0291)  loss_hw_dn_4_unscaled: 0.0344 (0.0653)  cardinality_error_dn_4_unscaled: 175.3333 (170.3796)  loss_ce_interm_unscaled: 0.4406 (0.5389)  loss_bbox_interm_unscaled: 0.1619 (0.3430)  loss_giou_interm_unscaled: 0.5660 (0.8565)  loss_xy_interm_unscaled: 0.0408 (0.0858)  loss_hw_interm_unscaled: 0.1175 (0.2573)  cardinality_error_interm_unscaled: 287.3333 (282.0156)  time: 0.3428  data: 0.0003  max mem: 24379
Epoch: [0]  [   650/111901]  eta: 10:18:39  lr: 0.000065  class_error: 8.70  loss: 18.1228 (33.5786)  loss_ce_dn: 0.0922 (0.2306)  loss_bbox_dn: 0.2473 (0.4788)  loss_giou_dn: 0.4647 (0.6134)  loss_ce: 0.3804 (0.4732)  loss_bbox: 0.4993 (1.5244)  loss_giou: 0.7870 (1.5518)  loss_ce_0: 0.3845 (0.4611)  loss_bbox_0: 0.6780 (1.6848)  loss_giou_0: 1.0074 (1.6721)  loss_ce_dn_0: 0.0914 (0.2614)  loss_bbox_dn_0: 0.3498 (0.4840)  loss_giou_dn_0: 0.5025 (0.6154)  loss_ce_1: 0.3738 (0.4501)  loss_bbox_1: 0.6021 (1.6265)  loss_giou_1: 0.9184 (1.6297)  loss_ce_dn_1: 0.0751 (0.2115)  loss_bbox_dn_1: 0.2746 (0.4620)  loss_giou_dn_1: 0.4574 (0.5999)  loss_ce_2: 0.3738 (0.4508)  loss_bbox_2: 0.5639 (1.5850)  loss_giou_2: 0.8480 (1.5987)  loss_ce_dn_2: 0.0744 (0.1997)  loss_bbox_dn_2: 0.2398 (0.4575)  loss_giou_dn_2: 0.4479 (0.5968)  loss_ce_3: 0.3870 (0.4598)  loss_bbox_3: 0.5194 (1.5557)  loss_giou_3: 0.7984 (1.5760)  loss_ce_dn_3: 0.0774 (0.2053)  loss_bbox_dn_3: 0.2288 (0.4607)  loss_giou_dn_3: 0.4493 (0.5997)  loss_ce_4: 0.3875 (0.4686)  loss_bbox_4: 0.5008 (1.5371)  loss_giou_4: 0.7892 (1.5628)  loss_ce_dn_4: 0.0866 (0.2156)  loss_bbox_dn_4: 0.2345 (0.4685)  loss_giou_dn_4: 0.4563 (0.6059)  loss_ce_interm: 0.4504 (0.5377)  loss_bbox_interm: 0.7852 (1.7011)  loss_giou_interm: 1.1320 (1.7048)  loss_ce_dn_unscaled: 0.0922 (0.2306)  loss_bbox_dn_unscaled: 0.0495 (0.0958)  loss_giou_dn_unscaled: 0.2323 (0.3067)  loss_xy_dn_unscaled: 0.0151 (0.0290)  loss_hw_dn_unscaled: 0.0336 (0.0668)  cardinality_error_dn_unscaled: 167.3333 (169.9841)  loss_ce_unscaled: 0.3804 (0.4732)  class_error_unscaled: 9.5238 (21.4691)  loss_bbox_unscaled: 0.0999 (0.3049)  loss_giou_unscaled: 0.3935 (0.7759)  loss_xy_unscaled: 0.0273 (0.0833)  loss_hw_unscaled: 0.0617 (0.2216)  cardinality_error_unscaled: 284.6667 (279.1413)  loss_ce_0_unscaled: 0.3845 (0.4611)  loss_bbox_0_unscaled: 0.1356 (0.3370)  loss_giou_0_unscaled: 0.5037 (0.8360)  loss_xy_0_unscaled: 0.0370 (0.0917)  loss_hw_0_unscaled: 0.0903 (0.2453)  cardinality_error_0_unscaled: 268.3333 (279.8444)  loss_ce_dn_0_unscaled: 0.0914 (0.2614)  loss_bbox_dn_0_unscaled: 0.0700 (0.0968)  loss_giou_dn_0_unscaled: 0.2513 (0.3077)  loss_xy_dn_0_unscaled: 0.0218 (0.0324)  loss_hw_dn_0_unscaled: 0.0478 (0.0644)  cardinality_error_dn_0_unscaled: 170.3333 (172.9693)  loss_ce_1_unscaled: 0.3738 (0.4501)  loss_bbox_1_unscaled: 0.1204 (0.3253)  loss_giou_1_unscaled: 0.4592 (0.8149)  loss_xy_1_unscaled: 0.0305 (0.0878)  loss_hw_1_unscaled: 0.0889 (0.2375)  cardinality_error_1_unscaled: 282.6667 (276.1116)  loss_ce_dn_1_unscaled: 0.0751 (0.2115)  loss_bbox_dn_1_unscaled: 0.0549 (0.0924)  loss_giou_dn_1_unscaled: 0.2287 (0.2999)  loss_xy_dn_1_unscaled: 0.0168 (0.0301)  loss_hw_dn_1_unscaled: 0.0379 (0.0623)  cardinality_error_dn_1_unscaled: 167.0000 (169.7711)  loss_ce_2_unscaled: 0.3738 (0.4508)  loss_bbox_2_unscaled: 0.1128 (0.3170)  loss_giou_2_unscaled: 0.4240 (0.7994)  loss_xy_2_unscaled: 0.0281 (0.0862)  loss_hw_2_unscaled: 0.0811 (0.2308)  cardinality_error_2_unscaled: 286.3333 (278.5970)  loss_ce_dn_2_unscaled: 0.0744 (0.1997)  loss_bbox_dn_2_unscaled: 0.0480 (0.0915)  loss_giou_dn_2_unscaled: 0.2239 (0.2984)  loss_xy_dn_2_unscaled: 0.0154 (0.0292)  loss_hw_dn_2_unscaled: 0.0336 (0.0623)  cardinality_error_dn_2_unscaled: 169.6667 (171.3758)  loss_ce_3_unscaled: 0.3870 (0.4598)  loss_bbox_3_unscaled: 0.1039 (0.3111)  loss_giou_3_unscaled: 0.3992 (0.7880)  loss_xy_3_unscaled: 0.0268 (0.0849)  loss_hw_3_unscaled: 0.0655 (0.2262)  cardinality_error_3_unscaled: 288.0000 (279.1188)  loss_ce_dn_3_unscaled: 0.0774 (0.2053)  loss_bbox_dn_3_unscaled: 0.0458 (0.0921)  loss_giou_dn_3_unscaled: 0.2246 (0.2999)  loss_xy_dn_3_unscaled: 0.0150 (0.0289)  loss_hw_dn_3_unscaled: 0.0316 (0.0633)  cardinality_error_dn_3_unscaled: 170.0000 (170.3359)  loss_ce_4_unscaled: 0.3875 (0.4686)  loss_bbox_4_unscaled: 0.1002 (0.3074)  loss_giou_4_unscaled: 0.3946 (0.7814)  loss_xy_4_unscaled: 0.0271 (0.0840)  loss_hw_4_unscaled: 0.0630 (0.2234)  cardinality_error_4_unscaled: 286.6667 (280.3953)  loss_ce_dn_4_unscaled: 0.0866 (0.2156)  loss_bbox_dn_4_unscaled: 0.0469 (0.0937)  loss_giou_dn_4_unscaled: 0.2281 (0.3029)  loss_xy_dn_4_unscaled: 0.0151 (0.0288)  loss_hw_dn_4_unscaled: 0.0318 (0.0648)  cardinality_error_dn_4_unscaled: 169.6667 (170.3190)  loss_ce_interm_unscaled: 0.4504 (0.5377)  loss_bbox_interm_unscaled: 0.1570 (0.3402)  loss_giou_interm_unscaled: 0.5660 (0.8524)  loss_xy_interm_unscaled: 0.0444 (0.0852)  loss_hw_interm_unscaled: 0.1158 (0.2550)  cardinality_error_interm_unscaled: 286.0000 (281.9923)  time: 0.3356  data: 0.0003  max mem: 24379
Epoch: [0]  [   660/111901]  eta: 10:17:32  lr: 0.000066  class_error: 16.67  loss: 17.5953 (33.3542)  loss_ce_dn: 0.0942 (0.2286)  loss_bbox_dn: 0.2442 (0.4756)  loss_giou_dn: 0.4563 (0.6116)  loss_ce: 0.3712 (0.4718)  loss_bbox: 0.4728 (1.5092)  loss_giou: 0.7507 (1.5404)  loss_ce_0: 0.3811 (0.4598)  loss_bbox_0: 0.7033 (1.6703)  loss_giou_0: 0.9775 (1.6628)  loss_ce_dn_0: 0.0986 (0.2590)  loss_bbox_dn_0: 0.3177 (0.4818)  loss_giou_dn_0: 0.5003 (0.6137)  loss_ce_1: 0.3661 (0.4490)  loss_bbox_1: 0.6383 (1.6114)  loss_giou_1: 0.8517 (1.6192)  loss_ce_dn_1: 0.0840 (0.2096)  loss_bbox_dn_1: 0.2532 (0.4591)  loss_giou_dn_1: 0.4573 (0.5979)  loss_ce_2: 0.3601 (0.4496)  loss_bbox_2: 0.5573 (1.5698)  loss_giou_2: 0.8048 (1.5877)  loss_ce_dn_2: 0.0809 (0.1979)  loss_bbox_dn_2: 0.2327 (0.4546)  loss_giou_dn_2: 0.4416 (0.5949)  loss_ce_3: 0.3673 (0.4585)  loss_bbox_3: 0.5032 (1.5407)  loss_giou_3: 0.7458 (1.5649)  loss_ce_dn_3: 0.0840 (0.2035)  loss_bbox_dn_3: 0.2288 (0.4577)  loss_giou_dn_3: 0.4523 (0.5979)  loss_ce_4: 0.3725 (0.4673)  loss_bbox_4: 0.4858 (1.5218)  loss_giou_4: 0.7425 (1.5514)  loss_ce_dn_4: 0.0872 (0.2137)  loss_bbox_dn_4: 0.2345 (0.4655)  loss_giou_dn_4: 0.4514 (0.6041)  loss_ce_interm: 0.4479 (0.5366)  loss_bbox_interm: 0.7852 (1.6883)  loss_giou_interm: 1.1486 (1.6969)  loss_ce_dn_unscaled: 0.0942 (0.2286)  loss_bbox_dn_unscaled: 0.0488 (0.0951)  loss_giou_dn_unscaled: 0.2281 (0.3058)  loss_xy_dn_unscaled: 0.0148 (0.0287)  loss_hw_dn_unscaled: 0.0338 (0.0664)  cardinality_error_dn_unscaled: 166.6667 (169.8260)  loss_ce_unscaled: 0.3712 (0.4718)  class_error_unscaled: 10.0000 (21.3332)  loss_bbox_unscaled: 0.0946 (0.3018)  loss_giou_unscaled: 0.3754 (0.7702)  loss_xy_unscaled: 0.0253 (0.0825)  loss_hw_unscaled: 0.0652 (0.2193)  cardinality_error_unscaled: 284.3333 (279.1382)  loss_ce_0_unscaled: 0.3811 (0.4598)  loss_bbox_0_unscaled: 0.1407 (0.3341)  loss_giou_0_unscaled: 0.4887 (0.8314)  loss_xy_0_unscaled: 0.0374 (0.0910)  loss_hw_0_unscaled: 0.0904 (0.2431)  cardinality_error_0_unscaled: 268.3333 (279.7090)  loss_ce_dn_0_unscaled: 0.0986 (0.2590)  loss_bbox_dn_0_unscaled: 0.0635 (0.0964)  loss_giou_dn_0_unscaled: 0.2501 (0.3069)  loss_xy_dn_0_unscaled: 0.0201 (0.0322)  loss_hw_dn_0_unscaled: 0.0438 (0.0641)  cardinality_error_dn_0_unscaled: 164.6667 (172.7342)  loss_ce_1_unscaled: 0.3661 (0.4490)  loss_bbox_1_unscaled: 0.1277 (0.3223)  loss_giou_1_unscaled: 0.4258 (0.8096)  loss_xy_1_unscaled: 0.0305 (0.0871)  loss_hw_1_unscaled: 0.0857 (0.2352)  cardinality_error_1_unscaled: 284.0000 (276.1548)  loss_ce_dn_1_unscaled: 0.0840 (0.2096)  loss_bbox_dn_1_unscaled: 0.0506 (0.0918)  loss_giou_dn_1_unscaled: 0.2286 (0.2989)  loss_xy_dn_1_unscaled: 0.0153 (0.0299)  loss_hw_dn_1_unscaled: 0.0355 (0.0619)  cardinality_error_dn_1_unscaled: 166.6667 (169.6001)  loss_ce_2_unscaled: 0.3601 (0.4496)  loss_bbox_2_unscaled: 0.1115 (0.3140)  loss_giou_2_unscaled: 0.4024 (0.7938)  loss_xy_2_unscaled: 0.0292 (0.0854)  loss_hw_2_unscaled: 0.0757 (0.2285)  cardinality_error_2_unscaled: 283.6667 (278.6384)  loss_ce_dn_2_unscaled: 0.0809 (0.1979)  loss_bbox_dn_2_unscaled: 0.0465 (0.0909)  loss_giou_dn_2_unscaled: 0.2208 (0.2975)  loss_xy_dn_2_unscaled: 0.0140 (0.0290)  loss_hw_dn_2_unscaled: 0.0336 (0.0619)  cardinality_error_dn_2_unscaled: 175.0000 (171.1931)  loss_ce_3_unscaled: 0.3673 (0.4585)  loss_bbox_3_unscaled: 0.1006 (0.3081)  loss_giou_3_unscaled: 0.3729 (0.7824)  loss_xy_3_unscaled: 0.0268 (0.0841)  loss_hw_3_unscaled: 0.0655 (0.2240)  cardinality_error_3_unscaled: 286.0000 (279.1563)  loss_ce_dn_3_unscaled: 0.0840 (0.2035)  loss_bbox_dn_3_unscaled: 0.0458 (0.0915)  loss_giou_dn_3_unscaled: 0.2262 (0.2990)  loss_xy_dn_3_unscaled: 0.0133 (0.0286)  loss_hw_dn_3_unscaled: 0.0326 (0.0629)  cardinality_error_dn_3_unscaled: 169.0000 (170.1130)  loss_ce_4_unscaled: 0.3725 (0.4673)  loss_bbox_4_unscaled: 0.0972 (0.3044)  loss_giou_4_unscaled: 0.3713 (0.7757)  loss_xy_4_unscaled: 0.0262 (0.0832)  loss_hw_4_unscaled: 0.0630 (0.2212)  cardinality_error_4_unscaled: 285.3333 (280.4100)  loss_ce_dn_4_unscaled: 0.0872 (0.2137)  loss_bbox_dn_4_unscaled: 0.0469 (0.0931)  loss_giou_dn_4_unscaled: 0.2257 (0.3021)  loss_xy_dn_4_unscaled: 0.0142 (0.0286)  loss_hw_dn_4_unscaled: 0.0324 (0.0645)  cardinality_error_dn_4_unscaled: 174.3333 (170.1508)  loss_ce_interm_unscaled: 0.4479 (0.5366)  loss_bbox_interm_unscaled: 0.1570 (0.3377)  loss_giou_interm_unscaled: 0.5743 (0.8485)  loss_xy_interm_unscaled: 0.0465 (0.0847)  loss_hw_interm_unscaled: 0.1063 (0.2529)  cardinality_error_interm_unscaled: 285.6667 (281.9420)  time: 0.3144  data: 0.0003  max mem: 24379
Epoch: [0]  [   670/111901]  eta: 10:17:03  lr: 0.000067  class_error: 10.00  loss: 17.2635 (33.1081)  loss_ce_dn: 0.0876 (0.2264)  loss_bbox_dn: 0.2368 (0.4719)  loss_giou_dn: 0.4474 (0.6090)  loss_ce: 0.3626 (0.4702)  loss_bbox: 0.4316 (1.4932)  loss_giou: 0.7078 (1.5281)  loss_ce_0: 0.3416 (0.4583)  loss_bbox_0: 0.6606 (1.6549)  loss_giou_0: 0.9485 (1.6523)  loss_ce_dn_0: 0.0935 (0.2564)  loss_bbox_dn_0: 0.3106 (0.4795)  loss_giou_dn_0: 0.4827 (0.6119)  loss_ce_1: 0.3613 (0.4479)  loss_bbox_1: 0.5537 (1.5956)  loss_giou_1: 0.8395 (1.6074)  loss_ce_dn_1: 0.0746 (0.2075)  loss_bbox_dn_1: 0.2548 (0.4563)  loss_giou_dn_1: 0.4435 (0.5957)  loss_ce_2: 0.3531 (0.4484)  loss_bbox_2: 0.4743 (1.5537)  loss_giou_2: 0.7551 (1.5752)  loss_ce_dn_2: 0.0741 (0.1959)  loss_bbox_dn_2: 0.2484 (0.4514)  loss_giou_dn_2: 0.4393 (0.5926)  loss_ce_3: 0.3650 (0.4572)  loss_bbox_3: 0.4582 (1.5245)  loss_giou_3: 0.7235 (1.5524)  loss_ce_dn_3: 0.0764 (0.2016)  loss_bbox_dn_3: 0.2356 (0.4543)  loss_giou_dn_3: 0.4483 (0.5955)  loss_ce_4: 0.3533 (0.4658)  loss_bbox_4: 0.4475 (1.5058)  loss_giou_4: 0.7191 (1.5390)  loss_ce_dn_4: 0.0806 (0.2118)  loss_bbox_dn_4: 0.2329 (0.4619)  loss_giou_dn_4: 0.4393 (0.6016)  loss_ce_interm: 0.4420 (0.5351)  loss_bbox_interm: 0.6937 (1.6741)  loss_giou_interm: 1.0912 (1.6877)  loss_ce_dn_unscaled: 0.0876 (0.2264)  loss_bbox_dn_unscaled: 0.0474 (0.0944)  loss_giou_dn_unscaled: 0.2237 (0.3045)  loss_xy_dn_unscaled: 0.0131 (0.0285)  loss_hw_dn_unscaled: 0.0338 (0.0659)  cardinality_error_dn_unscaled: 169.3333 (169.7198)  loss_ce_unscaled: 0.3626 (0.4702)  class_error_unscaled: 7.3171 (21.1120)  loss_bbox_unscaled: 0.0863 (0.2986)  loss_giou_unscaled: 0.3539 (0.7640)  loss_xy_unscaled: 0.0270 (0.0817)  loss_hw_unscaled: 0.0545 (0.2169)  cardinality_error_unscaled: 276.0000 (279.0835)  loss_ce_0_unscaled: 0.3416 (0.4583)  loss_bbox_0_unscaled: 0.1321 (0.3310)  loss_giou_0_unscaled: 0.4742 (0.8262)  loss_xy_0_unscaled: 0.0382 (0.0902)  loss_hw_0_unscaled: 0.0904 (0.2408)  cardinality_error_0_unscaled: 270.0000 (279.5529)  loss_ce_dn_0_unscaled: 0.0935 (0.2564)  loss_bbox_dn_0_unscaled: 0.0621 (0.0959)  loss_giou_dn_0_unscaled: 0.2413 (0.3059)  loss_xy_dn_0_unscaled: 0.0188 (0.0321)  loss_hw_dn_0_unscaled: 0.0424 (0.0638)  cardinality_error_dn_0_unscaled: 166.6667 (172.5579)  loss_ce_1_unscaled: 0.3613 (0.4479)  loss_bbox_1_unscaled: 0.1107 (0.3191)  loss_giou_1_unscaled: 0.4197 (0.8037)  loss_xy_1_unscaled: 0.0316 (0.0863)  loss_hw_1_unscaled: 0.0791 (0.2329)  cardinality_error_1_unscaled: 279.6667 (276.1411)  loss_ce_dn_1_unscaled: 0.0746 (0.2075)  loss_bbox_dn_1_unscaled: 0.0510 (0.0913)  loss_giou_dn_1_unscaled: 0.2217 (0.2979)  loss_xy_dn_1_unscaled: 0.0153 (0.0297)  loss_hw_dn_1_unscaled: 0.0374 (0.0616)  cardinality_error_dn_1_unscaled: 169.0000 (169.5191)  loss_ce_2_unscaled: 0.3531 (0.4484)  loss_bbox_2_unscaled: 0.0949 (0.3107)  loss_giou_2_unscaled: 0.3775 (0.7876)  loss_xy_2_unscaled: 0.0281 (0.0846)  loss_hw_2_unscaled: 0.0637 (0.2262)  cardinality_error_2_unscaled: 281.0000 (278.6304)  loss_ce_dn_2_unscaled: 0.0741 (0.1959)  loss_bbox_dn_2_unscaled: 0.0497 (0.0903)  loss_giou_dn_2_unscaled: 0.2196 (0.2963)  loss_xy_dn_2_unscaled: 0.0134 (0.0288)  loss_hw_dn_2_unscaled: 0.0359 (0.0615)  cardinality_error_dn_2_unscaled: 175.0000 (171.1177)  loss_ce_3_unscaled: 0.3650 (0.4572)  loss_bbox_3_unscaled: 0.0916 (0.3049)  loss_giou_3_unscaled: 0.3617 (0.7762)  loss_xy_3_unscaled: 0.0273 (0.0833)  loss_hw_3_unscaled: 0.0587 (0.2216)  cardinality_error_3_unscaled: 283.6667 (279.1669)  loss_ce_dn_3_unscaled: 0.0764 (0.2016)  loss_bbox_dn_3_unscaled: 0.0471 (0.0909)  loss_giou_dn_3_unscaled: 0.2242 (0.2977)  loss_xy_dn_3_unscaled: 0.0130 (0.0284)  loss_hw_dn_3_unscaled: 0.0344 (0.0625)  cardinality_error_dn_3_unscaled: 172.6667 (170.1257)  loss_ce_4_unscaled: 0.3533 (0.4658)  loss_bbox_4_unscaled: 0.0895 (0.3012)  loss_giou_4_unscaled: 0.3595 (0.7695)  loss_xy_4_unscaled: 0.0268 (0.0824)  loss_hw_4_unscaled: 0.0556 (0.2188)  cardinality_error_4_unscaled: 284.3333 (280.3989)  loss_ce_dn_4_unscaled: 0.0806 (0.2118)  loss_bbox_dn_4_unscaled: 0.0466 (0.0924)  loss_giou_dn_4_unscaled: 0.2196 (0.3008)  loss_xy_dn_4_unscaled: 0.0129 (0.0284)  loss_hw_dn_4_unscaled: 0.0345 (0.0640)  cardinality_error_dn_4_unscaled: 176.3333 (170.1162)  loss_ce_interm_unscaled: 0.4420 (0.5351)  loss_bbox_interm_unscaled: 0.1387 (0.3348)  loss_giou_interm_unscaled: 0.5456 (0.8438)  loss_xy_interm_unscaled: 0.0409 (0.0841)  loss_hw_interm_unscaled: 0.0981 (0.2507)  cardinality_error_interm_unscaled: 276.0000 (281.8177)  time: 0.3067  data: 0.0002  max mem: 24379
Epoch: [0]  [   680/111901]  eta: 10:16:50  lr: 0.000068  class_error: 11.43  loss: 17.2635 (32.8847)  loss_ce_dn: 0.0817 (0.2245)  loss_bbox_dn: 0.2323 (0.4686)  loss_giou_dn: 0.4238 (0.6065)  loss_ce: 0.3690 (0.4692)  loss_bbox: 0.3990 (1.4779)  loss_giou: 0.7078 (1.5166)  loss_ce_0: 0.3633 (0.4574)  loss_bbox_0: 0.5990 (1.6408)  loss_giou_0: 0.9485 (1.6429)  loss_ce_dn_0: 0.0848 (0.2541)  loss_bbox_dn_0: 0.3292 (0.4777)  loss_giou_dn_0: 0.4862 (0.6103)  loss_ce_1: 0.3664 (0.4472)  loss_bbox_1: 0.5029 (1.5808)  loss_giou_1: 0.8438 (1.5969)  loss_ce_dn_1: 0.0705 (0.2057)  loss_bbox_dn_1: 0.2848 (0.4538)  loss_giou_dn_1: 0.4452 (0.5937)  loss_ce_2: 0.3602 (0.4477)  loss_bbox_2: 0.4274 (1.5385)  loss_giou_2: 0.7360 (1.5638)  loss_ce_dn_2: 0.0653 (0.1942)  loss_bbox_dn_2: 0.2565 (0.4486)  loss_giou_dn_2: 0.4364 (0.5902)  loss_ce_3: 0.3689 (0.4563)  loss_bbox_3: 0.4263 (1.5094)  loss_giou_3: 0.7165 (1.5408)  loss_ce_dn_3: 0.0741 (0.1998)  loss_bbox_dn_3: 0.2424 (0.4513)  loss_giou_dn_3: 0.4271 (0.5931)  loss_ce_4: 0.3637 (0.4649)  loss_bbox_4: 0.4082 (1.4907)  loss_giou_4: 0.7191 (1.5274)  loss_ce_dn_4: 0.0806 (0.2100)  loss_bbox_dn_4: 0.2340 (0.4587)  loss_giou_dn_4: 0.4259 (0.5992)  loss_ce_interm: 0.4420 (0.5341)  loss_bbox_interm: 0.7352 (1.6615)  loss_giou_interm: 1.0912 (1.6799)  loss_ce_dn_unscaled: 0.0817 (0.2245)  loss_bbox_dn_unscaled: 0.0465 (0.0937)  loss_giou_dn_unscaled: 0.2119 (0.3032)  loss_xy_dn_unscaled: 0.0131 (0.0283)  loss_hw_dn_unscaled: 0.0333 (0.0654)  cardinality_error_dn_unscaled: 169.6667 (169.7391)  loss_ce_unscaled: 0.3690 (0.4692)  class_error_unscaled: 9.5238 (20.9662)  loss_bbox_unscaled: 0.0798 (0.2956)  loss_giou_unscaled: 0.3539 (0.7583)  loss_xy_unscaled: 0.0270 (0.0810)  loss_hw_unscaled: 0.0535 (0.2146)  cardinality_error_unscaled: 283.3333 (279.1522)  loss_ce_0_unscaled: 0.3633 (0.4574)  loss_bbox_0_unscaled: 0.1198 (0.3282)  loss_giou_0_unscaled: 0.4742 (0.8214)  loss_xy_0_unscaled: 0.0382 (0.0895)  loss_hw_0_unscaled: 0.0835 (0.2387)  cardinality_error_0_unscaled: 278.6667 (279.5649)  loss_ce_dn_0_unscaled: 0.0848 (0.2541)  loss_bbox_dn_0_unscaled: 0.0658 (0.0955)  loss_giou_dn_0_unscaled: 0.2431 (0.3051)  loss_xy_dn_0_unscaled: 0.0208 (0.0319)  loss_hw_dn_0_unscaled: 0.0450 (0.0636)  cardinality_error_dn_0_unscaled: 168.3333 (172.4787)  loss_ce_1_unscaled: 0.3664 (0.4472)  loss_bbox_1_unscaled: 0.1006 (0.3162)  loss_giou_1_unscaled: 0.4219 (0.7985)  loss_xy_1_unscaled: 0.0314 (0.0855)  loss_hw_1_unscaled: 0.0707 (0.2307)  cardinality_error_1_unscaled: 281.3333 (276.2335)  loss_ce_dn_1_unscaled: 0.0705 (0.2057)  loss_bbox_dn_1_unscaled: 0.0570 (0.0908)  loss_giou_dn_1_unscaled: 0.2226 (0.2969)  loss_xy_dn_1_unscaled: 0.0156 (0.0295)  loss_hw_dn_1_unscaled: 0.0400 (0.0613)  cardinality_error_dn_1_unscaled: 169.0000 (169.5453)  loss_ce_2_unscaled: 0.3602 (0.4477)  loss_bbox_2_unscaled: 0.0855 (0.3077)  loss_giou_2_unscaled: 0.3680 (0.7819)  loss_xy_2_unscaled: 0.0281 (0.0838)  loss_hw_2_unscaled: 0.0596 (0.2239)  cardinality_error_2_unscaled: 281.0000 (278.7288)  loss_ce_dn_2_unscaled: 0.0653 (0.1942)  loss_bbox_dn_2_unscaled: 0.0513 (0.0897)  loss_giou_dn_2_unscaled: 0.2182 (0.2951)  loss_xy_dn_2_unscaled: 0.0140 (0.0286)  loss_hw_dn_2_unscaled: 0.0366 (0.0611)  cardinality_error_dn_2_unscaled: 169.0000 (171.1194)  loss_ce_3_unscaled: 0.3689 (0.4563)  loss_bbox_3_unscaled: 0.0853 (0.3019)  loss_giou_3_unscaled: 0.3583 (0.7704)  loss_xy_3_unscaled: 0.0287 (0.0825)  loss_hw_3_unscaled: 0.0574 (0.2193)  cardinality_error_3_unscaled: 286.6667 (279.2883)  loss_ce_dn_3_unscaled: 0.0741 (0.1998)  loss_bbox_dn_3_unscaled: 0.0485 (0.0903)  loss_giou_dn_3_unscaled: 0.2135 (0.2966)  loss_xy_dn_3_unscaled: 0.0130 (0.0282)  loss_hw_dn_3_unscaled: 0.0346 (0.0620)  cardinality_error_dn_3_unscaled: 176.3333 (170.1473)  loss_ce_4_unscaled: 0.3637 (0.4649)  loss_bbox_4_unscaled: 0.0816 (0.2981)  loss_giou_4_unscaled: 0.3595 (0.7637)  loss_xy_4_unscaled: 0.0272 (0.0816)  loss_hw_4_unscaled: 0.0548 (0.2165)  cardinality_error_4_unscaled: 287.3333 (280.4944)  loss_ce_dn_4_unscaled: 0.0806 (0.2100)  loss_bbox_dn_4_unscaled: 0.0468 (0.0917)  loss_giou_dn_4_unscaled: 0.2129 (0.2996)  loss_xy_dn_4_unscaled: 0.0131 (0.0282)  loss_hw_dn_4_unscaled: 0.0337 (0.0635)  cardinality_error_dn_4_unscaled: 176.3333 (170.1767)  loss_ce_interm_unscaled: 0.4420 (0.5341)  loss_bbox_interm_unscaled: 0.1470 (0.3323)  loss_giou_interm_unscaled: 0.5456 (0.8400)  loss_xy_interm_unscaled: 0.0399 (0.0835)  loss_hw_interm_unscaled: 0.1006 (0.2488)  cardinality_error_interm_unscaled: 283.3333 (281.8140)  time: 0.3222  data: 0.0002  max mem: 24379
Epoch: [0]  [   690/111901]  eta: 10:16:26  lr: 0.000069  class_error: 14.29  loss: 19.0429 (32.6926)  loss_ce_dn: 0.1014 (0.2226)  loss_bbox_dn: 0.2192 (0.4649)  loss_giou_dn: 0.4701 (0.6047)  loss_ce: 0.4047 (0.4681)  loss_bbox: 0.4787 (1.4648)  loss_giou: 0.8222 (1.5086)  loss_ce_0: 0.3777 (0.4564)  loss_bbox_0: 0.6688 (1.6276)  loss_giou_0: 1.0306 (1.6354)  loss_ce_dn_0: 0.0986 (0.2518)  loss_bbox_dn_0: 0.3492 (0.4752)  loss_giou_dn_0: 0.4977 (0.6087)  loss_ce_1: 0.3791 (0.4463)  loss_bbox_1: 0.6077 (1.5676)  loss_giou_1: 0.9588 (1.5889)  loss_ce_dn_1: 0.0794 (0.2039)  loss_bbox_dn_1: 0.2849 (0.4508)  loss_giou_dn_1: 0.4618 (0.5920)  loss_ce_2: 0.3826 (0.4468)  loss_bbox_2: 0.5271 (1.5253)  loss_giou_2: 0.8564 (1.5556)  loss_ce_dn_2: 0.0812 (0.1926)  loss_bbox_dn_2: 0.2444 (0.4453)  loss_giou_dn_2: 0.4514 (0.5885)  loss_ce_3: 0.3933 (0.4554)  loss_bbox_3: 0.4993 (1.4961)  loss_giou_3: 0.8343 (1.5328)  loss_ce_dn_3: 0.0877 (0.1981)  loss_bbox_dn_3: 0.2256 (0.4478)  loss_giou_dn_3: 0.4570 (0.5914)  loss_ce_4: 0.3930 (0.4638)  loss_bbox_4: 0.4888 (1.4775)  loss_giou_4: 0.8148 (1.5195)  loss_ce_dn_4: 0.0882 (0.2082)  loss_bbox_dn_4: 0.2228 (0.4551)  loss_giou_dn_4: 0.4506 (0.5974)  loss_ce_interm: 0.4480 (0.5330)  loss_bbox_interm: 0.8325 (1.6501)  loss_giou_interm: 1.1560 (1.6737)  loss_ce_dn_unscaled: 0.1014 (0.2226)  loss_bbox_dn_unscaled: 0.0438 (0.0930)  loss_giou_dn_unscaled: 0.2351 (0.3023)  loss_xy_dn_unscaled: 0.0129 (0.0281)  loss_hw_dn_unscaled: 0.0332 (0.0649)  cardinality_error_dn_unscaled: 172.6667 (169.7656)  loss_ce_unscaled: 0.4047 (0.4681)  class_error_unscaled: 10.8108 (20.8254)  loss_bbox_unscaled: 0.0957 (0.2930)  loss_giou_unscaled: 0.4111 (0.7543)  loss_xy_unscaled: 0.0298 (0.0803)  loss_hw_unscaled: 0.0636 (0.2126)  cardinality_error_unscaled: 287.3333 (279.1852)  loss_ce_0_unscaled: 0.3777 (0.4564)  loss_bbox_0_unscaled: 0.1338 (0.3255)  loss_giou_0_unscaled: 0.5153 (0.8177)  loss_xy_0_unscaled: 0.0394 (0.0888)  loss_hw_0_unscaled: 0.0959 (0.2367)  cardinality_error_0_unscaled: 278.3333 (279.4588)  loss_ce_dn_0_unscaled: 0.0986 (0.2518)  loss_bbox_dn_0_unscaled: 0.0698 (0.0950)  loss_giou_dn_0_unscaled: 0.2489 (0.3043)  loss_xy_dn_0_unscaled: 0.0208 (0.0317)  loss_hw_dn_0_unscaled: 0.0471 (0.0633)  cardinality_error_dn_0_unscaled: 173.0000 (172.4457)  loss_ce_1_unscaled: 0.3791 (0.4463)  loss_bbox_1_unscaled: 0.1215 (0.3135)  loss_giou_1_unscaled: 0.4794 (0.7945)  loss_xy_1_unscaled: 0.0321 (0.0848)  loss_hw_1_unscaled: 0.0840 (0.2287)  cardinality_error_1_unscaled: 286.0000 (276.2634)  loss_ce_dn_1_unscaled: 0.0794 (0.2039)  loss_bbox_dn_1_unscaled: 0.0570 (0.0902)  loss_giou_dn_1_unscaled: 0.2309 (0.2960)  loss_xy_dn_1_unscaled: 0.0153 (0.0293)  loss_hw_dn_1_unscaled: 0.0389 (0.0609)  cardinality_error_dn_1_unscaled: 172.6667 (169.5335)  loss_ce_2_unscaled: 0.3826 (0.4468)  loss_bbox_2_unscaled: 0.1054 (0.3051)  loss_giou_2_unscaled: 0.4282 (0.7778)  loss_xy_2_unscaled: 0.0303 (0.0831)  loss_hw_2_unscaled: 0.0735 (0.2219)  cardinality_error_2_unscaled: 286.6667 (278.7294)  loss_ce_dn_2_unscaled: 0.0812 (0.1926)  loss_bbox_dn_2_unscaled: 0.0489 (0.0891)  loss_giou_dn_2_unscaled: 0.2257 (0.2943)  loss_xy_dn_2_unscaled: 0.0130 (0.0284)  loss_hw_dn_2_unscaled: 0.0360 (0.0607)  cardinality_error_dn_2_unscaled: 172.3333 (171.0463)  loss_ce_3_unscaled: 0.3933 (0.4554)  loss_bbox_3_unscaled: 0.0999 (0.2992)  loss_giou_3_unscaled: 0.4172 (0.7664)  loss_xy_3_unscaled: 0.0301 (0.0819)  loss_hw_3_unscaled: 0.0666 (0.2173)  cardinality_error_3_unscaled: 288.3333 (279.3087)  loss_ce_dn_3_unscaled: 0.0877 (0.1981)  loss_bbox_dn_3_unscaled: 0.0451 (0.0896)  loss_giou_dn_3_unscaled: 0.2285 (0.2957)  loss_xy_dn_3_unscaled: 0.0126 (0.0280)  loss_hw_dn_3_unscaled: 0.0346 (0.0616)  cardinality_error_dn_3_unscaled: 172.0000 (170.1327)  loss_ce_4_unscaled: 0.3930 (0.4638)  loss_bbox_4_unscaled: 0.0978 (0.2955)  loss_giou_4_unscaled: 0.4074 (0.7598)  loss_xy_4_unscaled: 0.0312 (0.0810)  loss_hw_4_unscaled: 0.0652 (0.2145)  cardinality_error_4_unscaled: 288.0000 (280.4694)  loss_ce_dn_4_unscaled: 0.0882 (0.2082)  loss_bbox_dn_4_unscaled: 0.0446 (0.0910)  loss_giou_dn_4_unscaled: 0.2253 (0.2987)  loss_xy_dn_4_unscaled: 0.0126 (0.0280)  loss_hw_dn_4_unscaled: 0.0337 (0.0630)  cardinality_error_dn_4_unscaled: 170.0000 (170.1100)  loss_ce_interm_unscaled: 0.4480 (0.5330)  loss_bbox_interm_unscaled: 0.1665 (0.3300)  loss_giou_interm_unscaled: 0.5780 (0.8368)  loss_xy_interm_unscaled: 0.0475 (0.0832)  loss_hw_interm_unscaled: 0.1152 (0.2469)  cardinality_error_interm_unscaled: 285.6667 (281.7964)  time: 0.3232  data: 0.0003  max mem: 24379
Epoch: [0]  [   700/111901]  eta: 10:16:05  lr: 0.000070  class_error: 18.18  loss: 16.4299 (32.4387)  loss_ce_dn: 0.0846 (0.2206)  loss_bbox_dn: 0.2044 (0.4612)  loss_giou_dn: 0.4178 (0.6019)  loss_ce: 0.3603 (0.4664)  loss_bbox: 0.3742 (1.4483)  loss_giou: 0.7939 (1.4961)  loss_ce_0: 0.3698 (0.4552)  loss_bbox_0: 0.5545 (1.6114)  loss_giou_0: 0.9626 (1.6243)  loss_ce_dn_0: 0.0884 (0.2494)  loss_bbox_dn_0: 0.3116 (0.4730)  loss_giou_dn_0: 0.4874 (0.6068)  loss_ce_1: 0.3712 (0.4452)  loss_bbox_1: 0.4811 (1.5510)  loss_giou_1: 0.8720 (1.5768)  loss_ce_dn_1: 0.0774 (0.2019)  loss_bbox_dn_1: 0.2293 (0.4479)  loss_giou_dn_1: 0.4345 (0.5896)  loss_ce_2: 0.3672 (0.4454)  loss_bbox_2: 0.4288 (1.5085)  loss_giou_2: 0.8291 (1.5429)  loss_ce_dn_2: 0.0760 (0.1908)  loss_bbox_dn_2: 0.2160 (0.4420)  loss_giou_dn_2: 0.4137 (0.5859)  loss_ce_3: 0.3801 (0.4539)  loss_bbox_3: 0.4033 (1.4793)  loss_giou_3: 0.8035 (1.5201)  loss_ce_dn_3: 0.0732 (0.1963)  loss_bbox_dn_3: 0.1998 (0.4443)  loss_giou_dn_3: 0.4089 (0.5886)  loss_ce_4: 0.3686 (0.4622)  loss_bbox_4: 0.3944 (1.4608)  loss_giou_4: 0.8083 (1.5069)  loss_ce_dn_4: 0.0775 (0.2063)  loss_bbox_dn_4: 0.2027 (0.4515)  loss_giou_dn_4: 0.4137 (0.5946)  loss_ce_interm: 0.4398 (0.5316)  loss_bbox_interm: 0.7300 (1.6360)  loss_giou_interm: 1.0921 (1.6640)  loss_ce_dn_unscaled: 0.0846 (0.2206)  loss_bbox_dn_unscaled: 0.0409 (0.0922)  loss_giou_dn_unscaled: 0.2089 (0.3009)  loss_xy_dn_unscaled: 0.0128 (0.0279)  loss_hw_dn_unscaled: 0.0280 (0.0644)  cardinality_error_dn_unscaled: 177.0000 (169.6205)  loss_ce_unscaled: 0.3603 (0.4664)  class_error_unscaled: 10.0000 (20.6351)  loss_bbox_unscaled: 0.0748 (0.2897)  loss_giou_unscaled: 0.3970 (0.7480)  loss_xy_unscaled: 0.0252 (0.0795)  loss_hw_unscaled: 0.0492 (0.2102)  cardinality_error_unscaled: 285.6667 (278.9910)  loss_ce_0_unscaled: 0.3698 (0.4552)  loss_bbox_0_unscaled: 0.1109 (0.3223)  loss_giou_0_unscaled: 0.4813 (0.8121)  loss_xy_0_unscaled: 0.0293 (0.0879)  loss_hw_0_unscaled: 0.0786 (0.2343)  cardinality_error_0_unscaled: 273.6667 (279.2368)  loss_ce_dn_0_unscaled: 0.0884 (0.2494)  loss_bbox_dn_0_unscaled: 0.0623 (0.0946)  loss_giou_dn_0_unscaled: 0.2437 (0.3034)  loss_xy_dn_0_unscaled: 0.0193 (0.0316)  loss_hw_dn_0_unscaled: 0.0421 (0.0630)  cardinality_error_dn_0_unscaled: 178.3333 (172.2007)  loss_ce_1_unscaled: 0.3712 (0.4452)  loss_bbox_1_unscaled: 0.0962 (0.3102)  loss_giou_1_unscaled: 0.4360 (0.7884)  loss_xy_1_unscaled: 0.0260 (0.0840)  loss_hw_1_unscaled: 0.0670 (0.2262)  cardinality_error_1_unscaled: 280.3333 (276.1108)  loss_ce_dn_1_unscaled: 0.0774 (0.2019)  loss_bbox_dn_1_unscaled: 0.0459 (0.0896)  loss_giou_dn_1_unscaled: 0.2172 (0.2948)  loss_xy_dn_1_unscaled: 0.0139 (0.0291)  loss_hw_dn_1_unscaled: 0.0324 (0.0605)  cardinality_error_dn_1_unscaled: 177.6667 (169.3329)  loss_ce_2_unscaled: 0.3672 (0.4454)  loss_bbox_2_unscaled: 0.0858 (0.3017)  loss_giou_2_unscaled: 0.4145 (0.7715)  loss_xy_2_unscaled: 0.0254 (0.0823)  loss_hw_2_unscaled: 0.0568 (0.2194)  cardinality_error_2_unscaled: 286.3333 (278.5996)  loss_ce_dn_2_unscaled: 0.0760 (0.1908)  loss_bbox_dn_2_unscaled: 0.0432 (0.0884)  loss_giou_dn_2_unscaled: 0.2068 (0.2929)  loss_xy_dn_2_unscaled: 0.0128 (0.0282)  loss_hw_dn_2_unscaled: 0.0306 (0.0602)  cardinality_error_dn_2_unscaled: 177.0000 (170.8302)  loss_ce_3_unscaled: 0.3801 (0.4539)  loss_bbox_3_unscaled: 0.0807 (0.2959)  loss_giou_3_unscaled: 0.4017 (0.7601)  loss_xy_3_unscaled: 0.0261 (0.0810)  loss_hw_3_unscaled: 0.0499 (0.2148)  cardinality_error_3_unscaled: 286.6667 (279.2130)  loss_ce_dn_3_unscaled: 0.0732 (0.1963)  loss_bbox_dn_3_unscaled: 0.0400 (0.0889)  loss_giou_dn_3_unscaled: 0.2045 (0.2943)  loss_xy_dn_3_unscaled: 0.0125 (0.0278)  loss_hw_dn_3_unscaled: 0.0274 (0.0611)  cardinality_error_dn_3_unscaled: 178.3333 (170.0185)  loss_ce_4_unscaled: 0.3686 (0.4622)  loss_bbox_4_unscaled: 0.0789 (0.2922)  loss_giou_4_unscaled: 0.4041 (0.7535)  loss_xy_4_unscaled: 0.0270 (0.0801)  loss_hw_4_unscaled: 0.0483 (0.2120)  cardinality_error_4_unscaled: 285.6667 (280.2768)  loss_ce_dn_4_unscaled: 0.0775 (0.2063)  loss_bbox_dn_4_unscaled: 0.0405 (0.0903)  loss_giou_dn_4_unscaled: 0.2068 (0.2973)  loss_xy_dn_4_unscaled: 0.0125 (0.0278)  loss_hw_dn_4_unscaled: 0.0280 (0.0625)  cardinality_error_dn_4_unscaled: 177.0000 (169.9605)  loss_ce_interm_unscaled: 0.4398 (0.5316)  loss_bbox_interm_unscaled: 0.1460 (0.3272)  loss_giou_interm_unscaled: 0.5460 (0.8320)  loss_xy_interm_unscaled: 0.0392 (0.0825)  loss_hw_interm_unscaled: 0.1003 (0.2447)  cardinality_error_interm_unscaled: 285.3333 (281.4655)  time: 0.3207  data: 0.0002  max mem: 24379
Epoch: [0]  [   710/111901]  eta: 10:15:03  lr: 0.000071  class_error: 11.11  loss: 15.9083 (32.2292)  loss_ce_dn: 0.0846 (0.2188)  loss_bbox_dn: 0.2010 (0.4579)  loss_giou_dn: 0.4110 (0.5995)  loss_ce: 0.3533 (0.4651)  loss_bbox: 0.3742 (1.4343)  loss_giou: 0.7213 (1.4867)  loss_ce_0: 0.3728 (0.4543)  loss_bbox_0: 0.5129 (1.5974)  loss_giou_0: 0.9055 (1.6154)  loss_ce_dn_0: 0.0884 (0.2473)  loss_bbox_dn_0: 0.3176 (0.4710)  loss_giou_dn_0: 0.4831 (0.6052)  loss_ce_1: 0.3712 (0.4442)  loss_bbox_1: 0.4552 (1.5366)  loss_giou_1: 0.8010 (1.5675)  loss_ce_dn_1: 0.0728 (0.2002)  loss_bbox_dn_1: 0.2378 (0.4451)  loss_giou_dn_1: 0.4253 (0.5876)  loss_ce_2: 0.3567 (0.4446)  loss_bbox_2: 0.3998 (1.4940)  loss_giou_2: 0.7697 (1.5333)  loss_ce_dn_2: 0.0751 (0.1892)  loss_bbox_dn_2: 0.2218 (0.4390)  loss_giou_dn_2: 0.4054 (0.5836)  loss_ce_3: 0.3543 (0.4527)  loss_bbox_3: 0.3846 (1.4650)  loss_giou_3: 0.7356 (1.5106)  loss_ce_dn_3: 0.0752 (0.1947)  loss_bbox_dn_3: 0.1978 (0.4411)  loss_giou_dn_3: 0.4004 (0.5863)  loss_ce_4: 0.3471 (0.4608)  loss_bbox_4: 0.3806 (1.4467)  loss_giou_4: 0.7427 (1.4975)  loss_ce_dn_4: 0.0776 (0.2046)  loss_bbox_dn_4: 0.1944 (0.4482)  loss_giou_dn_4: 0.3957 (0.5923)  loss_ce_interm: 0.4398 (0.5305)  loss_bbox_interm: 0.6749 (1.6235)  loss_giou_interm: 1.0551 (1.6566)  loss_ce_dn_unscaled: 0.0846 (0.2188)  loss_bbox_dn_unscaled: 0.0402 (0.0916)  loss_giou_dn_unscaled: 0.2055 (0.2998)  loss_xy_dn_unscaled: 0.0135 (0.0277)  loss_hw_dn_unscaled: 0.0288 (0.0639)  cardinality_error_dn_unscaled: 173.0000 (169.5668)  loss_ce_unscaled: 0.3533 (0.4651)  class_error_unscaled: 6.0606 (20.5035)  loss_bbox_unscaled: 0.0748 (0.2869)  loss_giou_unscaled: 0.3606 (0.7434)  loss_xy_unscaled: 0.0241 (0.0788)  loss_hw_unscaled: 0.0461 (0.2081)  cardinality_error_unscaled: 285.6667 (279.0216)  loss_ce_0_unscaled: 0.3728 (0.4543)  loss_bbox_0_unscaled: 0.1026 (0.3195)  loss_giou_0_unscaled: 0.4527 (0.8077)  loss_xy_0_unscaled: 0.0306 (0.0872)  loss_hw_0_unscaled: 0.0727 (0.2323)  cardinality_error_0_unscaled: 283.0000 (279.2358)  loss_ce_dn_0_unscaled: 0.0884 (0.2473)  loss_bbox_dn_0_unscaled: 0.0635 (0.0942)  loss_giou_dn_0_unscaled: 0.2415 (0.3026)  loss_xy_dn_0_unscaled: 0.0187 (0.0314)  loss_hw_dn_0_unscaled: 0.0432 (0.0628)  cardinality_error_dn_0_unscaled: 172.3333 (172.1383)  loss_ce_1_unscaled: 0.3712 (0.4442)  loss_bbox_1_unscaled: 0.0910 (0.3073)  loss_giou_1_unscaled: 0.4005 (0.7837)  loss_xy_1_unscaled: 0.0260 (0.0832)  loss_hw_1_unscaled: 0.0608 (0.2241)  cardinality_error_1_unscaled: 285.0000 (276.1800)  loss_ce_dn_1_unscaled: 0.0728 (0.2002)  loss_bbox_dn_1_unscaled: 0.0476 (0.0890)  loss_giou_dn_1_unscaled: 0.2126 (0.2938)  loss_xy_dn_1_unscaled: 0.0139 (0.0288)  loss_hw_dn_1_unscaled: 0.0339 (0.0602)  cardinality_error_dn_1_unscaled: 171.6667 (169.2649)  loss_ce_2_unscaled: 0.3567 (0.4446)  loss_bbox_2_unscaled: 0.0800 (0.2988)  loss_giou_2_unscaled: 0.3849 (0.7667)  loss_xy_2_unscaled: 0.0238 (0.0816)  loss_hw_2_unscaled: 0.0538 (0.2173)  cardinality_error_2_unscaled: 286.6667 (278.6475)  loss_ce_dn_2_unscaled: 0.0751 (0.1892)  loss_bbox_dn_2_unscaled: 0.0444 (0.0878)  loss_giou_dn_2_unscaled: 0.2027 (0.2918)  loss_xy_dn_2_unscaled: 0.0128 (0.0279)  loss_hw_dn_2_unscaled: 0.0309 (0.0599)  cardinality_error_dn_2_unscaled: 171.0000 (170.7482)  loss_ce_3_unscaled: 0.3543 (0.4527)  loss_bbox_3_unscaled: 0.0769 (0.2930)  loss_giou_3_unscaled: 0.3678 (0.7553)  loss_xy_3_unscaled: 0.0247 (0.0803)  loss_hw_3_unscaled: 0.0473 (0.2127)  cardinality_error_3_unscaled: 287.0000 (279.2583)  loss_ce_dn_3_unscaled: 0.0752 (0.1947)  loss_bbox_dn_3_unscaled: 0.0396 (0.0882)  loss_giou_dn_3_unscaled: 0.2002 (0.2931)  loss_xy_dn_3_unscaled: 0.0130 (0.0276)  loss_hw_dn_3_unscaled: 0.0282 (0.0607)  cardinality_error_dn_3_unscaled: 173.3333 (169.9902)  loss_ce_4_unscaled: 0.3471 (0.4608)  loss_bbox_4_unscaled: 0.0761 (0.2893)  loss_giou_4_unscaled: 0.3713 (0.7487)  loss_xy_4_unscaled: 0.0246 (0.0795)  loss_hw_4_unscaled: 0.0477 (0.2099)  cardinality_error_4_unscaled: 287.0000 (280.3057)  loss_ce_dn_4_unscaled: 0.0776 (0.2046)  loss_bbox_dn_4_unscaled: 0.0389 (0.0896)  loss_giou_dn_4_unscaled: 0.1979 (0.2961)  loss_xy_dn_4_unscaled: 0.0126 (0.0276)  loss_hw_dn_4_unscaled: 0.0283 (0.0621)  cardinality_error_dn_4_unscaled: 173.3333 (169.9072)  loss_ce_interm_unscaled: 0.4398 (0.5305)  loss_bbox_interm_unscaled: 0.1350 (0.3247)  loss_giou_interm_unscaled: 0.5276 (0.8283)  loss_xy_interm_unscaled: 0.0380 (0.0819)  loss_hw_interm_unscaled: 0.0962 (0.2428)  cardinality_error_interm_unscaled: 286.6667 (281.4862)  time: 0.3083  data: 0.0002  max mem: 24379
Epoch: [0]  [   720/111901]  eta: 10:15:02  lr: 0.000072  class_error: 6.06  loss: 15.6125 (31.9812)  loss_ce_dn: 0.0760 (0.2168)  loss_bbox_dn: 0.1931 (0.4541)  loss_giou_dn: 0.3932 (0.5963)  loss_ce: 0.3527 (0.4635)  loss_bbox: 0.3808 (1.4186)  loss_giou: 0.7213 (1.4749)  loss_ce_0: 0.3607 (0.4529)  loss_bbox_0: 0.5133 (1.5817)  loss_giou_0: 0.8862 (1.6042)  loss_ce_dn_0: 0.0901 (0.2451)  loss_bbox_dn_0: 0.3188 (0.4686)  loss_giou_dn_0: 0.4769 (0.6032)  loss_ce_1: 0.3536 (0.4430)  loss_bbox_1: 0.4616 (1.5206)  loss_giou_1: 0.8183 (1.5556)  loss_ce_dn_1: 0.0680 (0.1983)  loss_bbox_dn_1: 0.2320 (0.4421)  loss_giou_dn_1: 0.4242 (0.5850)  loss_ce_2: 0.3567 (0.4432)  loss_bbox_2: 0.4003 (1.4780)  loss_giou_2: 0.7697 (1.5213)  loss_ce_dn_2: 0.0714 (0.1874)  loss_bbox_dn_2: 0.2128 (0.4357)  loss_giou_dn_2: 0.3960 (0.5808)  loss_ce_3: 0.3494 (0.4513)  loss_bbox_3: 0.3948 (1.4490)  loss_giou_3: 0.7411 (1.4987)  loss_ce_dn_3: 0.0752 (0.1929)  loss_bbox_dn_3: 0.1978 (0.4376)  loss_giou_dn_3: 0.3885 (0.5832)  loss_ce_4: 0.3484 (0.4592)  loss_bbox_4: 0.3932 (1.4309)  loss_giou_4: 0.7427 (1.4857)  loss_ce_dn_4: 0.0776 (0.2027)  loss_bbox_dn_4: 0.1921 (0.4446)  loss_giou_dn_4: 0.3832 (0.5891)  loss_ce_interm: 0.4392 (0.5293)  loss_bbox_interm: 0.6726 (1.6093)  loss_giou_interm: 1.0329 (1.6467)  loss_ce_dn_unscaled: 0.0760 (0.2168)  loss_bbox_dn_unscaled: 0.0386 (0.0908)  loss_giou_dn_unscaled: 0.1966 (0.2982)  loss_xy_dn_unscaled: 0.0121 (0.0275)  loss_hw_dn_unscaled: 0.0272 (0.0634)  cardinality_error_dn_unscaled: 168.6667 (169.5220)  loss_ce_unscaled: 0.3527 (0.4635)  class_error_unscaled: 6.1225 (20.3062)  loss_bbox_unscaled: 0.0762 (0.2837)  loss_giou_unscaled: 0.3606 (0.7374)  loss_xy_unscaled: 0.0241 (0.0780)  loss_hw_unscaled: 0.0440 (0.2057)  cardinality_error_unscaled: 284.6667 (279.0227)  loss_ce_0_unscaled: 0.3607 (0.4529)  loss_bbox_0_unscaled: 0.1027 (0.3163)  loss_giou_0_unscaled: 0.4431 (0.8021)  loss_xy_0_unscaled: 0.0306 (0.0865)  loss_hw_0_unscaled: 0.0699 (0.2299)  cardinality_error_0_unscaled: 281.3333 (279.2344)  loss_ce_dn_0_unscaled: 0.0901 (0.2451)  loss_bbox_dn_0_unscaled: 0.0638 (0.0937)  loss_giou_dn_0_unscaled: 0.2384 (0.3016)  loss_xy_dn_0_unscaled: 0.0184 (0.0312)  loss_hw_dn_0_unscaled: 0.0459 (0.0625)  cardinality_error_dn_0_unscaled: 171.3333 (172.0282)  loss_ce_1_unscaled: 0.3536 (0.4430)  loss_bbox_1_unscaled: 0.0923 (0.3041)  loss_giou_1_unscaled: 0.4091 (0.7778)  loss_xy_1_unscaled: 0.0272 (0.0825)  loss_hw_1_unscaled: 0.0590 (0.2216)  cardinality_error_1_unscaled: 285.0000 (276.2196)  loss_ce_dn_1_unscaled: 0.0680 (0.1983)  loss_bbox_dn_1_unscaled: 0.0464 (0.0884)  loss_giou_dn_1_unscaled: 0.2121 (0.2925)  loss_xy_dn_1_unscaled: 0.0137 (0.0286)  loss_hw_dn_1_unscaled: 0.0341 (0.0598)  cardinality_error_dn_1_unscaled: 170.3333 (169.2330)  loss_ce_2_unscaled: 0.3567 (0.4432)  loss_bbox_2_unscaled: 0.0801 (0.2956)  loss_giou_2_unscaled: 0.3849 (0.7606)  loss_xy_2_unscaled: 0.0238 (0.0808)  loss_hw_2_unscaled: 0.0507 (0.2148)  cardinality_error_2_unscaled: 285.6667 (278.6695)  loss_ce_dn_2_unscaled: 0.0714 (0.1874)  loss_bbox_dn_2_unscaled: 0.0426 (0.0871)  loss_giou_dn_2_unscaled: 0.1980 (0.2904)  loss_xy_dn_2_unscaled: 0.0122 (0.0277)  loss_hw_dn_2_unscaled: 0.0309 (0.0594)  cardinality_error_dn_2_unscaled: 170.6667 (170.7221)  loss_ce_3_unscaled: 0.3494 (0.4513)  loss_bbox_3_unscaled: 0.0790 (0.2898)  loss_giou_3_unscaled: 0.3705 (0.7493)  loss_xy_3_unscaled: 0.0239 (0.0796)  loss_hw_3_unscaled: 0.0472 (0.2102)  cardinality_error_3_unscaled: 286.6667 (279.2830)  loss_ce_dn_3_unscaled: 0.0752 (0.1929)  loss_bbox_dn_3_unscaled: 0.0396 (0.0875)  loss_giou_dn_3_unscaled: 0.1943 (0.2916)  loss_xy_dn_3_unscaled: 0.0122 (0.0273)  loss_hw_dn_3_unscaled: 0.0276 (0.0602)  cardinality_error_dn_3_unscaled: 172.6667 (169.9977)  loss_ce_4_unscaled: 0.3484 (0.4592)  loss_bbox_4_unscaled: 0.0786 (0.2862)  loss_giou_4_unscaled: 0.3713 (0.7429)  loss_xy_4_unscaled: 0.0246 (0.0787)  loss_hw_4_unscaled: 0.0436 (0.2075)  cardinality_error_4_unscaled: 286.0000 (280.3088)  loss_ce_dn_4_unscaled: 0.0776 (0.2027)  loss_bbox_dn_4_unscaled: 0.0384 (0.0889)  loss_giou_dn_4_unscaled: 0.1916 (0.2946)  loss_xy_dn_4_unscaled: 0.0118 (0.0273)  loss_hw_dn_4_unscaled: 0.0273 (0.0616)  cardinality_error_dn_4_unscaled: 170.0000 (169.8900)  loss_ce_interm_unscaled: 0.4392 (0.5293)  loss_bbox_interm_unscaled: 0.1345 (0.3219)  loss_giou_interm_unscaled: 0.5164 (0.8234)  loss_xy_interm_unscaled: 0.0383 (0.0813)  loss_hw_interm_unscaled: 0.0887 (0.2405)  cardinality_error_interm_unscaled: 286.6667 (281.4415)  time: 0.3140  data: 0.0002  max mem: 24379
Epoch: [0]  [   730/111901]  eta: 10:14:48  lr: 0.000073  class_error: 8.82  loss: 14.6625 (31.7471)  loss_ce_dn: 0.0706 (0.2148)  loss_bbox_dn: 0.1816 (0.4504)  loss_giou_dn: 0.3802 (0.5939)  loss_ce: 0.3471 (0.4618)  loss_bbox: 0.2702 (1.4034)  loss_giou: 0.6059 (1.4638)  loss_ce_0: 0.3540 (0.4516)  loss_bbox_0: 0.4718 (1.5663)  loss_giou_0: 0.8356 (1.5939)  loss_ce_dn_0: 0.0846 (0.2429)  loss_bbox_dn_0: 0.2789 (0.4663)  loss_giou_dn_0: 0.4670 (0.6015)  loss_ce_1: 0.3510 (0.4418)  loss_bbox_1: 0.3558 (1.5050)  loss_giou_1: 0.7392 (1.5448)  loss_ce_dn_1: 0.0642 (0.1965)  loss_bbox_dn_1: 0.2130 (0.4390)  loss_giou_dn_1: 0.4141 (0.5829)  loss_ce_2: 0.3440 (0.4418)  loss_bbox_2: 0.3261 (1.4625)  loss_giou_2: 0.6933 (1.5102)  loss_ce_dn_2: 0.0630 (0.1858)  loss_bbox_dn_2: 0.1909 (0.4325)  loss_giou_dn_2: 0.3911 (0.5785)  loss_ce_3: 0.3439 (0.4497)  loss_bbox_3: 0.2967 (1.4338)  loss_giou_3: 0.6345 (1.4875)  loss_ce_dn_3: 0.0637 (0.1912)  loss_bbox_dn_3: 0.1810 (0.4342)  loss_giou_dn_3: 0.3811 (0.5809)  loss_ce_4: 0.3477 (0.4576)  loss_bbox_4: 0.2797 (1.4156)  loss_giou_4: 0.6254 (1.4745)  loss_ce_dn_4: 0.0676 (0.2009)  loss_bbox_dn_4: 0.1827 (0.4411)  loss_giou_dn_4: 0.3764 (0.5866)  loss_ce_interm: 0.4370 (0.5281)  loss_bbox_interm: 0.6026 (1.5956)  loss_giou_interm: 0.9585 (1.6377)  loss_ce_dn_unscaled: 0.0706 (0.2148)  loss_bbox_dn_unscaled: 0.0363 (0.0901)  loss_giou_dn_unscaled: 0.1901 (0.2970)  loss_xy_dn_unscaled: 0.0111 (0.0272)  loss_hw_dn_unscaled: 0.0249 (0.0628)  cardinality_error_dn_unscaled: 173.6667 (169.6065)  loss_ce_unscaled: 0.3471 (0.4618)  class_error_unscaled: 6.2500 (20.1453)  loss_bbox_unscaled: 0.0540 (0.2807)  loss_giou_unscaled: 0.3029 (0.7319)  loss_xy_unscaled: 0.0192 (0.0772)  loss_hw_unscaled: 0.0377 (0.2034)  cardinality_error_unscaled: 283.3333 (278.9571)  loss_ce_0_unscaled: 0.3540 (0.4516)  loss_bbox_0_unscaled: 0.0944 (0.3133)  loss_giou_0_unscaled: 0.4178 (0.7970)  loss_xy_0_unscaled: 0.0258 (0.0857)  loss_hw_0_unscaled: 0.0596 (0.2276)  cardinality_error_0_unscaled: 279.3333 (278.9517)  loss_ce_dn_0_unscaled: 0.0846 (0.2429)  loss_bbox_dn_0_unscaled: 0.0558 (0.0933)  loss_giou_dn_0_unscaled: 0.2335 (0.3008)  loss_xy_dn_0_unscaled: 0.0175 (0.0310)  loss_hw_dn_0_unscaled: 0.0405 (0.0622)  cardinality_error_dn_0_unscaled: 172.0000 (171.8997)  loss_ce_1_unscaled: 0.3510 (0.4418)  loss_bbox_1_unscaled: 0.0712 (0.3010)  loss_giou_1_unscaled: 0.3696 (0.7724)  loss_xy_1_unscaled: 0.0199 (0.0817)  loss_hw_1_unscaled: 0.0480 (0.2193)  cardinality_error_1_unscaled: 279.6667 (276.0711)  loss_ce_dn_1_unscaled: 0.0642 (0.1965)  loss_bbox_dn_1_unscaled: 0.0426 (0.0878)  loss_giou_dn_1_unscaled: 0.2070 (0.2914)  loss_xy_dn_1_unscaled: 0.0123 (0.0284)  loss_hw_dn_1_unscaled: 0.0297 (0.0594)  cardinality_error_dn_1_unscaled: 170.3333 (169.1300)  loss_ce_2_unscaled: 0.3440 (0.4418)  loss_bbox_2_unscaled: 0.0652 (0.2925)  loss_giou_2_unscaled: 0.3466 (0.7551)  loss_xy_2_unscaled: 0.0190 (0.0800)  loss_hw_2_unscaled: 0.0432 (0.2125)  cardinality_error_2_unscaled: 283.3333 (278.5682)  loss_ce_dn_2_unscaled: 0.0630 (0.1858)  loss_bbox_dn_2_unscaled: 0.0382 (0.0865)  loss_giou_dn_2_unscaled: 0.1956 (0.2893)  loss_xy_dn_2_unscaled: 0.0115 (0.0275)  loss_hw_dn_2_unscaled: 0.0265 (0.0590)  cardinality_error_dn_2_unscaled: 173.0000 (170.6918)  loss_ce_3_unscaled: 0.3439 (0.4497)  loss_bbox_3_unscaled: 0.0593 (0.2868)  loss_giou_3_unscaled: 0.3172 (0.7437)  loss_xy_3_unscaled: 0.0204 (0.0788)  loss_hw_3_unscaled: 0.0412 (0.2080)  cardinality_error_3_unscaled: 282.6667 (279.2672)  loss_ce_dn_3_unscaled: 0.0637 (0.1912)  loss_bbox_dn_3_unscaled: 0.0362 (0.0868)  loss_giou_dn_3_unscaled: 0.1906 (0.2904)  loss_xy_dn_3_unscaled: 0.0111 (0.0271)  loss_hw_dn_3_unscaled: 0.0252 (0.0597)  cardinality_error_dn_3_unscaled: 174.0000 (170.0825)  loss_ce_4_unscaled: 0.3477 (0.4576)  loss_bbox_4_unscaled: 0.0559 (0.2831)  loss_giou_4_unscaled: 0.3127 (0.7373)  loss_xy_4_unscaled: 0.0199 (0.0779)  loss_hw_4_unscaled: 0.0379 (0.2052)  cardinality_error_4_unscaled: 283.0000 (280.2472)  loss_ce_dn_4_unscaled: 0.0676 (0.2009)  loss_bbox_dn_4_unscaled: 0.0365 (0.0882)  loss_giou_dn_4_unscaled: 0.1882 (0.2933)  loss_xy_dn_4_unscaled: 0.0111 (0.0271)  loss_hw_dn_4_unscaled: 0.0248 (0.0611)  cardinality_error_dn_4_unscaled: 173.0000 (169.9717)  loss_ce_interm_unscaled: 0.4370 (0.5281)  loss_bbox_interm_unscaled: 0.1205 (0.3191)  loss_giou_interm_unscaled: 0.4793 (0.8189)  loss_xy_interm_unscaled: 0.0374 (0.0807)  loss_hw_interm_unscaled: 0.0805 (0.2384)  cardinality_error_interm_unscaled: 278.6667 (281.1965)  time: 0.3293  data: 0.0002  max mem: 24379
Epoch: [0]  [   740/111901]  eta: 10:15:14  lr: 0.000074  class_error: 8.33  loss: 14.9510 (31.5197)  loss_ce_dn: 0.0711 (0.2130)  loss_bbox_dn: 0.1804 (0.4469)  loss_giou_dn: 0.4016 (0.5914)  loss_ce: 0.3524 (0.4604)  loss_bbox: 0.2989 (1.3890)  loss_giou: 0.6624 (1.4531)  loss_ce_0: 0.3555 (0.4505)  loss_bbox_0: 0.4397 (1.5514)  loss_giou_0: 0.8505 (1.5837)  loss_ce_dn_0: 0.0848 (0.2407)  loss_bbox_dn_0: 0.2778 (0.4638)  loss_giou_dn_0: 0.4671 (0.5998)  loss_ce_1: 0.3499 (0.4407)  loss_bbox_1: 0.3558 (1.4900)  loss_giou_1: 0.7636 (1.5341)  loss_ce_dn_1: 0.0672 (0.1948)  loss_bbox_dn_1: 0.2051 (0.4360)  loss_giou_dn_1: 0.4164 (0.5807)  loss_ce_2: 0.3440 (0.4406)  loss_bbox_2: 0.3261 (1.4474)  loss_giou_2: 0.6983 (1.4995)  loss_ce_dn_2: 0.0631 (0.1841)  loss_bbox_dn_2: 0.1905 (0.4293)  loss_giou_dn_2: 0.3949 (0.5762)  loss_ce_3: 0.3474 (0.4483)  loss_bbox_3: 0.3076 (1.4189)  loss_giou_3: 0.6703 (1.4767)  loss_ce_dn_3: 0.0663 (0.1896)  loss_bbox_dn_3: 0.1775 (0.4309)  loss_giou_dn_3: 0.3846 (0.5784)  loss_ce_4: 0.3477 (0.4561)  loss_bbox_4: 0.3004 (1.4010)  loss_giou_4: 0.6605 (1.4638)  loss_ce_dn_4: 0.0673 (0.1992)  loss_bbox_dn_4: 0.1776 (0.4377)  loss_giou_dn_4: 0.3882 (0.5842)  loss_ce_interm: 0.4443 (0.5270)  loss_bbox_interm: 0.6141 (1.5820)  loss_giou_interm: 0.9585 (1.6285)  loss_ce_dn_unscaled: 0.0711 (0.2130)  loss_bbox_dn_unscaled: 0.0361 (0.0894)  loss_giou_dn_unscaled: 0.2008 (0.2957)  loss_xy_dn_unscaled: 0.0111 (0.0270)  loss_hw_dn_unscaled: 0.0249 (0.0623)  cardinality_error_dn_unscaled: 174.3333 (169.4130)  loss_ce_unscaled: 0.3524 (0.4604)  class_error_unscaled: 8.6957 (19.9996)  loss_bbox_unscaled: 0.0598 (0.2778)  loss_giou_unscaled: 0.3312 (0.7266)  loss_xy_unscaled: 0.0207 (0.0765)  loss_hw_unscaled: 0.0397 (0.2013)  cardinality_error_unscaled: 278.6667 (278.8875)  loss_ce_0_unscaled: 0.3555 (0.4505)  loss_bbox_0_unscaled: 0.0879 (0.3103)  loss_giou_0_unscaled: 0.4252 (0.7919)  loss_xy_0_unscaled: 0.0261 (0.0849)  loss_hw_0_unscaled: 0.0642 (0.2254)  cardinality_error_0_unscaled: 273.6667 (278.8403)  loss_ce_dn_0_unscaled: 0.0848 (0.2407)  loss_bbox_dn_0_unscaled: 0.0556 (0.0928)  loss_giou_dn_0_unscaled: 0.2336 (0.2999)  loss_xy_dn_0_unscaled: 0.0176 (0.0308)  loss_hw_dn_0_unscaled: 0.0377 (0.0619)  cardinality_error_dn_0_unscaled: 173.0000 (171.7629)  loss_ce_1_unscaled: 0.3499 (0.4407)  loss_bbox_1_unscaled: 0.0712 (0.2980)  loss_giou_1_unscaled: 0.3818 (0.7671)  loss_xy_1_unscaled: 0.0200 (0.0809)  loss_hw_1_unscaled: 0.0495 (0.2171)  cardinality_error_1_unscaled: 279.0000 (276.0283)  loss_ce_dn_1_unscaled: 0.0672 (0.1948)  loss_bbox_dn_1_unscaled: 0.0410 (0.0872)  loss_giou_dn_1_unscaled: 0.2082 (0.2904)  loss_xy_dn_1_unscaled: 0.0128 (0.0282)  loss_hw_dn_1_unscaled: 0.0283 (0.0590)  cardinality_error_dn_1_unscaled: 171.6667 (169.0104)  loss_ce_2_unscaled: 0.3440 (0.4406)  loss_bbox_2_unscaled: 0.0652 (0.2895)  loss_giou_2_unscaled: 0.3491 (0.7498)  loss_xy_2_unscaled: 0.0218 (0.0792)  loss_hw_2_unscaled: 0.0441 (0.2103)  cardinality_error_2_unscaled: 280.6667 (278.5587)  loss_ce_dn_2_unscaled: 0.0631 (0.1841)  loss_bbox_dn_2_unscaled: 0.0381 (0.0859)  loss_giou_dn_2_unscaled: 0.1974 (0.2881)  loss_xy_dn_2_unscaled: 0.0124 (0.0273)  loss_hw_dn_2_unscaled: 0.0258 (0.0586)  cardinality_error_dn_2_unscaled: 174.6667 (170.6829)  loss_ce_3_unscaled: 0.3474 (0.4483)  loss_bbox_3_unscaled: 0.0615 (0.2838)  loss_giou_3_unscaled: 0.3352 (0.7384)  loss_xy_3_unscaled: 0.0204 (0.0780)  loss_hw_3_unscaled: 0.0413 (0.2058)  cardinality_error_3_unscaled: 282.6667 (279.2776)  loss_ce_dn_3_unscaled: 0.0663 (0.1896)  loss_bbox_dn_3_unscaled: 0.0355 (0.0862)  loss_giou_dn_3_unscaled: 0.1923 (0.2892)  loss_xy_dn_3_unscaled: 0.0113 (0.0269)  loss_hw_dn_3_unscaled: 0.0251 (0.0593)  cardinality_error_dn_3_unscaled: 175.0000 (169.9847)  loss_ce_4_unscaled: 0.3477 (0.4561)  loss_bbox_4_unscaled: 0.0601 (0.2802)  loss_giou_4_unscaled: 0.3303 (0.7319)  loss_xy_4_unscaled: 0.0210 (0.0772)  loss_hw_4_unscaled: 0.0398 (0.2030)  cardinality_error_4_unscaled: 281.0000 (280.1849)  loss_ce_dn_4_unscaled: 0.0673 (0.1992)  loss_bbox_dn_4_unscaled: 0.0355 (0.0875)  loss_giou_dn_4_unscaled: 0.1941 (0.2921)  loss_xy_dn_4_unscaled: 0.0110 (0.0269)  loss_hw_dn_4_unscaled: 0.0248 (0.0606)  cardinality_error_dn_4_unscaled: 173.0000 (169.7742)  loss_ce_interm_unscaled: 0.4443 (0.5270)  loss_bbox_interm_unscaled: 0.1228 (0.3164)  loss_giou_interm_unscaled: 0.4793 (0.8143)  loss_xy_interm_unscaled: 0.0350 (0.0801)  loss_hw_interm_unscaled: 0.0829 (0.2363)  cardinality_error_interm_unscaled: 281.6667 (281.2578)  time: 0.3382  data: 0.0002  max mem: 24379
Epoch: [0]  [   750/111901]  eta: 10:14:38  lr: 0.000075  class_error: 3.03  loss: 14.4167 (31.2908)  loss_ce_dn: 0.0727 (0.2112)  loss_bbox_dn: 0.1776 (0.4432)  loss_giou_dn: 0.4110 (0.5886)  loss_ce: 0.3638 (0.4591)  loss_bbox: 0.3300 (1.3748)  loss_giou: 0.6168 (1.4413)  loss_ce_0: 0.3802 (0.4497)  loss_bbox_0: 0.4397 (1.5375)  loss_giou_0: 0.8016 (1.5731)  loss_ce_dn_0: 0.0852 (0.2388)  loss_bbox_dn_0: 0.2886 (0.4614)  loss_giou_dn_0: 0.4656 (0.5980)  loss_ce_1: 0.3615 (0.4397)  loss_bbox_1: 0.3693 (1.4756)  loss_giou_1: 0.7133 (1.5227)  loss_ce_dn_1: 0.0691 (0.1932)  loss_bbox_dn_1: 0.2101 (0.4330)  loss_giou_dn_1: 0.4122 (0.5785)  loss_ce_2: 0.3629 (0.4397)  loss_bbox_2: 0.2906 (1.4329)  loss_giou_2: 0.6551 (1.4877)  loss_ce_dn_2: 0.0679 (0.1827)  loss_bbox_dn_2: 0.1851 (0.4260)  loss_giou_dn_2: 0.3888 (0.5736)  loss_ce_3: 0.3557 (0.4472)  loss_bbox_3: 0.3005 (1.4044)  loss_giou_3: 0.6287 (1.4649)  loss_ce_dn_3: 0.0677 (0.1881)  loss_bbox_dn_3: 0.1700 (0.4274)  loss_giou_dn_3: 0.3849 (0.5756)  loss_ce_4: 0.3489 (0.4549)  loss_bbox_4: 0.3259 (1.3867)  loss_giou_4: 0.6185 (1.4521)  loss_ce_dn_4: 0.0705 (0.1976)  loss_bbox_dn_4: 0.1762 (0.4341)  loss_giou_dn_4: 0.3882 (0.5814)  loss_ce_interm: 0.4428 (0.5259)  loss_bbox_interm: 0.6127 (1.5694)  loss_giou_interm: 0.9419 (1.6191)  loss_ce_dn_unscaled: 0.0727 (0.2112)  loss_bbox_dn_unscaled: 0.0355 (0.0886)  loss_giou_dn_unscaled: 0.2055 (0.2943)  loss_xy_dn_unscaled: 0.0114 (0.0268)  loss_hw_dn_unscaled: 0.0239 (0.0618)  cardinality_error_dn_unscaled: 165.6667 (169.2530)  loss_ce_unscaled: 0.3638 (0.4591)  class_error_unscaled: 8.3333 (19.8536)  loss_bbox_unscaled: 0.0660 (0.2750)  loss_giou_unscaled: 0.3084 (0.7206)  loss_xy_unscaled: 0.0193 (0.0758)  loss_hw_unscaled: 0.0428 (0.1992)  cardinality_error_unscaled: 278.3333 (278.6702)  loss_ce_0_unscaled: 0.3802 (0.4497)  loss_bbox_0_unscaled: 0.0879 (0.3075)  loss_giou_0_unscaled: 0.4008 (0.7866)  loss_xy_0_unscaled: 0.0250 (0.0841)  loss_hw_0_unscaled: 0.0652 (0.2234)  cardinality_error_0_unscaled: 272.3333 (278.5455)  loss_ce_dn_0_unscaled: 0.0852 (0.2388)  loss_bbox_dn_0_unscaled: 0.0577 (0.0923)  loss_giou_dn_0_unscaled: 0.2328 (0.2990)  loss_xy_dn_0_unscaled: 0.0176 (0.0307)  loss_hw_dn_0_unscaled: 0.0378 (0.0616)  cardinality_error_dn_0_unscaled: 167.3333 (171.5766)  loss_ce_1_unscaled: 0.3615 (0.4397)  loss_bbox_1_unscaled: 0.0739 (0.2951)  loss_giou_1_unscaled: 0.3566 (0.7614)  loss_xy_1_unscaled: 0.0200 (0.0801)  loss_hw_1_unscaled: 0.0528 (0.2150)  cardinality_error_1_unscaled: 277.0000 (275.8176)  loss_ce_dn_1_unscaled: 0.0691 (0.1932)  loss_bbox_dn_1_unscaled: 0.0420 (0.0866)  loss_giou_dn_1_unscaled: 0.2061 (0.2892)  loss_xy_dn_1_unscaled: 0.0135 (0.0280)  loss_hw_dn_1_unscaled: 0.0279 (0.0586)  cardinality_error_dn_1_unscaled: 167.3333 (168.9161)  loss_ce_2_unscaled: 0.3629 (0.4397)  loss_bbox_2_unscaled: 0.0581 (0.2866)  loss_giou_2_unscaled: 0.3275 (0.7438)  loss_xy_2_unscaled: 0.0207 (0.0785)  loss_hw_2_unscaled: 0.0432 (0.2081)  cardinality_error_2_unscaled: 282.6667 (278.4425)  loss_ce_dn_2_unscaled: 0.0679 (0.1827)  loss_bbox_dn_2_unscaled: 0.0370 (0.0852)  loss_giou_dn_2_unscaled: 0.1944 (0.2868)  loss_xy_dn_2_unscaled: 0.0120 (0.0271)  loss_hw_dn_2_unscaled: 0.0257 (0.0581)  cardinality_error_dn_2_unscaled: 167.6667 (170.5588)  loss_ce_3_unscaled: 0.3557 (0.4472)  loss_bbox_3_unscaled: 0.0601 (0.2809)  loss_giou_3_unscaled: 0.3144 (0.7325)  loss_xy_3_unscaled: 0.0199 (0.0773)  loss_hw_3_unscaled: 0.0402 (0.2036)  cardinality_error_3_unscaled: 281.0000 (279.0661)  loss_ce_dn_3_unscaled: 0.0677 (0.1881)  loss_bbox_dn_3_unscaled: 0.0340 (0.0855)  loss_giou_dn_3_unscaled: 0.1924 (0.2878)  loss_xy_dn_3_unscaled: 0.0113 (0.0267)  loss_hw_dn_3_unscaled: 0.0241 (0.0588)  cardinality_error_dn_3_unscaled: 167.0000 (169.8247)  loss_ce_4_unscaled: 0.3489 (0.4549)  loss_bbox_4_unscaled: 0.0652 (0.2773)  loss_giou_4_unscaled: 0.3092 (0.7260)  loss_xy_4_unscaled: 0.0210 (0.0764)  loss_hw_4_unscaled: 0.0433 (0.2009)  cardinality_error_4_unscaled: 278.3333 (279.9237)  loss_ce_dn_4_unscaled: 0.0705 (0.1976)  loss_bbox_dn_4_unscaled: 0.0352 (0.0868)  loss_giou_dn_4_unscaled: 0.1941 (0.2907)  loss_xy_dn_4_unscaled: 0.0114 (0.0267)  loss_hw_dn_4_unscaled: 0.0239 (0.0601)  cardinality_error_dn_4_unscaled: 165.3333 (169.5357)  loss_ce_interm_unscaled: 0.4428 (0.5259)  loss_bbox_interm_unscaled: 0.1225 (0.3139)  loss_giou_interm_unscaled: 0.4709 (0.8095)  loss_xy_interm_unscaled: 0.0314 (0.0795)  loss_hw_interm_unscaled: 0.0891 (0.2343)  cardinality_error_interm_unscaled: 284.0000 (281.0648)  time: 0.3306  data: 0.0002  max mem: 24379
Epoch: [0]  [   760/111901]  eta: 10:14:09  lr: 0.000076  class_error: 0.00  loss: 14.8986 (31.0869)  loss_ce_dn: 0.0873 (0.2097)  loss_bbox_dn: 0.1664 (0.4400)  loss_giou_dn: 0.4110 (0.5864)  loss_ce: 0.3655 (0.4581)  loss_bbox: 0.3412 (1.3617)  loss_giou: 0.6168 (1.4310)  loss_ce_0: 0.3802 (0.4489)  loss_bbox_0: 0.4994 (1.5246)  loss_giou_0: 0.8488 (1.5639)  loss_ce_dn_0: 0.0909 (0.2368)  loss_bbox_dn_0: 0.2886 (0.4593)  loss_giou_dn_0: 0.4663 (0.5963)  loss_ce_1: 0.3648 (0.4391)  loss_bbox_1: 0.3814 (1.4623)  loss_giou_1: 0.7133 (1.5127)  loss_ce_dn_1: 0.0738 (0.1916)  loss_bbox_dn_1: 0.2114 (0.4304)  loss_giou_dn_1: 0.4129 (0.5764)  loss_ce_2: 0.3694 (0.4389)  loss_bbox_2: 0.3632 (1.4196)  loss_giou_2: 0.6560 (1.4774)  loss_ce_dn_2: 0.0743 (0.1813)  loss_bbox_dn_2: 0.1851 (0.4232)  loss_giou_dn_2: 0.3946 (0.5714)  loss_ce_3: 0.3626 (0.4463)  loss_bbox_3: 0.3504 (1.3910)  loss_giou_3: 0.6287 (1.4547)  loss_ce_dn_3: 0.0767 (0.1866)  loss_bbox_dn_3: 0.1714 (0.4244)  loss_giou_dn_3: 0.3862 (0.5734)  loss_ce_4: 0.3557 (0.4539)  loss_bbox_4: 0.3559 (1.3735)  loss_giou_4: 0.6185 (1.4418)  loss_ce_dn_4: 0.0811 (0.1961)  loss_bbox_dn_4: 0.1668 (0.4309)  loss_giou_dn_4: 0.3997 (0.5791)  loss_ce_interm: 0.4420 (0.5251)  loss_bbox_interm: 0.6127 (1.5579)  loss_giou_interm: 0.9500 (1.6110)  loss_ce_dn_unscaled: 0.0873 (0.2097)  loss_bbox_dn_unscaled: 0.0333 (0.0880)  loss_giou_dn_unscaled: 0.2055 (0.2932)  loss_xy_dn_unscaled: 0.0115 (0.0266)  loss_hw_dn_unscaled: 0.0229 (0.0613)  cardinality_error_dn_unscaled: 166.3333 (169.1844)  loss_ce_unscaled: 0.3655 (0.4581)  class_error_unscaled: 8.6957 (19.7818)  loss_bbox_unscaled: 0.0682 (0.2723)  loss_giou_unscaled: 0.3084 (0.7155)  loss_xy_unscaled: 0.0252 (0.0751)  loss_hw_unscaled: 0.0428 (0.1972)  cardinality_error_unscaled: 279.6667 (278.7363)  loss_ce_0_unscaled: 0.3802 (0.4489)  loss_bbox_0_unscaled: 0.0999 (0.3049)  loss_giou_0_unscaled: 0.4244 (0.7820)  loss_xy_0_unscaled: 0.0287 (0.0835)  loss_hw_0_unscaled: 0.0658 (0.2214)  cardinality_error_0_unscaled: 276.6667 (278.5213)  loss_ce_dn_0_unscaled: 0.0909 (0.2368)  loss_bbox_dn_0_unscaled: 0.0577 (0.0919)  loss_giou_dn_0_unscaled: 0.2331 (0.2982)  loss_xy_dn_0_unscaled: 0.0176 (0.0305)  loss_hw_dn_0_unscaled: 0.0404 (0.0613)  cardinality_error_dn_0_unscaled: 166.0000 (171.4888)  loss_ce_1_unscaled: 0.3648 (0.4391)  loss_bbox_1_unscaled: 0.0763 (0.2925)  loss_giou_1_unscaled: 0.3567 (0.7563)  loss_xy_1_unscaled: 0.0249 (0.0795)  loss_hw_1_unscaled: 0.0549 (0.2130)  cardinality_error_1_unscaled: 277.6667 (275.9124)  loss_ce_dn_1_unscaled: 0.0738 (0.1916)  loss_bbox_dn_1_unscaled: 0.0423 (0.0861)  loss_giou_dn_1_unscaled: 0.2064 (0.2882)  loss_xy_dn_1_unscaled: 0.0136 (0.0278)  loss_hw_dn_1_unscaled: 0.0288 (0.0582)  cardinality_error_dn_1_unscaled: 163.0000 (168.8270)  loss_ce_2_unscaled: 0.3694 (0.4389)  loss_bbox_2_unscaled: 0.0726 (0.2839)  loss_giou_2_unscaled: 0.3280 (0.7387)  loss_xy_2_unscaled: 0.0260 (0.0778)  loss_hw_2_unscaled: 0.0473 (0.2061)  cardinality_error_2_unscaled: 282.6667 (278.5423)  loss_ce_dn_2_unscaled: 0.0743 (0.1813)  loss_bbox_dn_2_unscaled: 0.0370 (0.0846)  loss_giou_dn_2_unscaled: 0.1973 (0.2857)  loss_xy_dn_2_unscaled: 0.0122 (0.0269)  loss_hw_dn_2_unscaled: 0.0259 (0.0577)  cardinality_error_dn_2_unscaled: 167.0000 (170.5458)  loss_ce_3_unscaled: 0.3626 (0.4463)  loss_bbox_3_unscaled: 0.0701 (0.2782)  loss_giou_3_unscaled: 0.3144 (0.7273)  loss_xy_3_unscaled: 0.0249 (0.0766)  loss_hw_3_unscaled: 0.0413 (0.2016)  cardinality_error_3_unscaled: 281.3333 (279.1415)  loss_ce_dn_3_unscaled: 0.0767 (0.1866)  loss_bbox_dn_3_unscaled: 0.0343 (0.0849)  loss_giou_dn_3_unscaled: 0.1931 (0.2867)  loss_xy_dn_3_unscaled: 0.0115 (0.0265)  loss_hw_dn_3_unscaled: 0.0244 (0.0584)  cardinality_error_dn_3_unscaled: 167.0000 (169.7766)  loss_ce_4_unscaled: 0.3557 (0.4539)  loss_bbox_4_unscaled: 0.0712 (0.2747)  loss_giou_4_unscaled: 0.3092 (0.7209)  loss_xy_4_unscaled: 0.0246 (0.0758)  loss_hw_4_unscaled: 0.0429 (0.1989)  cardinality_error_4_unscaled: 278.3333 (279.9667)  loss_ce_dn_4_unscaled: 0.0811 (0.1961)  loss_bbox_dn_4_unscaled: 0.0334 (0.0862)  loss_giou_dn_4_unscaled: 0.1999 (0.2896)  loss_xy_dn_4_unscaled: 0.0114 (0.0265)  loss_hw_dn_4_unscaled: 0.0238 (0.0597)  cardinality_error_dn_4_unscaled: 165.3333 (169.3951)  loss_ce_interm_unscaled: 0.4420 (0.5251)  loss_bbox_interm_unscaled: 0.1225 (0.3116)  loss_giou_interm_unscaled: 0.4750 (0.8055)  loss_xy_interm_unscaled: 0.0340 (0.0790)  loss_hw_interm_unscaled: 0.0882 (0.2326)  cardinality_error_interm_unscaled: 284.0000 (281.1082)  time: 0.3121  data: 0.0002  max mem: 24379
Epoch: [0]  [   770/111901]  eta: 10:14:10  lr: 0.000077  class_error: 0.00  loss: 15.0048 (30.8823)  loss_ce_dn: 0.0873 (0.2081)  loss_bbox_dn: 0.1683 (0.4367)  loss_giou_dn: 0.4130 (0.5842)  loss_ce: 0.3638 (0.4570)  loss_bbox: 0.3412 (1.3492)  loss_giou: 0.6460 (1.4211)  loss_ce_0: 0.3706 (0.4478)  loss_bbox_0: 0.4180 (1.5114)  loss_giou_0: 0.8484 (1.5544)  loss_ce_dn_0: 0.0840 (0.2349)  loss_bbox_dn_0: 0.2620 (0.4568)  loss_giou_dn_0: 0.4584 (0.5946)  loss_ce_1: 0.3582 (0.4380)  loss_bbox_1: 0.3652 (1.4491)  loss_giou_1: 0.7117 (1.5027)  loss_ce_dn_1: 0.0704 (0.1901)  loss_bbox_dn_1: 0.2084 (0.4275)  loss_giou_dn_1: 0.4081 (0.5743)  loss_ce_2: 0.3508 (0.4377)  loss_bbox_2: 0.3475 (1.4065)  loss_giou_2: 0.6756 (1.4674)  loss_ce_dn_2: 0.0692 (0.1798)  loss_bbox_dn_2: 0.1791 (0.4202)  loss_giou_dn_2: 0.3908 (0.5692)  loss_ce_3: 0.3558 (0.4452)  loss_bbox_3: 0.3504 (1.3782)  loss_giou_3: 0.6674 (1.4446)  loss_ce_dn_3: 0.0712 (0.1852)  loss_bbox_dn_3: 0.1714 (0.4213)  loss_giou_dn_3: 0.3975 (0.5711)  loss_ce_4: 0.3629 (0.4528)  loss_bbox_4: 0.3559 (1.3609)  loss_giou_4: 0.6549 (1.4318)  loss_ce_dn_4: 0.0778 (0.1946)  loss_bbox_dn_4: 0.1675 (0.4278)  loss_giou_dn_4: 0.4010 (0.5769)  loss_ce_interm: 0.4439 (0.5239)  loss_bbox_interm: 0.5906 (1.5463)  loss_giou_interm: 0.9646 (1.6027)  loss_ce_dn_unscaled: 0.0873 (0.2081)  loss_bbox_dn_unscaled: 0.0337 (0.0873)  loss_giou_dn_unscaled: 0.2065 (0.2921)  loss_xy_dn_unscaled: 0.0122 (0.0265)  loss_hw_dn_unscaled: 0.0223 (0.0609)  cardinality_error_dn_unscaled: 165.3333 (169.0921)  loss_ce_unscaled: 0.3638 (0.4570)  class_error_unscaled: 10.0000 (19.6542)  loss_bbox_unscaled: 0.0682 (0.2698)  loss_giou_unscaled: 0.3230 (0.7105)  loss_xy_unscaled: 0.0252 (0.0745)  loss_hw_unscaled: 0.0420 (0.1953)  cardinality_error_unscaled: 280.3333 (278.6338)  loss_ce_0_unscaled: 0.3706 (0.4478)  loss_bbox_0_unscaled: 0.0836 (0.3023)  loss_giou_0_unscaled: 0.4242 (0.7772)  loss_xy_0_unscaled: 0.0287 (0.0828)  loss_hw_0_unscaled: 0.0598 (0.2195)  cardinality_error_0_unscaled: 275.6667 (278.3307)  loss_ce_dn_0_unscaled: 0.0840 (0.2349)  loss_bbox_dn_0_unscaled: 0.0524 (0.0914)  loss_giou_dn_0_unscaled: 0.2292 (0.2973)  loss_xy_dn_0_unscaled: 0.0178 (0.0304)  loss_hw_dn_0_unscaled: 0.0351 (0.0610)  cardinality_error_dn_0_unscaled: 164.3333 (171.3753)  loss_ce_1_unscaled: 0.3582 (0.4380)  loss_bbox_1_unscaled: 0.0730 (0.2898)  loss_giou_1_unscaled: 0.3559 (0.7513)  loss_xy_1_unscaled: 0.0236 (0.0788)  loss_hw_1_unscaled: 0.0490 (0.2110)  cardinality_error_1_unscaled: 280.0000 (275.8400)  loss_ce_dn_1_unscaled: 0.0704 (0.1901)  loss_bbox_dn_1_unscaled: 0.0417 (0.0855)  loss_giou_dn_1_unscaled: 0.2040 (0.2872)  loss_xy_dn_1_unscaled: 0.0132 (0.0277)  loss_hw_dn_1_unscaled: 0.0282 (0.0578)  cardinality_error_dn_1_unscaled: 164.0000 (168.7696)  loss_ce_2_unscaled: 0.3508 (0.4377)  loss_bbox_2_unscaled: 0.0695 (0.2813)  loss_giou_2_unscaled: 0.3378 (0.7337)  loss_xy_2_unscaled: 0.0229 (0.0772)  loss_hw_2_unscaled: 0.0479 (0.2041)  cardinality_error_2_unscaled: 282.0000 (278.4449)  loss_ce_dn_2_unscaled: 0.0692 (0.1798)  loss_bbox_dn_2_unscaled: 0.0358 (0.0840)  loss_giou_dn_2_unscaled: 0.1954 (0.2846)  loss_xy_dn_2_unscaled: 0.0124 (0.0267)  loss_hw_dn_2_unscaled: 0.0241 (0.0573)  cardinality_error_dn_2_unscaled: 170.6667 (170.4838)  loss_ce_3_unscaled: 0.3558 (0.4452)  loss_bbox_3_unscaled: 0.0701 (0.2756)  loss_giou_3_unscaled: 0.3337 (0.7223)  loss_xy_3_unscaled: 0.0243 (0.0760)  loss_hw_3_unscaled: 0.0387 (0.1997)  cardinality_error_3_unscaled: 283.6667 (279.1007)  loss_ce_dn_3_unscaled: 0.0712 (0.1852)  loss_bbox_dn_3_unscaled: 0.0343 (0.0843)  loss_giou_dn_3_unscaled: 0.1987 (0.2856)  loss_xy_dn_3_unscaled: 0.0118 (0.0263)  loss_hw_dn_3_unscaled: 0.0226 (0.0579)  cardinality_error_dn_3_unscaled: 171.3333 (169.8197)  loss_ce_4_unscaled: 0.3629 (0.4528)  loss_bbox_4_unscaled: 0.0712 (0.2722)  loss_giou_4_unscaled: 0.3274 (0.7159)  loss_xy_4_unscaled: 0.0246 (0.0752)  loss_hw_4_unscaled: 0.0411 (0.1970)  cardinality_error_4_unscaled: 278.6667 (279.8305)  loss_ce_dn_4_unscaled: 0.0778 (0.1946)  loss_bbox_dn_4_unscaled: 0.0335 (0.0856)  loss_giou_dn_4_unscaled: 0.2005 (0.2884)  loss_xy_dn_4_unscaled: 0.0116 (0.0263)  loss_hw_dn_4_unscaled: 0.0220 (0.0592)  cardinality_error_dn_4_unscaled: 165.3333 (169.3256)  loss_ce_interm_unscaled: 0.4439 (0.5239)  loss_bbox_interm_unscaled: 0.1181 (0.3093)  loss_giou_interm_unscaled: 0.4823 (0.8014)  loss_xy_interm_unscaled: 0.0351 (0.0785)  loss_hw_interm_unscaled: 0.0869 (0.2308)  cardinality_error_interm_unscaled: 282.3333 (280.9771)  time: 0.3244  data: 0.0002  max mem: 24379
Epoch: [0]  [   780/111901]  eta: 10:13:52  lr: 0.000078  class_error: 0.00  loss: 12.7565 (30.6546)  loss_ce_dn: 0.0726 (0.2065)  loss_bbox_dn: 0.1683 (0.4335)  loss_giou_dn: 0.3699 (0.5816)  loss_ce: 0.3564 (0.4556)  loss_bbox: 0.2458 (1.3351)  loss_giou: 0.5192 (1.4092)  loss_ce_0: 0.3537 (0.4467)  loss_bbox_0: 0.3998 (1.4970)  loss_giou_0: 0.7398 (1.5435)  loss_ce_dn_0: 0.0802 (0.2330)  loss_bbox_dn_0: 0.2644 (0.4547)  loss_giou_dn_0: 0.4508 (0.5927)  loss_ce_1: 0.3582 (0.4370)  loss_bbox_1: 0.2918 (1.4344)  loss_giou_1: 0.6388 (1.4913)  loss_ce_dn_1: 0.0636 (0.1885)  loss_bbox_dn_1: 0.1962 (0.4249)  loss_giou_dn_1: 0.3954 (0.5720)  loss_ce_2: 0.3487 (0.4367)  loss_bbox_2: 0.2488 (1.3919)  loss_giou_2: 0.5511 (1.4555)  loss_ce_dn_2: 0.0603 (0.1784)  loss_bbox_dn_2: 0.1766 (0.4174)  loss_giou_dn_2: 0.3717 (0.5667)  loss_ce_3: 0.3547 (0.4441)  loss_bbox_3: 0.2405 (1.3637)  loss_giou_3: 0.5242 (1.4326)  loss_ce_dn_3: 0.0631 (0.1837)  loss_bbox_dn_3: 0.1708 (0.4183)  loss_giou_dn_3: 0.3627 (0.5686)  loss_ce_4: 0.3629 (0.4515)  loss_bbox_4: 0.2694 (1.3465)  loss_giou_4: 0.5325 (1.4198)  loss_ce_dn_4: 0.0696 (0.1931)  loss_bbox_dn_4: 0.1675 (0.4247)  loss_giou_dn_4: 0.3616 (0.5743)  loss_ce_interm: 0.4477 (0.5229)  loss_bbox_interm: 0.5715 (1.5337)  loss_giou_interm: 0.8842 (1.5933)  loss_ce_dn_unscaled: 0.0726 (0.2065)  loss_bbox_dn_unscaled: 0.0337 (0.0867)  loss_giou_dn_unscaled: 0.1850 (0.2908)  loss_xy_dn_unscaled: 0.0117 (0.0263)  loss_hw_dn_unscaled: 0.0224 (0.0604)  cardinality_error_dn_unscaled: 165.3333 (168.9817)  loss_ce_unscaled: 0.3564 (0.4556)  class_error_unscaled: 6.9767 (19.5120)  loss_bbox_unscaled: 0.0492 (0.2670)  loss_giou_unscaled: 0.2596 (0.7046)  loss_xy_unscaled: 0.0161 (0.0738)  loss_hw_unscaled: 0.0298 (0.1933)  cardinality_error_unscaled: 278.6667 (278.4187)  loss_ce_0_unscaled: 0.3537 (0.4467)  loss_bbox_0_unscaled: 0.0800 (0.2994)  loss_giou_0_unscaled: 0.3699 (0.7718)  loss_xy_0_unscaled: 0.0248 (0.0821)  loss_hw_0_unscaled: 0.0519 (0.2173)  cardinality_error_0_unscaled: 272.3333 (278.0521)  loss_ce_dn_0_unscaled: 0.0802 (0.2330)  loss_bbox_dn_0_unscaled: 0.0529 (0.0909)  loss_giou_dn_0_unscaled: 0.2254 (0.2964)  loss_xy_dn_0_unscaled: 0.0167 (0.0302)  loss_hw_dn_0_unscaled: 0.0370 (0.0607)  cardinality_error_dn_0_unscaled: 164.3333 (171.1733)  loss_ce_1_unscaled: 0.3582 (0.4370)  loss_bbox_1_unscaled: 0.0584 (0.2869)  loss_giou_1_unscaled: 0.3194 (0.7456)  loss_xy_1_unscaled: 0.0216 (0.0781)  loss_hw_1_unscaled: 0.0359 (0.2088)  cardinality_error_1_unscaled: 279.6667 (275.6163)  loss_ce_dn_1_unscaled: 0.0636 (0.1885)  loss_bbox_dn_1_unscaled: 0.0392 (0.0850)  loss_giou_dn_1_unscaled: 0.1977 (0.2860)  loss_xy_dn_1_unscaled: 0.0125 (0.0275)  loss_hw_dn_1_unscaled: 0.0282 (0.0575)  cardinality_error_dn_1_unscaled: 170.0000 (168.6650)  loss_ce_2_unscaled: 0.3487 (0.4367)  loss_bbox_2_unscaled: 0.0498 (0.2784)  loss_giou_2_unscaled: 0.2755 (0.7278)  loss_xy_2_unscaled: 0.0180 (0.0764)  loss_hw_2_unscaled: 0.0342 (0.2020)  cardinality_error_2_unscaled: 280.6667 (278.1946)  loss_ce_dn_2_unscaled: 0.0603 (0.1784)  loss_bbox_dn_2_unscaled: 0.0353 (0.0835)  loss_giou_dn_2_unscaled: 0.1859 (0.2833)  loss_xy_dn_2_unscaled: 0.0115 (0.0265)  loss_hw_dn_2_unscaled: 0.0240 (0.0569)  cardinality_error_dn_2_unscaled: 169.3333 (170.2821)  loss_ce_3_unscaled: 0.3547 (0.4441)  loss_bbox_3_unscaled: 0.0481 (0.2727)  loss_giou_3_unscaled: 0.2621 (0.7163)  loss_xy_3_unscaled: 0.0157 (0.0752)  loss_hw_3_unscaled: 0.0282 (0.1975)  cardinality_error_3_unscaled: 283.0000 (278.8907)  loss_ce_dn_3_unscaled: 0.0631 (0.1837)  loss_bbox_dn_3_unscaled: 0.0342 (0.0837)  loss_giou_dn_3_unscaled: 0.1814 (0.2843)  loss_xy_dn_3_unscaled: 0.0116 (0.0261)  loss_hw_dn_3_unscaled: 0.0229 (0.0575)  cardinality_error_dn_3_unscaled: 169.3333 (169.7290)  loss_ce_4_unscaled: 0.3629 (0.4515)  loss_bbox_4_unscaled: 0.0539 (0.2693)  loss_giou_4_unscaled: 0.2662 (0.7099)  loss_xy_4_unscaled: 0.0154 (0.0744)  loss_hw_4_unscaled: 0.0358 (0.1949)  cardinality_error_4_unscaled: 278.6667 (279.6261)  loss_ce_dn_4_unscaled: 0.0696 (0.1931)  loss_bbox_dn_4_unscaled: 0.0335 (0.0849)  loss_giou_dn_4_unscaled: 0.1808 (0.2872)  loss_xy_dn_4_unscaled: 0.0116 (0.0261)  loss_hw_dn_4_unscaled: 0.0230 (0.0588)  cardinality_error_dn_4_unscaled: 166.6667 (169.2394)  loss_ce_interm_unscaled: 0.4477 (0.5229)  loss_bbox_interm_unscaled: 0.1143 (0.3067)  loss_giou_interm_unscaled: 0.4421 (0.7967)  loss_xy_interm_unscaled: 0.0328 (0.0779)  loss_hw_interm_unscaled: 0.0807 (0.2288)  cardinality_error_interm_unscaled: 278.3333 (280.6978)  time: 0.3279  data: 0.0003  max mem: 24379
Epoch: [0]  [   790/111901]  eta: 10:13:36  lr: 0.000079  class_error: 9.68  loss: 12.6165 (30.4309)  loss_ce_dn: 0.0787 (0.2049)  loss_bbox_dn: 0.1632 (0.4300)  loss_giou_dn: 0.3617 (0.5787)  loss_ce: 0.3295 (0.4539)  loss_bbox: 0.1870 (1.3210)  loss_giou: 0.4706 (1.3978)  loss_ce_0: 0.3651 (0.4458)  loss_bbox_0: 0.4046 (1.4832)  loss_giou_0: 0.7066 (1.5332)  loss_ce_dn_0: 0.0828 (0.2311)  loss_bbox_dn_0: 0.2812 (0.4525)  loss_giou_dn_0: 0.4475 (0.5909)  loss_ce_1: 0.3590 (0.4359)  loss_bbox_1: 0.2801 (1.4201)  loss_giou_1: 0.6058 (1.4802)  loss_ce_dn_1: 0.0647 (0.1870)  loss_bbox_dn_1: 0.2028 (0.4219)  loss_giou_dn_1: 0.3776 (0.5696)  loss_ce_2: 0.3455 (0.4354)  loss_bbox_2: 0.2301 (1.3775)  loss_giou_2: 0.5207 (1.4441)  loss_ce_dn_2: 0.0626 (0.1770)  loss_bbox_dn_2: 0.1782 (0.4142)  loss_giou_dn_2: 0.3606 (0.5641)  loss_ce_3: 0.3500 (0.4427)  loss_bbox_3: 0.2047 (1.3495)  loss_giou_3: 0.4826 (1.4211)  loss_ce_dn_3: 0.0686 (0.1823)  loss_bbox_dn_3: 0.1701 (0.4150)  loss_giou_dn_3: 0.3531 (0.5658)  loss_ce_4: 0.3335 (0.4499)  loss_bbox_4: 0.2044 (1.3325)  loss_giou_4: 0.4762 (1.4084)  loss_ce_dn_4: 0.0703 (0.1916)  loss_bbox_dn_4: 0.1674 (0.4213)  loss_giou_dn_4: 0.3603 (0.5715)  loss_ce_interm: 0.4518 (0.5220)  loss_bbox_interm: 0.5790 (1.5222)  loss_giou_interm: 0.8877 (1.5850)  loss_ce_dn_unscaled: 0.0787 (0.2049)  loss_bbox_dn_unscaled: 0.0326 (0.0860)  loss_giou_dn_unscaled: 0.1808 (0.2894)  loss_xy_dn_unscaled: 0.0105 (0.0261)  loss_hw_dn_unscaled: 0.0223 (0.0599)  cardinality_error_dn_unscaled: 169.0000 (169.0603)  loss_ce_unscaled: 0.3295 (0.4539)  class_error_unscaled: 8.8889 (19.3723)  loss_bbox_unscaled: 0.0374 (0.2642)  loss_giou_unscaled: 0.2353 (0.6989)  loss_xy_unscaled: 0.0125 (0.0730)  loss_hw_unscaled: 0.0263 (0.1912)  cardinality_error_unscaled: 288.3333 (278.5588)  loss_ce_0_unscaled: 0.3651 (0.4458)  loss_bbox_0_unscaled: 0.0809 (0.2966)  loss_giou_0_unscaled: 0.3533 (0.7666)  loss_xy_0_unscaled: 0.0234 (0.0813)  loss_hw_0_unscaled: 0.0552 (0.2153)  cardinality_error_0_unscaled: 276.6667 (278.0316)  loss_ce_dn_0_unscaled: 0.0828 (0.2311)  loss_bbox_dn_0_unscaled: 0.0562 (0.0905)  loss_giou_dn_0_unscaled: 0.2237 (0.2955)  loss_xy_dn_0_unscaled: 0.0174 (0.0301)  loss_hw_dn_0_unscaled: 0.0382 (0.0605)  cardinality_error_dn_0_unscaled: 168.0000 (171.1698)  loss_ce_1_unscaled: 0.3590 (0.4359)  loss_bbox_1_unscaled: 0.0560 (0.2840)  loss_giou_1_unscaled: 0.3029 (0.7401)  loss_xy_1_unscaled: 0.0196 (0.0773)  loss_hw_1_unscaled: 0.0390 (0.2067)  cardinality_error_1_unscaled: 283.3333 (275.7341)  loss_ce_dn_1_unscaled: 0.0647 (0.1870)  loss_bbox_dn_1_unscaled: 0.0406 (0.0844)  loss_giou_dn_1_unscaled: 0.1888 (0.2848)  loss_xy_dn_1_unscaled: 0.0123 (0.0273)  loss_hw_dn_1_unscaled: 0.0289 (0.0571)  cardinality_error_dn_1_unscaled: 170.6667 (168.7366)  loss_ce_2_unscaled: 0.3455 (0.4354)  loss_bbox_2_unscaled: 0.0460 (0.2755)  loss_giou_2_unscaled: 0.2604 (0.7220)  loss_xy_2_unscaled: 0.0160 (0.0756)  loss_hw_2_unscaled: 0.0309 (0.1999)  cardinality_error_2_unscaled: 285.0000 (278.3131)  loss_ce_dn_2_unscaled: 0.0626 (0.1770)  loss_bbox_dn_2_unscaled: 0.0356 (0.0828)  loss_giou_dn_2_unscaled: 0.1803 (0.2820)  loss_xy_dn_2_unscaled: 0.0111 (0.0263)  loss_hw_dn_2_unscaled: 0.0257 (0.0565)  cardinality_error_dn_2_unscaled: 169.3333 (170.3148)  loss_ce_3_unscaled: 0.3500 (0.4427)  loss_bbox_3_unscaled: 0.0409 (0.2699)  loss_giou_3_unscaled: 0.2413 (0.7105)  loss_xy_3_unscaled: 0.0125 (0.0745)  loss_hw_3_unscaled: 0.0282 (0.1954)  cardinality_error_3_unscaled: 288.3333 (279.0190)  loss_ce_dn_3_unscaled: 0.0686 (0.1823)  loss_bbox_dn_3_unscaled: 0.0340 (0.0830)  loss_giou_dn_3_unscaled: 0.1766 (0.2829)  loss_xy_dn_3_unscaled: 0.0106 (0.0259)  loss_hw_dn_3_unscaled: 0.0229 (0.0571)  cardinality_error_dn_3_unscaled: 169.3333 (169.7973)  loss_ce_4_unscaled: 0.3335 (0.4499)  loss_bbox_4_unscaled: 0.0409 (0.2665)  loss_giou_4_unscaled: 0.2381 (0.7042)  loss_xy_4_unscaled: 0.0136 (0.0737)  loss_hw_4_unscaled: 0.0274 (0.1928)  cardinality_error_4_unscaled: 288.0000 (279.7480)  loss_ce_dn_4_unscaled: 0.0703 (0.1916)  loss_bbox_dn_4_unscaled: 0.0335 (0.0843)  loss_giou_dn_4_unscaled: 0.1801 (0.2858)  loss_xy_dn_4_unscaled: 0.0107 (0.0259)  loss_hw_dn_4_unscaled: 0.0230 (0.0583)  cardinality_error_dn_4_unscaled: 169.3333 (169.2908)  loss_ce_interm_unscaled: 0.4518 (0.5220)  loss_bbox_interm_unscaled: 0.1158 (0.3044)  loss_giou_interm_unscaled: 0.4438 (0.7925)  loss_xy_interm_unscaled: 0.0327 (0.0774)  loss_hw_interm_unscaled: 0.0825 (0.2270)  cardinality_error_interm_unscaled: 287.3333 (280.7923)  time: 0.3220  data: 0.0003  max mem: 24379
Epoch: [0]  [   800/111901]  eta: 10:12:39  lr: 0.000080  class_error: 16.67  loss: 13.6833 (30.2457)  loss_ce_dn: 0.0892 (0.2036)  loss_bbox_dn: 0.1531 (0.4267)  loss_giou_dn: 0.3651 (0.5765)  loss_ce: 0.3454 (0.4532)  loss_bbox: 0.2703 (1.3098)  loss_giou: 0.5965 (1.3884)  loss_ce_0: 0.3820 (0.4452)  loss_bbox_0: 0.4296 (1.4719)  loss_giou_0: 0.7447 (1.5244)  loss_ce_dn_0: 0.0851 (0.2293)  loss_bbox_dn_0: 0.2851 (0.4504)  loss_giou_dn_0: 0.4449 (0.5893)  loss_ce_1: 0.3504 (0.4352)  loss_bbox_1: 0.3414 (1.4085)  loss_giou_1: 0.6502 (1.4707)  loss_ce_dn_1: 0.0700 (0.1857)  loss_bbox_dn_1: 0.1990 (0.4193)  loss_giou_dn_1: 0.3866 (0.5676)  loss_ce_2: 0.3391 (0.4346)  loss_bbox_2: 0.3063 (1.3659)  loss_giou_2: 0.6399 (1.4345)  loss_ce_dn_2: 0.0694 (0.1757)  loss_bbox_dn_2: 0.1684 (0.4113)  loss_giou_dn_2: 0.3606 (0.5619)  loss_ce_3: 0.3336 (0.4417)  loss_bbox_3: 0.2886 (1.3380)  loss_giou_3: 0.6069 (1.4116)  loss_ce_dn_3: 0.0762 (0.1810)  loss_bbox_dn_3: 0.1540 (0.4119)  loss_giou_dn_3: 0.3578 (0.5636)  loss_ce_4: 0.3499 (0.4492)  loss_bbox_4: 0.2685 (1.3211)  loss_giou_4: 0.6028 (1.3988)  loss_ce_dn_4: 0.0780 (0.1903)  loss_bbox_dn_4: 0.1507 (0.4180)  loss_giou_dn_4: 0.3620 (0.5693)  loss_ce_interm: 0.4474 (0.5211)  loss_bbox_interm: 0.6492 (1.5127)  loss_giou_interm: 0.9688 (1.5780)  loss_ce_dn_unscaled: 0.0892 (0.2036)  loss_bbox_dn_unscaled: 0.0306 (0.0853)  loss_giou_dn_unscaled: 0.1826 (0.2882)  loss_xy_dn_unscaled: 0.0097 (0.0259)  loss_hw_dn_unscaled: 0.0200 (0.0595)  cardinality_error_dn_unscaled: 173.0000 (169.1311)  loss_ce_unscaled: 0.3454 (0.4532)  class_error_unscaled: 10.7143 (19.3458)  loss_bbox_unscaled: 0.0541 (0.2620)  loss_giou_unscaled: 0.2983 (0.6942)  loss_xy_unscaled: 0.0176 (0.0724)  loss_hw_unscaled: 0.0369 (0.1895)  cardinality_error_unscaled: 289.6667 (278.6916)  loss_ce_0_unscaled: 0.3820 (0.4452)  loss_bbox_0_unscaled: 0.0859 (0.2944)  loss_giou_0_unscaled: 0.3723 (0.7622)  loss_xy_0_unscaled: 0.0274 (0.0808)  loss_hw_0_unscaled: 0.0584 (0.2136)  cardinality_error_0_unscaled: 281.6667 (278.0857)  loss_ce_dn_0_unscaled: 0.0851 (0.2293)  loss_bbox_dn_0_unscaled: 0.0570 (0.0901)  loss_giou_dn_0_unscaled: 0.2224 (0.2946)  loss_xy_dn_0_unscaled: 0.0176 (0.0299)  loss_hw_dn_0_unscaled: 0.0383 (0.0602)  cardinality_error_dn_0_unscaled: 172.0000 (171.1943)  loss_ce_1_unscaled: 0.3504 (0.4352)  loss_bbox_1_unscaled: 0.0683 (0.2817)  loss_giou_1_unscaled: 0.3251 (0.7354)  loss_xy_1_unscaled: 0.0238 (0.0767)  loss_hw_1_unscaled: 0.0447 (0.2050)  cardinality_error_1_unscaled: 287.0000 (275.8835)  loss_ce_dn_1_unscaled: 0.0700 (0.1857)  loss_bbox_dn_1_unscaled: 0.0398 (0.0839)  loss_giou_dn_1_unscaled: 0.1933 (0.2838)  loss_xy_dn_1_unscaled: 0.0122 (0.0271)  loss_hw_dn_1_unscaled: 0.0271 (0.0567)  cardinality_error_dn_1_unscaled: 171.6667 (168.7940)  loss_ce_2_unscaled: 0.3391 (0.4346)  loss_bbox_2_unscaled: 0.0613 (0.2732)  loss_giou_2_unscaled: 0.3199 (0.7172)  loss_xy_2_unscaled: 0.0185 (0.0751)  loss_hw_2_unscaled: 0.0365 (0.1981)  cardinality_error_2_unscaled: 288.6667 (278.4453)  loss_ce_dn_2_unscaled: 0.0694 (0.1757)  loss_bbox_dn_2_unscaled: 0.0337 (0.0823)  loss_giou_dn_2_unscaled: 0.1803 (0.2809)  loss_xy_dn_2_unscaled: 0.0106 (0.0262)  loss_hw_dn_2_unscaled: 0.0231 (0.0561)  cardinality_error_dn_2_unscaled: 171.6667 (170.3521)  loss_ce_3_unscaled: 0.3336 (0.4417)  loss_bbox_3_unscaled: 0.0577 (0.2676)  loss_giou_3_unscaled: 0.3034 (0.7058)  loss_xy_3_unscaled: 0.0184 (0.0739)  loss_hw_3_unscaled: 0.0360 (0.1937)  cardinality_error_3_unscaled: 288.6667 (279.1411)  loss_ce_dn_3_unscaled: 0.0762 (0.1810)  loss_bbox_dn_3_unscaled: 0.0308 (0.0824)  loss_giou_dn_3_unscaled: 0.1789 (0.2818)  loss_xy_dn_3_unscaled: 0.0099 (0.0258)  loss_hw_dn_3_unscaled: 0.0211 (0.0566)  cardinality_error_dn_3_unscaled: 171.6667 (169.8439)  loss_ce_4_unscaled: 0.3499 (0.4492)  loss_bbox_4_unscaled: 0.0537 (0.2642)  loss_giou_4_unscaled: 0.3014 (0.6994)  loss_xy_4_unscaled: 0.0181 (0.0731)  loss_hw_4_unscaled: 0.0367 (0.1911)  cardinality_error_4_unscaled: 288.6667 (279.8602)  loss_ce_dn_4_unscaled: 0.0780 (0.1903)  loss_bbox_dn_4_unscaled: 0.0301 (0.0836)  loss_giou_dn_4_unscaled: 0.1810 (0.2846)  loss_xy_dn_4_unscaled: 0.0098 (0.0257)  loss_hw_dn_4_unscaled: 0.0205 (0.0579)  cardinality_error_dn_4_unscaled: 172.6667 (169.3433)  loss_ce_interm_unscaled: 0.4474 (0.5211)  loss_bbox_interm_unscaled: 0.1298 (0.3025)  loss_giou_interm_unscaled: 0.4844 (0.7890)  loss_xy_interm_unscaled: 0.0381 (0.0770)  loss_hw_interm_unscaled: 0.0908 (0.2255)  cardinality_error_interm_unscaled: 288.6667 (280.8960)  time: 0.3078  data: 0.0002  max mem: 24379
Epoch: [0]  [   810/111901]  eta: 10:12:15  lr: 0.000081  class_error: 10.71  loss: 14.6832 (30.0462)  loss_ce_dn: 0.0872 (0.2020)  loss_bbox_dn: 0.1552 (0.4235)  loss_giou_dn: 0.3736 (0.5739)  loss_ce: 0.3604 (0.4518)  loss_bbox: 0.3229 (1.2976)  loss_giou: 0.6293 (1.3786)  loss_ce_0: 0.3820 (0.4442)  loss_bbox_0: 0.4473 (1.4594)  loss_giou_0: 0.7938 (1.5154)  loss_ce_dn_0: 0.0794 (0.2275)  loss_bbox_dn_0: 0.2777 (0.4484)  loss_giou_dn_0: 0.4456 (0.5876)  loss_ce_1: 0.3504 (0.4341)  loss_bbox_1: 0.3931 (1.3959)  loss_giou_1: 0.6644 (1.4611)  loss_ce_dn_1: 0.0630 (0.1842)  loss_bbox_dn_1: 0.1990 (0.4166)  loss_giou_dn_1: 0.3911 (0.5655)  loss_ce_2: 0.3591 (0.4335)  loss_bbox_2: 0.3443 (1.3532)  loss_giou_2: 0.6502 (1.4246)  loss_ce_dn_2: 0.0639 (0.1743)  loss_bbox_dn_2: 0.1698 (0.4084)  loss_giou_dn_2: 0.3661 (0.5595)  loss_ce_3: 0.3536 (0.4405)  loss_bbox_3: 0.3248 (1.3255)  loss_giou_3: 0.6442 (1.4017)  loss_ce_dn_3: 0.0677 (0.1795)  loss_bbox_dn_3: 0.1540 (0.4089)  loss_giou_dn_3: 0.3661 (0.5612)  loss_ce_4: 0.3552 (0.4478)  loss_bbox_4: 0.3243 (1.3088)  loss_giou_4: 0.6222 (1.3889)  loss_ce_dn_4: 0.0769 (0.1888)  loss_bbox_dn_4: 0.1562 (0.4150)  loss_giou_dn_4: 0.3674 (0.5668)  loss_ce_interm: 0.4357 (0.5202)  loss_bbox_interm: 0.6492 (1.5016)  loss_giou_interm: 0.9765 (1.5704)  loss_ce_dn_unscaled: 0.0872 (0.2020)  loss_bbox_dn_unscaled: 0.0310 (0.0847)  loss_giou_dn_unscaled: 0.1868 (0.2870)  loss_xy_dn_unscaled: 0.0097 (0.0257)  loss_hw_dn_unscaled: 0.0202 (0.0590)  cardinality_error_dn_unscaled: 171.0000 (169.1266)  loss_ce_unscaled: 0.3604 (0.4518)  class_error_unscaled: 10.7143 (19.2182)  loss_bbox_unscaled: 0.0646 (0.2595)  loss_giou_unscaled: 0.3146 (0.6893)  loss_xy_unscaled: 0.0211 (0.0718)  loss_hw_unscaled: 0.0402 (0.1877)  cardinality_error_unscaled: 287.0000 (278.7546)  loss_ce_0_unscaled: 0.3820 (0.4442)  loss_bbox_0_unscaled: 0.0895 (0.2919)  loss_giou_0_unscaled: 0.3969 (0.7577)  loss_xy_0_unscaled: 0.0310 (0.0802)  loss_hw_0_unscaled: 0.0605 (0.2117)  cardinality_error_0_unscaled: 276.6667 (277.9692)  loss_ce_dn_0_unscaled: 0.0794 (0.2275)  loss_bbox_dn_0_unscaled: 0.0555 (0.0897)  loss_giou_dn_0_unscaled: 0.2228 (0.2938)  loss_xy_dn_0_unscaled: 0.0171 (0.0298)  loss_hw_dn_0_unscaled: 0.0390 (0.0599)  cardinality_error_dn_0_unscaled: 170.0000 (171.1924)  loss_ce_1_unscaled: 0.3504 (0.4341)  loss_bbox_1_unscaled: 0.0786 (0.2792)  loss_giou_1_unscaled: 0.3322 (0.7305)  loss_xy_1_unscaled: 0.0262 (0.0761)  loss_hw_1_unscaled: 0.0514 (0.2031)  cardinality_error_1_unscaled: 284.0000 (275.8940)  loss_ce_dn_1_unscaled: 0.0630 (0.1842)  loss_bbox_dn_1_unscaled: 0.0398 (0.0833)  loss_giou_dn_1_unscaled: 0.1956 (0.2827)  loss_xy_dn_1_unscaled: 0.0121 (0.0269)  loss_hw_dn_1_unscaled: 0.0277 (0.0564)  cardinality_error_dn_1_unscaled: 170.0000 (168.7637)  loss_ce_2_unscaled: 0.3591 (0.4335)  loss_bbox_2_unscaled: 0.0689 (0.2706)  loss_giou_2_unscaled: 0.3251 (0.7123)  loss_xy_2_unscaled: 0.0238 (0.0745)  loss_hw_2_unscaled: 0.0468 (0.1962)  cardinality_error_2_unscaled: 285.6667 (278.4710)  loss_ce_dn_2_unscaled: 0.0639 (0.1743)  loss_bbox_dn_2_unscaled: 0.0340 (0.0817)  loss_giou_dn_2_unscaled: 0.1831 (0.2798)  loss_xy_dn_2_unscaled: 0.0106 (0.0260)  loss_hw_dn_2_unscaled: 0.0231 (0.0557)  cardinality_error_dn_2_unscaled: 170.3333 (170.2762)  loss_ce_3_unscaled: 0.3536 (0.4405)  loss_bbox_3_unscaled: 0.0650 (0.2651)  loss_giou_3_unscaled: 0.3221 (0.7008)  loss_xy_3_unscaled: 0.0222 (0.0733)  loss_hw_3_unscaled: 0.0422 (0.1918)  cardinality_error_3_unscaled: 286.0000 (279.1599)  loss_ce_dn_3_unscaled: 0.0677 (0.1795)  loss_bbox_dn_3_unscaled: 0.0308 (0.0818)  loss_giou_dn_3_unscaled: 0.1831 (0.2806)  loss_xy_dn_3_unscaled: 0.0100 (0.0256)  loss_hw_dn_3_unscaled: 0.0211 (0.0562)  cardinality_error_dn_3_unscaled: 170.3333 (169.7748)  loss_ce_4_unscaled: 0.3552 (0.4478)  loss_bbox_4_unscaled: 0.0649 (0.2618)  loss_giou_4_unscaled: 0.3111 (0.6945)  loss_xy_4_unscaled: 0.0216 (0.0725)  loss_hw_4_unscaled: 0.0398 (0.1893)  cardinality_error_4_unscaled: 285.3333 (279.8726)  loss_ce_dn_4_unscaled: 0.0769 (0.1888)  loss_bbox_dn_4_unscaled: 0.0312 (0.0830)  loss_giou_dn_4_unscaled: 0.1837 (0.2834)  loss_xy_dn_4_unscaled: 0.0099 (0.0256)  loss_hw_dn_4_unscaled: 0.0205 (0.0574)  cardinality_error_dn_4_unscaled: 171.0000 (169.2269)  loss_ce_interm_unscaled: 0.4357 (0.5202)  loss_bbox_interm_unscaled: 0.1298 (0.3003)  loss_giou_interm_unscaled: 0.4882 (0.7852)  loss_xy_interm_unscaled: 0.0445 (0.0766)  loss_hw_interm_unscaled: 0.0783 (0.2237)  cardinality_error_interm_unscaled: 288.0000 (280.9716)  time: 0.3039  data: 0.0002  max mem: 24379
Epoch: [0]  [   820/111901]  eta: 10:11:52  lr: 0.000082  class_error: 0.00  loss: 12.4981 (29.8351)  loss_ce_dn: 0.0660 (0.2003)  loss_bbox_dn: 0.1644 (0.4203)  loss_giou_dn: 0.3716 (0.5715)  loss_ce: 0.3276 (0.4503)  loss_bbox: 0.2531 (1.2849)  loss_giou: 0.5236 (1.3677)  loss_ce_0: 0.3537 (0.4431)  loss_bbox_0: 0.4109 (1.4468)  loss_giou_0: 0.6822 (1.5050)  loss_ce_dn_0: 0.0761 (0.2257)  loss_bbox_dn_0: 0.2872 (0.4465)  loss_giou_dn_0: 0.4435 (0.5857)  loss_ce_1: 0.3408 (0.4330)  loss_bbox_1: 0.3085 (1.3829)  loss_giou_1: 0.5846 (1.4502)  loss_ce_dn_1: 0.0615 (0.1826)  loss_bbox_dn_1: 0.1976 (0.4141)  loss_giou_dn_1: 0.3853 (0.5633)  loss_ce_2: 0.3420 (0.4322)  loss_bbox_2: 0.2695 (1.3402)  loss_giou_2: 0.5500 (1.4135)  loss_ce_dn_2: 0.0543 (0.1728)  loss_bbox_dn_2: 0.1750 (0.4057)  loss_giou_dn_2: 0.3661 (0.5572)  loss_ce_3: 0.3182 (0.4391)  loss_bbox_3: 0.2532 (1.3126)  loss_giou_3: 0.5288 (1.3906)  loss_ce_dn_3: 0.0570 (0.1781)  loss_bbox_dn_3: 0.1681 (0.4060)  loss_giou_dn_3: 0.3705 (0.5588)  loss_ce_4: 0.3244 (0.4463)  loss_bbox_4: 0.2534 (1.2961)  loss_giou_4: 0.5332 (1.3779)  loss_ce_dn_4: 0.0607 (0.1872)  loss_bbox_dn_4: 0.1636 (0.4119)  loss_giou_dn_4: 0.3664 (0.5644)  loss_ce_interm: 0.4356 (0.5193)  loss_bbox_interm: 0.5618 (1.4903)  loss_giou_interm: 0.8444 (1.5613)  loss_ce_dn_unscaled: 0.0660 (0.2003)  loss_bbox_dn_unscaled: 0.0329 (0.0841)  loss_giou_dn_unscaled: 0.1858 (0.2858)  loss_xy_dn_unscaled: 0.0101 (0.0255)  loss_hw_dn_unscaled: 0.0219 (0.0586)  cardinality_error_dn_unscaled: 171.0000 (169.1056)  loss_ce_unscaled: 0.3276 (0.4503)  class_error_unscaled: 7.6923 (19.0534)  loss_bbox_unscaled: 0.0506 (0.2570)  loss_giou_unscaled: 0.2618 (0.6838)  loss_xy_unscaled: 0.0155 (0.0712)  loss_hw_unscaled: 0.0302 (0.1858)  cardinality_error_unscaled: 283.6667 (278.7739)  loss_ce_0_unscaled: 0.3537 (0.4431)  loss_bbox_0_unscaled: 0.0822 (0.2894)  loss_giou_0_unscaled: 0.3411 (0.7525)  loss_xy_0_unscaled: 0.0285 (0.0795)  loss_hw_0_unscaled: 0.0589 (0.2099)  cardinality_error_0_unscaled: 272.6667 (277.8993)  loss_ce_dn_0_unscaled: 0.0761 (0.2257)  loss_bbox_dn_0_unscaled: 0.0574 (0.0893)  loss_giou_dn_0_unscaled: 0.2218 (0.2929)  loss_xy_dn_0_unscaled: 0.0179 (0.0296)  loss_hw_dn_0_unscaled: 0.0387 (0.0597)  cardinality_error_dn_0_unscaled: 167.6667 (171.0694)  loss_ce_1_unscaled: 0.3408 (0.4330)  loss_bbox_1_unscaled: 0.0617 (0.2766)  loss_giou_1_unscaled: 0.2923 (0.7251)  loss_xy_1_unscaled: 0.0205 (0.0755)  loss_hw_1_unscaled: 0.0422 (0.2011)  cardinality_error_1_unscaled: 278.3333 (275.8392)  loss_ce_dn_1_unscaled: 0.0615 (0.1826)  loss_bbox_dn_1_unscaled: 0.0395 (0.0828)  loss_giou_dn_1_unscaled: 0.1927 (0.2816)  loss_xy_dn_1_unscaled: 0.0124 (0.0268)  loss_hw_dn_1_unscaled: 0.0273 (0.0561)  cardinality_error_dn_1_unscaled: 166.0000 (168.5851)  loss_ce_2_unscaled: 0.3420 (0.4322)  loss_bbox_2_unscaled: 0.0539 (0.2680)  loss_giou_2_unscaled: 0.2750 (0.7067)  loss_xy_2_unscaled: 0.0172 (0.0738)  loss_hw_2_unscaled: 0.0327 (0.1942)  cardinality_error_2_unscaled: 280.0000 (278.4288)  loss_ce_dn_2_unscaled: 0.0543 (0.1728)  loss_bbox_dn_2_unscaled: 0.0350 (0.0811)  loss_giou_dn_2_unscaled: 0.1831 (0.2786)  loss_xy_dn_2_unscaled: 0.0109 (0.0258)  loss_hw_dn_2_unscaled: 0.0237 (0.0553)  cardinality_error_dn_2_unscaled: 166.0000 (170.0548)  loss_ce_3_unscaled: 0.3182 (0.4391)  loss_bbox_3_unscaled: 0.0506 (0.2625)  loss_giou_3_unscaled: 0.2644 (0.6953)  loss_xy_3_unscaled: 0.0165 (0.0726)  loss_hw_3_unscaled: 0.0323 (0.1899)  cardinality_error_3_unscaled: 282.3333 (279.1169)  loss_ce_dn_3_unscaled: 0.0570 (0.1781)  loss_bbox_dn_3_unscaled: 0.0336 (0.0812)  loss_giou_dn_3_unscaled: 0.1853 (0.2794)  loss_xy_dn_3_unscaled: 0.0102 (0.0254)  loss_hw_dn_3_unscaled: 0.0231 (0.0558)  cardinality_error_dn_3_unscaled: 164.3333 (169.6025)  loss_ce_4_unscaled: 0.3244 (0.4463)  loss_bbox_4_unscaled: 0.0507 (0.2592)  loss_giou_4_unscaled: 0.2666 (0.6890)  loss_xy_4_unscaled: 0.0156 (0.0718)  loss_hw_4_unscaled: 0.0321 (0.1874)  cardinality_error_4_unscaled: 282.0000 (279.8449)  loss_ce_dn_4_unscaled: 0.0607 (0.1872)  loss_bbox_dn_4_unscaled: 0.0327 (0.0824)  loss_giou_dn_4_unscaled: 0.1832 (0.2822)  loss_xy_dn_4_unscaled: 0.0099 (0.0254)  loss_hw_dn_4_unscaled: 0.0222 (0.0570)  cardinality_error_dn_4_unscaled: 166.0000 (169.0922)  loss_ce_interm_unscaled: 0.4356 (0.5193)  loss_bbox_interm_unscaled: 0.1124 (0.2981)  loss_giou_interm_unscaled: 0.4222 (0.7806)  loss_xy_interm_unscaled: 0.0387 (0.0761)  loss_hw_interm_unscaled: 0.0758 (0.2220)  cardinality_error_interm_unscaled: 288.6667 (281.0264)  time: 0.3157  data: 0.0002  max mem: 24379
Epoch: [0]  [   830/111901]  eta: 10:11:21  lr: 0.000083  class_error: 0.00  loss: 12.2088 (29.6315)  loss_ce_dn: 0.0712 (0.1987)  loss_bbox_dn: 0.1644 (0.4172)  loss_giou_dn: 0.3596 (0.5688)  loss_ce: 0.3315 (0.4490)  loss_bbox: 0.1981 (1.2727)  loss_giou: 0.4356 (1.3568)  loss_ce_0: 0.3535 (0.4422)  loss_bbox_0: 0.3899 (1.4348)  loss_giou_0: 0.6370 (1.4951)  loss_ce_dn_0: 0.0707 (0.2239)  loss_bbox_dn_0: 0.2892 (0.4447)  loss_giou_dn_0: 0.4344 (0.5841)  loss_ce_1: 0.3458 (0.4321)  loss_bbox_1: 0.2771 (1.3705)  loss_giou_1: 0.5602 (1.4396)  loss_ce_dn_1: 0.0655 (0.1812)  loss_bbox_dn_1: 0.2120 (0.4116)  loss_giou_dn_1: 0.3810 (0.5611)  loss_ce_2: 0.3270 (0.4312)  loss_bbox_2: 0.2374 (1.3278)  loss_giou_2: 0.4996 (1.4025)  loss_ce_dn_2: 0.0641 (0.1715)  loss_bbox_dn_2: 0.1808 (0.4029)  loss_giou_dn_2: 0.3651 (0.5547)  loss_ce_3: 0.3182 (0.4380)  loss_bbox_3: 0.2223 (1.3002)  loss_giou_3: 0.4668 (1.3797)  loss_ce_dn_3: 0.0607 (0.1766)  loss_bbox_dn_3: 0.1677 (0.4031)  loss_giou_dn_3: 0.3682 (0.5562)  loss_ce_4: 0.3322 (0.4451)  loss_bbox_4: 0.1985 (1.2837)  loss_giou_4: 0.4544 (1.3670)  loss_ce_dn_4: 0.0678 (0.1857)  loss_bbox_dn_4: 0.1636 (0.4089)  loss_giou_dn_4: 0.3566 (0.5617)  loss_ce_interm: 0.4356 (0.5183)  loss_bbox_interm: 0.5177 (1.4795)  loss_giou_interm: 0.7977 (1.5531)  loss_ce_dn_unscaled: 0.0712 (0.1987)  loss_bbox_dn_unscaled: 0.0329 (0.0834)  loss_giou_dn_unscaled: 0.1798 (0.2844)  loss_xy_dn_unscaled: 0.0104 (0.0253)  loss_hw_dn_unscaled: 0.0219 (0.0581)  cardinality_error_dn_unscaled: 171.0000 (169.1035)  loss_ce_unscaled: 0.3315 (0.4490)  class_error_unscaled: 6.6667 (18.9196)  loss_bbox_unscaled: 0.0396 (0.2545)  loss_giou_unscaled: 0.2178 (0.6784)  loss_xy_unscaled: 0.0132 (0.0706)  loss_hw_unscaled: 0.0236 (0.1840)  cardinality_error_unscaled: 279.0000 (278.6185)  loss_ce_0_unscaled: 0.3535 (0.4422)  loss_bbox_0_unscaled: 0.0780 (0.2870)  loss_giou_0_unscaled: 0.3185 (0.7476)  loss_xy_0_unscaled: 0.0266 (0.0789)  loss_hw_0_unscaled: 0.0503 (0.2081)  cardinality_error_0_unscaled: 272.6667 (277.6346)  loss_ce_dn_0_unscaled: 0.0707 (0.2239)  loss_bbox_dn_0_unscaled: 0.0578 (0.0889)  loss_giou_dn_0_unscaled: 0.2172 (0.2920)  loss_xy_dn_0_unscaled: 0.0188 (0.0295)  loss_hw_dn_0_unscaled: 0.0387 (0.0594)  cardinality_error_dn_0_unscaled: 168.6667 (170.9715)  loss_ce_1_unscaled: 0.3458 (0.4321)  loss_bbox_1_unscaled: 0.0554 (0.2741)  loss_giou_1_unscaled: 0.2801 (0.7198)  loss_xy_1_unscaled: 0.0172 (0.0748)  loss_hw_1_unscaled: 0.0393 (0.1993)  cardinality_error_1_unscaled: 271.3333 (275.5540)  loss_ce_dn_1_unscaled: 0.0655 (0.1812)  loss_bbox_dn_1_unscaled: 0.0424 (0.0823)  loss_giou_dn_1_unscaled: 0.1905 (0.2805)  loss_xy_dn_1_unscaled: 0.0129 (0.0266)  loss_hw_dn_1_unscaled: 0.0279 (0.0557)  cardinality_error_dn_1_unscaled: 159.0000 (168.4063)  loss_ce_2_unscaled: 0.3270 (0.4312)  loss_bbox_2_unscaled: 0.0475 (0.2656)  loss_giou_2_unscaled: 0.2498 (0.7012)  loss_xy_2_unscaled: 0.0158 (0.0732)  loss_hw_2_unscaled: 0.0305 (0.1924)  cardinality_error_2_unscaled: 277.0000 (278.2339)  loss_ce_dn_2_unscaled: 0.0641 (0.1715)  loss_bbox_dn_2_unscaled: 0.0362 (0.0806)  loss_giou_dn_2_unscaled: 0.1826 (0.2773)  loss_xy_dn_2_unscaled: 0.0111 (0.0256)  loss_hw_dn_2_unscaled: 0.0254 (0.0550)  cardinality_error_dn_2_unscaled: 163.3333 (169.9836)  loss_ce_3_unscaled: 0.3182 (0.4380)  loss_bbox_3_unscaled: 0.0445 (0.2600)  loss_giou_3_unscaled: 0.2334 (0.6899)  loss_xy_3_unscaled: 0.0158 (0.0720)  loss_hw_3_unscaled: 0.0282 (0.1880)  cardinality_error_3_unscaled: 276.3333 (278.9868)  loss_ce_dn_3_unscaled: 0.0607 (0.1766)  loss_bbox_dn_3_unscaled: 0.0335 (0.0806)  loss_giou_dn_3_unscaled: 0.1841 (0.2781)  loss_xy_dn_3_unscaled: 0.0102 (0.0252)  loss_hw_dn_3_unscaled: 0.0231 (0.0554)  cardinality_error_dn_3_unscaled: 169.3333 (169.6458)  loss_ce_4_unscaled: 0.3322 (0.4451)  loss_bbox_4_unscaled: 0.0397 (0.2567)  loss_giou_4_unscaled: 0.2272 (0.6835)  loss_xy_4_unscaled: 0.0140 (0.0712)  loss_hw_4_unscaled: 0.0245 (0.1855)  cardinality_error_4_unscaled: 275.6667 (279.6193)  loss_ce_dn_4_unscaled: 0.0678 (0.1857)  loss_bbox_dn_4_unscaled: 0.0327 (0.0818)  loss_giou_dn_4_unscaled: 0.1783 (0.2809)  loss_xy_dn_4_unscaled: 0.0102 (0.0252)  loss_hw_dn_4_unscaled: 0.0222 (0.0566)  cardinality_error_dn_4_unscaled: 164.0000 (169.0060)  loss_ce_interm_unscaled: 0.4356 (0.5183)  loss_bbox_interm_unscaled: 0.1035 (0.2959)  loss_giou_interm_unscaled: 0.3989 (0.7766)  loss_xy_interm_unscaled: 0.0355 (0.0756)  loss_hw_interm_unscaled: 0.0734 (0.2203)  cardinality_error_interm_unscaled: 288.3333 (280.7726)  time: 0.3131  data: 0.0002  max mem: 24379
Epoch: [0]  [   840/111901]  eta: 10:10:53  lr: 0.000084  class_error: 4.55  loss: 11.8532 (29.4218)  loss_ce_dn: 0.0741 (0.1973)  loss_bbox_dn: 0.1639 (0.4141)  loss_giou_dn: 0.3591 (0.5663)  loss_ce: 0.3376 (0.4477)  loss_bbox: 0.1720 (1.2598)  loss_giou: 0.4356 (1.3460)  loss_ce_0: 0.3507 (0.4412)  loss_bbox_0: 0.3555 (1.4218)  loss_giou_0: 0.6315 (1.4846)  loss_ce_dn_0: 0.0884 (0.2223)  loss_bbox_dn_0: 0.2917 (0.4429)  loss_giou_dn_0: 0.4359 (0.5823)  loss_ce_1: 0.3404 (0.4309)  loss_bbox_1: 0.2274 (1.3572)  loss_giou_1: 0.5265 (1.4288)  loss_ce_dn_1: 0.0685 (0.1799)  loss_bbox_dn_1: 0.2131 (0.4093)  loss_giou_dn_1: 0.3841 (0.5589)  loss_ce_2: 0.3270 (0.4300)  loss_bbox_2: 0.2075 (1.3147)  loss_giou_2: 0.4726 (1.3914)  loss_ce_dn_2: 0.0663 (0.1702)  loss_bbox_dn_2: 0.1821 (0.4003)  loss_giou_dn_2: 0.3547 (0.5522)  loss_ce_3: 0.3340 (0.4368)  loss_bbox_3: 0.1869 (1.2872)  loss_giou_3: 0.4610 (1.3689)  loss_ce_dn_3: 0.0657 (0.1754)  loss_bbox_dn_3: 0.1694 (0.4003)  loss_giou_dn_3: 0.3538 (0.5537)  loss_ce_4: 0.3472 (0.4440)  loss_bbox_4: 0.1671 (1.2708)  loss_giou_4: 0.4573 (1.3562)  loss_ce_dn_4: 0.0715 (0.1844)  loss_bbox_dn_4: 0.1676 (0.4060)  loss_giou_dn_4: 0.3566 (0.5593)  loss_ce_interm: 0.4411 (0.5174)  loss_bbox_interm: 0.5110 (1.4678)  loss_giou_interm: 0.8039 (1.5439)  loss_ce_dn_unscaled: 0.0741 (0.1973)  loss_bbox_dn_unscaled: 0.0328 (0.0828)  loss_giou_dn_unscaled: 0.1796 (0.2832)  loss_xy_dn_unscaled: 0.0105 (0.0251)  loss_hw_dn_unscaled: 0.0219 (0.0577)  cardinality_error_dn_unscaled: 171.0000 (169.0836)  loss_ce_unscaled: 0.3376 (0.4477)  class_error_unscaled: 4.5455 (18.7634)  loss_bbox_unscaled: 0.0344 (0.2520)  loss_giou_unscaled: 0.2178 (0.6730)  loss_xy_unscaled: 0.0128 (0.0699)  loss_hw_unscaled: 0.0215 (0.1821)  cardinality_error_unscaled: 269.3333 (278.4844)  loss_ce_0_unscaled: 0.3507 (0.4412)  loss_bbox_0_unscaled: 0.0711 (0.2844)  loss_giou_0_unscaled: 0.3158 (0.7423)  loss_xy_0_unscaled: 0.0220 (0.0782)  loss_hw_0_unscaled: 0.0486 (0.2061)  cardinality_error_0_unscaled: 266.0000 (277.5394)  loss_ce_dn_0_unscaled: 0.0884 (0.2223)  loss_bbox_dn_0_unscaled: 0.0583 (0.0886)  loss_giou_dn_0_unscaled: 0.2180 (0.2911)  loss_xy_dn_0_unscaled: 0.0188 (0.0294)  loss_hw_dn_0_unscaled: 0.0403 (0.0592)  cardinality_error_dn_0_unscaled: 174.6667 (170.9592)  loss_ce_1_unscaled: 0.3404 (0.4309)  loss_bbox_1_unscaled: 0.0455 (0.2714)  loss_giou_1_unscaled: 0.2633 (0.7144)  loss_xy_1_unscaled: 0.0167 (0.0741)  loss_hw_1_unscaled: 0.0308 (0.1973)  cardinality_error_1_unscaled: 265.0000 (275.4649)  loss_ce_dn_1_unscaled: 0.0685 (0.1799)  loss_bbox_dn_1_unscaled: 0.0426 (0.0819)  loss_giou_dn_1_unscaled: 0.1920 (0.2794)  loss_xy_dn_1_unscaled: 0.0127 (0.0264)  loss_hw_dn_1_unscaled: 0.0293 (0.0554)  cardinality_error_dn_1_unscaled: 159.0000 (168.4079)  loss_ce_2_unscaled: 0.3270 (0.4300)  loss_bbox_2_unscaled: 0.0415 (0.2629)  loss_giou_2_unscaled: 0.2363 (0.6957)  loss_xy_2_unscaled: 0.0140 (0.0725)  loss_hw_2_unscaled: 0.0254 (0.1905)  cardinality_error_2_unscaled: 277.0000 (278.1744)  loss_ce_dn_2_unscaled: 0.0663 (0.1702)  loss_bbox_dn_2_unscaled: 0.0364 (0.0801)  loss_giou_dn_2_unscaled: 0.1773 (0.2761)  loss_xy_dn_2_unscaled: 0.0114 (0.0254)  loss_hw_dn_2_unscaled: 0.0254 (0.0546)  cardinality_error_dn_2_unscaled: 171.6667 (169.9695)  loss_ce_3_unscaled: 0.3340 (0.4368)  loss_bbox_3_unscaled: 0.0374 (0.2574)  loss_giou_3_unscaled: 0.2305 (0.6844)  loss_xy_3_unscaled: 0.0131 (0.0713)  loss_hw_3_unscaled: 0.0232 (0.1861)  cardinality_error_3_unscaled: 273.0000 (278.9029)  loss_ce_dn_3_unscaled: 0.0657 (0.1754)  loss_bbox_dn_3_unscaled: 0.0339 (0.0801)  loss_giou_dn_3_unscaled: 0.1769 (0.2769)  loss_xy_dn_3_unscaled: 0.0108 (0.0250)  loss_hw_dn_3_unscaled: 0.0230 (0.0550)  cardinality_error_dn_3_unscaled: 174.6667 (169.6365)  loss_ce_4_unscaled: 0.3472 (0.4440)  loss_bbox_4_unscaled: 0.0334 (0.2542)  loss_giou_4_unscaled: 0.2286 (0.6781)  loss_xy_4_unscaled: 0.0129 (0.0706)  loss_hw_4_unscaled: 0.0210 (0.1836)  cardinality_error_4_unscaled: 270.6667 (279.5165)  loss_ce_dn_4_unscaled: 0.0715 (0.1844)  loss_bbox_dn_4_unscaled: 0.0335 (0.0812)  loss_giou_dn_4_unscaled: 0.1783 (0.2796)  loss_xy_dn_4_unscaled: 0.0106 (0.0250)  loss_hw_dn_4_unscaled: 0.0222 (0.0562)  cardinality_error_dn_4_unscaled: 171.0000 (169.0052)  loss_ce_interm_unscaled: 0.4411 (0.5174)  loss_bbox_interm_unscaled: 0.1022 (0.2936)  loss_giou_interm_unscaled: 0.4019 (0.7720)  loss_xy_interm_unscaled: 0.0323 (0.0751)  loss_hw_interm_unscaled: 0.0699 (0.2185)  cardinality_error_interm_unscaled: 276.3333 (280.6770)  time: 0.3110  data: 0.0002  max mem: 24379
Epoch: [0]  [   850/111901]  eta: 10:10:38  lr: 0.000085  class_error: 2.94  loss: 11.7034 (29.2238)  loss_ce_dn: 0.0691 (0.1957)  loss_bbox_dn: 0.1491 (0.4108)  loss_giou_dn: 0.3224 (0.5636)  loss_ce: 0.3344 (0.4462)  loss_bbox: 0.1916 (1.2477)  loss_giou: 0.4679 (1.3370)  loss_ce_0: 0.3574 (0.4401)  loss_bbox_0: 0.3212 (1.4092)  loss_giou_0: 0.6084 (1.4758)  loss_ce_dn_0: 0.0821 (0.2206)  loss_bbox_dn_0: 0.2642 (0.4408)  loss_giou_dn_0: 0.4283 (0.5806)  loss_ce_1: 0.3335 (0.4297)  loss_bbox_1: 0.2274 (1.3445)  loss_giou_1: 0.5489 (1.4196)  loss_ce_dn_1: 0.0640 (0.1785)  loss_bbox_dn_1: 0.1875 (0.4066)  loss_giou_dn_1: 0.3623 (0.5567)  loss_ce_2: 0.3203 (0.4286)  loss_bbox_2: 0.2075 (1.3021)  loss_giou_2: 0.4771 (1.3820)  loss_ce_dn_2: 0.0593 (0.1689)  loss_bbox_dn_2: 0.1698 (0.3974)  loss_giou_dn_2: 0.3289 (0.5497)  loss_ce_3: 0.3335 (0.4354)  loss_bbox_3: 0.1948 (1.2748)  loss_giou_3: 0.4799 (1.3596)  loss_ce_dn_3: 0.0639 (0.1740)  loss_bbox_dn_3: 0.1602 (0.3972)  loss_giou_dn_3: 0.3208 (0.5511)  loss_ce_4: 0.3407 (0.4425)  loss_bbox_4: 0.1878 (1.2585)  loss_giou_4: 0.4721 (1.3471)  loss_ce_dn_4: 0.0658 (0.1830)  loss_bbox_dn_4: 0.1499 (0.4028)  loss_giou_dn_4: 0.3218 (0.5566)  loss_ce_interm: 0.4226 (0.5162)  loss_bbox_interm: 0.4793 (1.4564)  loss_giou_interm: 0.8070 (1.5363)  loss_ce_dn_unscaled: 0.0691 (0.1957)  loss_bbox_dn_unscaled: 0.0298 (0.0822)  loss_giou_dn_unscaled: 0.1612 (0.2818)  loss_xy_dn_unscaled: 0.0094 (0.0249)  loss_hw_dn_unscaled: 0.0201 (0.0572)  cardinality_error_dn_unscaled: 164.3333 (168.9867)  loss_ce_unscaled: 0.3344 (0.4462)  class_error_unscaled: 4.5455 (18.6394)  loss_bbox_unscaled: 0.0383 (0.2495)  loss_giou_unscaled: 0.2339 (0.6685)  loss_xy_unscaled: 0.0142 (0.0693)  loss_hw_unscaled: 0.0234 (0.1803)  cardinality_error_unscaled: 274.3333 (278.4003)  loss_ce_0_unscaled: 0.3574 (0.4401)  loss_bbox_0_unscaled: 0.0642 (0.2818)  loss_giou_0_unscaled: 0.3042 (0.7379)  loss_xy_0_unscaled: 0.0193 (0.0776)  loss_hw_0_unscaled: 0.0449 (0.2043)  cardinality_error_0_unscaled: 266.0000 (277.3952)  loss_ce_dn_0_unscaled: 0.0821 (0.2206)  loss_bbox_dn_0_unscaled: 0.0528 (0.0882)  loss_giou_dn_0_unscaled: 0.2142 (0.2903)  loss_xy_dn_0_unscaled: 0.0165 (0.0292)  loss_hw_dn_0_unscaled: 0.0362 (0.0589)  cardinality_error_dn_0_unscaled: 166.6667 (170.8649)  loss_ce_1_unscaled: 0.3335 (0.4297)  loss_bbox_1_unscaled: 0.0455 (0.2689)  loss_giou_1_unscaled: 0.2744 (0.7098)  loss_xy_1_unscaled: 0.0162 (0.0735)  loss_hw_1_unscaled: 0.0315 (0.1954)  cardinality_error_1_unscaled: 264.6667 (275.3267)  loss_ce_dn_1_unscaled: 0.0640 (0.1785)  loss_bbox_dn_1_unscaled: 0.0375 (0.0813)  loss_giou_dn_1_unscaled: 0.1811 (0.2783)  loss_xy_dn_1_unscaled: 0.0110 (0.0262)  loss_hw_dn_1_unscaled: 0.0257 (0.0551)  cardinality_error_dn_1_unscaled: 166.6667 (168.3216)  loss_ce_2_unscaled: 0.3203 (0.4286)  loss_bbox_2_unscaled: 0.0415 (0.2604)  loss_giou_2_unscaled: 0.2385 (0.6910)  loss_xy_2_unscaled: 0.0155 (0.0718)  loss_hw_2_unscaled: 0.0268 (0.1886)  cardinality_error_2_unscaled: 278.0000 (278.1207)  loss_ce_dn_2_unscaled: 0.0593 (0.1689)  loss_bbox_dn_2_unscaled: 0.0340 (0.0795)  loss_giou_dn_2_unscaled: 0.1645 (0.2749)  loss_xy_dn_2_unscaled: 0.0097 (0.0253)  loss_hw_dn_2_unscaled: 0.0231 (0.0542)  cardinality_error_dn_2_unscaled: 167.6667 (169.8798)  loss_ce_3_unscaled: 0.3335 (0.4354)  loss_bbox_3_unscaled: 0.0390 (0.2550)  loss_giou_3_unscaled: 0.2399 (0.6798)  loss_xy_3_unscaled: 0.0146 (0.0707)  loss_hw_3_unscaled: 0.0236 (0.1843)  cardinality_error_3_unscaled: 278.0000 (278.8613)  loss_ce_dn_3_unscaled: 0.0639 (0.1740)  loss_bbox_dn_3_unscaled: 0.0320 (0.0794)  loss_giou_dn_3_unscaled: 0.1604 (0.2756)  loss_xy_dn_3_unscaled: 0.0089 (0.0248)  loss_hw_dn_3_unscaled: 0.0214 (0.0546)  cardinality_error_dn_3_unscaled: 168.6667 (169.5629)  loss_ce_4_unscaled: 0.3407 (0.4425)  loss_bbox_4_unscaled: 0.0376 (0.2517)  loss_giou_4_unscaled: 0.2360 (0.6735)  loss_xy_4_unscaled: 0.0149 (0.0699)  loss_hw_4_unscaled: 0.0226 (0.1818)  cardinality_error_4_unscaled: 278.0000 (279.4767)  loss_ce_dn_4_unscaled: 0.0658 (0.1830)  loss_bbox_dn_4_unscaled: 0.0300 (0.0806)  loss_giou_dn_4_unscaled: 0.1609 (0.2783)  loss_xy_dn_4_unscaled: 0.0090 (0.0248)  loss_hw_dn_4_unscaled: 0.0206 (0.0557)  cardinality_error_dn_4_unscaled: 168.6667 (168.9416)  loss_ce_interm_unscaled: 0.4226 (0.5162)  loss_bbox_interm_unscaled: 0.0959 (0.2913)  loss_giou_interm_unscaled: 0.4035 (0.7682)  loss_xy_interm_unscaled: 0.0289 (0.0746)  loss_hw_interm_unscaled: 0.0636 (0.2167)  cardinality_error_interm_unscaled: 279.0000 (280.6185)  time: 0.3164  data: 0.0003  max mem: 24379
Epoch: [0]  [   860/111901]  eta: 10:10:41  lr: 0.000086  class_error: 3.12  loss: 11.7034 (29.0371)  loss_ce_dn: 0.0690 (0.1943)  loss_bbox_dn: 0.1464 (0.4078)  loss_giou_dn: 0.3254 (0.5616)  loss_ce: 0.3172 (0.4449)  loss_bbox: 0.2007 (1.2360)  loss_giou: 0.4892 (1.3278)  loss_ce_0: 0.3595 (0.4392)  loss_bbox_0: 0.3212 (1.3973)  loss_giou_0: 0.6390 (1.4671)  loss_ce_dn_0: 0.0814 (0.2191)  loss_bbox_dn_0: 0.2660 (0.4391)  loss_giou_dn_0: 0.4319 (0.5792)  loss_ce_1: 0.3209 (0.4286)  loss_bbox_1: 0.2711 (1.3323)  loss_giou_1: 0.5564 (1.4104)  loss_ce_dn_1: 0.0607 (0.1771)  loss_bbox_dn_1: 0.1849 (0.4043)  loss_giou_dn_1: 0.3687 (0.5549)  loss_ce_2: 0.3039 (0.4274)  loss_bbox_2: 0.2246 (1.2900)  loss_giou_2: 0.5106 (1.3727)  loss_ce_dn_2: 0.0559 (0.1676)  loss_bbox_dn_2: 0.1673 (0.3948)  loss_giou_dn_2: 0.3362 (0.5479)  loss_ce_3: 0.3114 (0.4340)  loss_bbox_3: 0.2158 (1.2630)  loss_giou_3: 0.5055 (1.3504)  loss_ce_dn_3: 0.0591 (0.1727)  loss_bbox_dn_3: 0.1514 (0.3944)  loss_giou_dn_3: 0.3394 (0.5493)  loss_ce_4: 0.3086 (0.4411)  loss_bbox_4: 0.2016 (1.2468)  loss_giou_4: 0.4822 (1.3379)  loss_ce_dn_4: 0.0653 (0.1816)  loss_bbox_dn_4: 0.1499 (0.3999)  loss_giou_dn_4: 0.3347 (0.5546)  loss_ce_interm: 0.4219 (0.5153)  loss_bbox_interm: 0.4872 (1.4458)  loss_giou_interm: 0.8244 (1.5287)  loss_ce_dn_unscaled: 0.0690 (0.1943)  loss_bbox_dn_unscaled: 0.0293 (0.0816)  loss_giou_dn_unscaled: 0.1627 (0.2808)  loss_xy_dn_unscaled: 0.0092 (0.0248)  loss_hw_dn_unscaled: 0.0201 (0.0568)  cardinality_error_dn_unscaled: 163.0000 (168.7832)  loss_ce_unscaled: 0.3172 (0.4449)  class_error_unscaled: 5.7692 (18.4978)  loss_bbox_unscaled: 0.0401 (0.2472)  loss_giou_unscaled: 0.2446 (0.6639)  loss_xy_unscaled: 0.0146 (0.0686)  loss_hw_unscaled: 0.0265 (0.1786)  cardinality_error_unscaled: 274.3333 (278.3175)  loss_ce_0_unscaled: 0.3595 (0.4392)  loss_bbox_0_unscaled: 0.0642 (0.2795)  loss_giou_0_unscaled: 0.3195 (0.7335)  loss_xy_0_unscaled: 0.0193 (0.0770)  loss_hw_0_unscaled: 0.0449 (0.2025)  cardinality_error_0_unscaled: 264.3333 (277.2489)  loss_ce_dn_0_unscaled: 0.0814 (0.2191)  loss_bbox_dn_0_unscaled: 0.0532 (0.0878)  loss_giou_dn_0_unscaled: 0.2159 (0.2896)  loss_xy_dn_0_unscaled: 0.0166 (0.0291)  loss_hw_dn_0_unscaled: 0.0366 (0.0587)  cardinality_error_dn_0_unscaled: 166.3333 (170.6880)  loss_ce_1_unscaled: 0.3209 (0.4286)  loss_bbox_1_unscaled: 0.0542 (0.2665)  loss_giou_1_unscaled: 0.2782 (0.7052)  loss_xy_1_unscaled: 0.0159 (0.0728)  loss_hw_1_unscaled: 0.0356 (0.1936)  cardinality_error_1_unscaled: 264.6667 (275.2234)  loss_ce_dn_1_unscaled: 0.0607 (0.1771)  loss_bbox_dn_1_unscaled: 0.0370 (0.0809)  loss_giou_dn_1_unscaled: 0.1843 (0.2775)  loss_xy_dn_1_unscaled: 0.0109 (0.0261)  loss_hw_dn_1_unscaled: 0.0257 (0.0548)  cardinality_error_dn_1_unscaled: 160.6667 (168.1343)  loss_ce_2_unscaled: 0.3039 (0.4274)  loss_bbox_2_unscaled: 0.0449 (0.2580)  loss_giou_2_unscaled: 0.2553 (0.6864)  loss_xy_2_unscaled: 0.0156 (0.0712)  loss_hw_2_unscaled: 0.0282 (0.1868)  cardinality_error_2_unscaled: 274.6667 (278.0132)  loss_ce_dn_2_unscaled: 0.0559 (0.1676)  loss_bbox_dn_2_unscaled: 0.0335 (0.0790)  loss_giou_dn_2_unscaled: 0.1681 (0.2740)  loss_xy_dn_2_unscaled: 0.0096 (0.0251)  loss_hw_dn_2_unscaled: 0.0226 (0.0539)  cardinality_error_dn_2_unscaled: 166.3333 (169.7185)  loss_ce_3_unscaled: 0.3114 (0.4340)  loss_bbox_3_unscaled: 0.0432 (0.2526)  loss_giou_3_unscaled: 0.2528 (0.6752)  loss_xy_3_unscaled: 0.0149 (0.0701)  loss_hw_3_unscaled: 0.0274 (0.1825)  cardinality_error_3_unscaled: 278.3333 (278.8401)  loss_ce_dn_3_unscaled: 0.0591 (0.1727)  loss_bbox_dn_3_unscaled: 0.0303 (0.0789)  loss_giou_dn_3_unscaled: 0.1697 (0.2746)  loss_xy_dn_3_unscaled: 0.0089 (0.0247)  loss_hw_dn_3_unscaled: 0.0211 (0.0542)  cardinality_error_dn_3_unscaled: 166.3333 (169.4499)  loss_ce_4_unscaled: 0.3086 (0.4411)  loss_bbox_4_unscaled: 0.0403 (0.2494)  loss_giou_4_unscaled: 0.2411 (0.6690)  loss_xy_4_unscaled: 0.0149 (0.0693)  loss_hw_4_unscaled: 0.0240 (0.1801)  cardinality_error_4_unscaled: 278.3333 (279.4208)  loss_ce_dn_4_unscaled: 0.0653 (0.1816)  loss_bbox_dn_4_unscaled: 0.0300 (0.0800)  loss_giou_dn_4_unscaled: 0.1673 (0.2773)  loss_xy_dn_4_unscaled: 0.0090 (0.0247)  loss_hw_dn_4_unscaled: 0.0204 (0.0553)  cardinality_error_dn_4_unscaled: 166.0000 (168.8165)  loss_ce_interm_unscaled: 0.4219 (0.5153)  loss_bbox_interm_unscaled: 0.0974 (0.2892)  loss_giou_interm_unscaled: 0.4122 (0.7643)  loss_xy_interm_unscaled: 0.0298 (0.0741)  loss_hw_interm_unscaled: 0.0670 (0.2150)  cardinality_error_interm_unscaled: 279.0000 (280.5192)  time: 0.3279  data: 0.0003  max mem: 24379
Epoch: [0]  [   870/111901]  eta: 10:10:30  lr: 0.000087  class_error: 0.00  loss: 11.5000 (28.8406)  loss_ce_dn: 0.0650 (0.1929)  loss_bbox_dn: 0.1624 (0.4051)  loss_giou_dn: 0.3532 (0.5591)  loss_ce: 0.3348 (0.4437)  loss_bbox: 0.2133 (1.2245)  loss_giou: 0.4331 (1.3172)  loss_ce_0: 0.3564 (0.4384)  loss_bbox_0: 0.3149 (1.3855)  loss_giou_0: 0.5976 (1.4567)  loss_ce_dn_0: 0.0802 (0.2175)  loss_bbox_dn_0: 0.2824 (0.4373)  loss_giou_dn_0: 0.4328 (0.5774)  loss_ce_1: 0.3413 (0.4277)  loss_bbox_1: 0.2405 (1.3204)  loss_giou_1: 0.4884 (1.3997)  loss_ce_dn_1: 0.0682 (0.1758)  loss_bbox_dn_1: 0.1903 (0.4020)  loss_giou_dn_1: 0.3698 (0.5528)  loss_ce_2: 0.3299 (0.4263)  loss_bbox_2: 0.2066 (1.2782)  loss_giou_2: 0.4329 (1.3619)  loss_ce_dn_2: 0.0601 (0.1664)  loss_bbox_dn_2: 0.1723 (0.3924)  loss_giou_dn_2: 0.3480 (0.5456)  loss_ce_3: 0.3221 (0.4328)  loss_bbox_3: 0.2128 (1.2513)  loss_giou_3: 0.4228 (1.3398)  loss_ce_dn_3: 0.0625 (0.1715)  loss_bbox_dn_3: 0.1626 (0.3919)  loss_giou_dn_3: 0.3426 (0.5468)  loss_ce_4: 0.3296 (0.4399)  loss_bbox_4: 0.2150 (1.2352)  loss_giou_4: 0.4495 (1.3274)  loss_ce_dn_4: 0.0647 (0.1803)  loss_bbox_dn_4: 0.1624 (0.3973)  loss_giou_dn_4: 0.3459 (0.5522)  loss_ce_interm: 0.4392 (0.5147)  loss_bbox_interm: 0.4691 (1.4353)  loss_giou_interm: 0.7621 (1.5195)  loss_ce_dn_unscaled: 0.0650 (0.1929)  loss_bbox_dn_unscaled: 0.0325 (0.0810)  loss_giou_dn_unscaled: 0.1766 (0.2796)  loss_xy_dn_unscaled: 0.0108 (0.0246)  loss_hw_dn_unscaled: 0.0220 (0.0564)  cardinality_error_dn_unscaled: 155.3333 (168.6192)  loss_ce_unscaled: 0.3348 (0.4437)  class_error_unscaled: 5.2632 (18.3731)  loss_bbox_unscaled: 0.0427 (0.2449)  loss_giou_unscaled: 0.2165 (0.6586)  loss_xy_unscaled: 0.0123 (0.0680)  loss_hw_unscaled: 0.0265 (0.1769)  cardinality_error_unscaled: 268.3333 (278.1003)  loss_ce_0_unscaled: 0.3564 (0.4384)  loss_bbox_0_unscaled: 0.0630 (0.2771)  loss_giou_0_unscaled: 0.2988 (0.7284)  loss_xy_0_unscaled: 0.0206 (0.0764)  loss_hw_0_unscaled: 0.0415 (0.2007)  cardinality_error_0_unscaled: 258.0000 (276.9162)  loss_ce_dn_0_unscaled: 0.0802 (0.2175)  loss_bbox_dn_0_unscaled: 0.0565 (0.0875)  loss_giou_dn_0_unscaled: 0.2164 (0.2887)  loss_xy_dn_0_unscaled: 0.0185 (0.0290)  loss_hw_dn_0_unscaled: 0.0377 (0.0585)  cardinality_error_dn_0_unscaled: 140.3333 (170.4041)  loss_ce_1_unscaled: 0.3413 (0.4277)  loss_bbox_1_unscaled: 0.0481 (0.2641)  loss_giou_1_unscaled: 0.2442 (0.6998)  loss_xy_1_unscaled: 0.0148 (0.0722)  loss_hw_1_unscaled: 0.0356 (0.1919)  cardinality_error_1_unscaled: 260.0000 (274.9327)  loss_ce_dn_1_unscaled: 0.0682 (0.1758)  loss_bbox_dn_1_unscaled: 0.0381 (0.0804)  loss_giou_dn_1_unscaled: 0.1849 (0.2764)  loss_xy_dn_1_unscaled: 0.0130 (0.0259)  loss_hw_dn_1_unscaled: 0.0265 (0.0545)  cardinality_error_dn_1_unscaled: 138.6667 (167.8255)  loss_ce_2_unscaled: 0.3299 (0.4263)  loss_bbox_2_unscaled: 0.0413 (0.2556)  loss_giou_2_unscaled: 0.2164 (0.6810)  loss_xy_2_unscaled: 0.0135 (0.0706)  loss_hw_2_unscaled: 0.0272 (0.1851)  cardinality_error_2_unscaled: 266.3333 (277.7819)  loss_ce_dn_2_unscaled: 0.0601 (0.1664)  loss_bbox_dn_2_unscaled: 0.0345 (0.0785)  loss_giou_dn_2_unscaled: 0.1740 (0.2728)  loss_xy_dn_2_unscaled: 0.0114 (0.0249)  loss_hw_dn_2_unscaled: 0.0229 (0.0535)  cardinality_error_dn_2_unscaled: 158.3333 (169.4868)  loss_ce_3_unscaled: 0.3221 (0.4328)  loss_bbox_3_unscaled: 0.0426 (0.2503)  loss_giou_3_unscaled: 0.2114 (0.6699)  loss_xy_3_unscaled: 0.0126 (0.0694)  loss_hw_3_unscaled: 0.0295 (0.1808)  cardinality_error_3_unscaled: 271.6667 (278.7195)  loss_ce_dn_3_unscaled: 0.0625 (0.1715)  loss_bbox_dn_3_unscaled: 0.0325 (0.0784)  loss_giou_dn_3_unscaled: 0.1713 (0.2734)  loss_xy_dn_3_unscaled: 0.0107 (0.0245)  loss_hw_dn_3_unscaled: 0.0214 (0.0539)  cardinality_error_dn_3_unscaled: 166.3333 (169.3444)  loss_ce_4_unscaled: 0.3296 (0.4399)  loss_bbox_4_unscaled: 0.0430 (0.2470)  loss_giou_4_unscaled: 0.2247 (0.6637)  loss_xy_4_unscaled: 0.0126 (0.0687)  loss_hw_4_unscaled: 0.0270 (0.1783)  cardinality_error_4_unscaled: 272.6667 (279.3054)  loss_ce_dn_4_unscaled: 0.0647 (0.1803)  loss_bbox_dn_4_unscaled: 0.0325 (0.0795)  loss_giou_dn_4_unscaled: 0.1729 (0.2761)  loss_xy_dn_4_unscaled: 0.0106 (0.0245)  loss_hw_dn_4_unscaled: 0.0218 (0.0550)  cardinality_error_dn_4_unscaled: 165.3333 (168.6617)  loss_ce_interm_unscaled: 0.4392 (0.5147)  loss_bbox_interm_unscaled: 0.0938 (0.2871)  loss_giou_interm_unscaled: 0.3811 (0.7598)  loss_xy_interm_unscaled: 0.0298 (0.0737)  loss_hw_interm_unscaled: 0.0670 (0.2134)  cardinality_error_interm_unscaled: 268.3333 (280.2568)  time: 0.3292  data: 0.0002  max mem: 24379
Epoch: [0]  [   880/111901]  eta: 10:10:25  lr: 0.000088  class_error: 0.00  loss: 12.3630 (28.6574)  loss_ce_dn: 0.0623 (0.1915)  loss_bbox_dn: 0.1690 (0.4026)  loss_giou_dn: 0.3463 (0.5569)  loss_ce: 0.3387 (0.4424)  loss_bbox: 0.2249 (1.2135)  loss_giou: 0.4262 (1.3077)  loss_ce_0: 0.3665 (0.4377)  loss_bbox_0: 0.3651 (1.3742)  loss_giou_0: 0.5697 (1.4472)  loss_ce_dn_0: 0.0802 (0.2160)  loss_bbox_dn_0: 0.2704 (0.4357)  loss_giou_dn_0: 0.4340 (0.5759)  loss_ce_1: 0.3645 (0.4271)  loss_bbox_1: 0.2994 (1.3090)  loss_giou_1: 0.4884 (1.3901)  loss_ce_dn_1: 0.0658 (0.1747)  loss_bbox_dn_1: 0.2084 (0.4000)  loss_giou_dn_1: 0.3768 (0.5509)  loss_ce_2: 0.3439 (0.4255)  loss_bbox_2: 0.2679 (1.2669)  loss_giou_2: 0.4396 (1.3523)  loss_ce_dn_2: 0.0623 (0.1653)  loss_bbox_dn_2: 0.1722 (0.3900)  loss_giou_dn_2: 0.3455 (0.5434)  loss_ce_3: 0.3351 (0.4318)  loss_bbox_3: 0.2301 (1.2400)  loss_giou_3: 0.4285 (1.3301)  loss_ce_dn_3: 0.0602 (0.1703)  loss_bbox_dn_3: 0.1628 (0.3894)  loss_giou_dn_3: 0.3349 (0.5446)  loss_ce_4: 0.3434 (0.4387)  loss_bbox_4: 0.2325 (1.2241)  loss_giou_4: 0.4344 (1.3179)  loss_ce_dn_4: 0.0633 (0.1791)  loss_bbox_dn_4: 0.1657 (0.3948)  loss_giou_dn_4: 0.3398 (0.5500)  loss_ce_interm: 0.4528 (0.5141)  loss_bbox_interm: 0.5090 (1.4250)  loss_giou_interm: 0.7455 (1.5113)  loss_ce_dn_unscaled: 0.0623 (0.1915)  loss_bbox_dn_unscaled: 0.0338 (0.0805)  loss_giou_dn_unscaled: 0.1731 (0.2785)  loss_xy_dn_unscaled: 0.0108 (0.0245)  loss_hw_dn_unscaled: 0.0226 (0.0560)  cardinality_error_dn_unscaled: 149.6667 (168.4654)  loss_ce_unscaled: 0.3387 (0.4424)  class_error_unscaled: 5.8824 (18.2687)  loss_bbox_unscaled: 0.0450 (0.2427)  loss_giou_unscaled: 0.2131 (0.6539)  loss_xy_unscaled: 0.0123 (0.0675)  loss_hw_unscaled: 0.0326 (0.1752)  cardinality_error_unscaled: 278.6667 (278.1090)  loss_ce_0_unscaled: 0.3665 (0.4377)  loss_bbox_0_unscaled: 0.0730 (0.2748)  loss_giou_0_unscaled: 0.2848 (0.7236)  loss_xy_0_unscaled: 0.0225 (0.0757)  loss_hw_0_unscaled: 0.0501 (0.1991)  cardinality_error_0_unscaled: 267.0000 (276.9977)  loss_ce_dn_0_unscaled: 0.0802 (0.2160)  loss_bbox_dn_0_unscaled: 0.0541 (0.0871)  loss_giou_dn_0_unscaled: 0.2170 (0.2880)  loss_xy_dn_0_unscaled: 0.0171 (0.0288)  loss_hw_dn_0_unscaled: 0.0377 (0.0583)  cardinality_error_dn_0_unscaled: 170.0000 (170.3693)  loss_ce_1_unscaled: 0.3645 (0.4271)  loss_bbox_1_unscaled: 0.0599 (0.2618)  loss_giou_1_unscaled: 0.2442 (0.6951)  loss_xy_1_unscaled: 0.0155 (0.0716)  loss_hw_1_unscaled: 0.0431 (0.1902)  cardinality_error_1_unscaled: 275.6667 (275.0477)  loss_ce_dn_1_unscaled: 0.0658 (0.1747)  loss_bbox_dn_1_unscaled: 0.0417 (0.0800)  loss_giou_dn_1_unscaled: 0.1884 (0.2754)  loss_xy_dn_1_unscaled: 0.0130 (0.0258)  loss_hw_dn_1_unscaled: 0.0292 (0.0542)  cardinality_error_dn_1_unscaled: 167.0000 (167.8176)  loss_ce_2_unscaled: 0.3439 (0.4255)  loss_bbox_2_unscaled: 0.0536 (0.2534)  loss_giou_2_unscaled: 0.2198 (0.6761)  loss_xy_2_unscaled: 0.0149 (0.0700)  loss_hw_2_unscaled: 0.0317 (0.1834)  cardinality_error_2_unscaled: 283.0000 (277.8816)  loss_ce_dn_2_unscaled: 0.0623 (0.1653)  loss_bbox_dn_2_unscaled: 0.0344 (0.0780)  loss_giou_dn_2_unscaled: 0.1728 (0.2717)  loss_xy_dn_2_unscaled: 0.0114 (0.0248)  loss_hw_dn_2_unscaled: 0.0225 (0.0532)  cardinality_error_dn_2_unscaled: 170.3333 (169.4423)  loss_ce_3_unscaled: 0.3351 (0.4318)  loss_bbox_3_unscaled: 0.0460 (0.2480)  loss_giou_3_unscaled: 0.2143 (0.6651)  loss_xy_3_unscaled: 0.0137 (0.0688)  loss_hw_3_unscaled: 0.0308 (0.1792)  cardinality_error_3_unscaled: 284.6667 (278.8014)  loss_ce_dn_3_unscaled: 0.0602 (0.1703)  loss_bbox_dn_3_unscaled: 0.0326 (0.0779)  loss_giou_dn_3_unscaled: 0.1675 (0.2723)  loss_xy_dn_3_unscaled: 0.0107 (0.0244)  loss_hw_dn_3_unscaled: 0.0218 (0.0535)  cardinality_error_dn_3_unscaled: 170.3333 (169.3046)  loss_ce_4_unscaled: 0.3434 (0.4387)  loss_bbox_4_unscaled: 0.0465 (0.2448)  loss_giou_4_unscaled: 0.2172 (0.6589)  loss_xy_4_unscaled: 0.0126 (0.0681)  loss_hw_4_unscaled: 0.0323 (0.1767)  cardinality_error_4_unscaled: 281.6667 (279.3061)  loss_ce_dn_4_unscaled: 0.0633 (0.1791)  loss_bbox_dn_4_unscaled: 0.0331 (0.0790)  loss_giou_dn_4_unscaled: 0.1699 (0.2750)  loss_xy_dn_4_unscaled: 0.0106 (0.0243)  loss_hw_dn_4_unscaled: 0.0220 (0.0546)  cardinality_error_dn_4_unscaled: 165.3333 (168.5471)  loss_ce_interm_unscaled: 0.4528 (0.5141)  loss_bbox_interm_unscaled: 0.1018 (0.2850)  loss_giou_interm_unscaled: 0.3728 (0.7556)  loss_xy_interm_unscaled: 0.0319 (0.0732)  loss_hw_interm_unscaled: 0.0682 (0.2118)  cardinality_error_interm_unscaled: 280.0000 (280.3201)  time: 0.3260  data: 0.0003  max mem: 24379
Epoch: [0]  [   890/111901]  eta: 10:09:40  lr: 0.000089  class_error: 25.00  loss: 11.7471 (28.4703)  loss_ce_dn: 0.0633 (0.1902)  loss_bbox_dn: 0.1671 (0.3998)  loss_giou_dn: 0.3432 (0.5543)  loss_ce: 0.3276 (0.4413)  loss_bbox: 0.2411 (1.2024)  loss_giou: 0.4407 (1.2978)  loss_ce_0: 0.3595 (0.4368)  loss_bbox_0: 0.3731 (1.3628)  loss_giou_0: 0.5717 (1.4377)  loss_ce_dn_0: 0.0854 (0.2146)  loss_bbox_dn_0: 0.2799 (0.4341)  loss_giou_dn_0: 0.4355 (0.5744)  loss_ce_1: 0.3417 (0.4261)  loss_bbox_1: 0.3131 (1.2977)  loss_giou_1: 0.5203 (1.3804)  loss_ce_dn_1: 0.0658 (0.1735)  loss_bbox_dn_1: 0.2121 (0.3979)  loss_giou_dn_1: 0.3775 (0.5489)  loss_ce_2: 0.3296 (0.4244)  loss_bbox_2: 0.2680 (1.2556)  loss_giou_2: 0.4746 (1.3422)  loss_ce_dn_2: 0.0623 (0.1642)  loss_bbox_dn_2: 0.1732 (0.3877)  loss_giou_dn_2: 0.3438 (0.5411)  loss_ce_3: 0.3147 (0.4307)  loss_bbox_3: 0.2469 (1.2288)  loss_giou_3: 0.4536 (1.3202)  loss_ce_dn_3: 0.0601 (0.1691)  loss_bbox_dn_3: 0.1676 (0.3870)  loss_giou_dn_3: 0.3339 (0.5421)  loss_ce_4: 0.3285 (0.4375)  loss_bbox_4: 0.2434 (1.2130)  loss_giou_4: 0.4484 (1.3080)  loss_ce_dn_4: 0.0634 (0.1779)  loss_bbox_dn_4: 0.1657 (0.3922)  loss_giou_dn_4: 0.3398 (0.5474)  loss_ce_interm: 0.4511 (0.5133)  loss_bbox_interm: 0.5090 (1.4147)  loss_giou_interm: 0.7604 (1.5028)  loss_ce_dn_unscaled: 0.0633 (0.1902)  loss_bbox_dn_unscaled: 0.0334 (0.0800)  loss_giou_dn_unscaled: 0.1716 (0.2771)  loss_xy_dn_unscaled: 0.0099 (0.0243)  loss_hw_dn_unscaled: 0.0224 (0.0557)  cardinality_error_dn_unscaled: 162.3333 (168.4362)  loss_ce_unscaled: 0.3276 (0.4413)  class_error_unscaled: 6.8966 (18.1771)  loss_bbox_unscaled: 0.0482 (0.2405)  loss_giou_unscaled: 0.2203 (0.6489)  loss_xy_unscaled: 0.0156 (0.0669)  loss_hw_unscaled: 0.0324 (0.1736)  cardinality_error_unscaled: 280.0000 (278.0513)  loss_ce_0_unscaled: 0.3595 (0.4368)  loss_bbox_0_unscaled: 0.0746 (0.2726)  loss_giou_0_unscaled: 0.2859 (0.7188)  loss_xy_0_unscaled: 0.0225 (0.0752)  loss_hw_0_unscaled: 0.0517 (0.1974)  cardinality_error_0_unscaled: 280.3333 (276.9424)  loss_ce_dn_0_unscaled: 0.0854 (0.2146)  loss_bbox_dn_0_unscaled: 0.0560 (0.0868)  loss_giou_dn_0_unscaled: 0.2177 (0.2872)  loss_xy_dn_0_unscaled: 0.0164 (0.0287)  loss_hw_dn_0_unscaled: 0.0404 (0.0581)  cardinality_error_dn_0_unscaled: 171.3333 (170.2533)  loss_ce_1_unscaled: 0.3417 (0.4261)  loss_bbox_1_unscaled: 0.0626 (0.2595)  loss_giou_1_unscaled: 0.2602 (0.6902)  loss_xy_1_unscaled: 0.0190 (0.0710)  loss_hw_1_unscaled: 0.0436 (0.1885)  cardinality_error_1_unscaled: 281.3333 (275.0483)  loss_ce_dn_1_unscaled: 0.0658 (0.1735)  loss_bbox_dn_1_unscaled: 0.0424 (0.0796)  loss_giou_dn_1_unscaled: 0.1888 (0.2745)  loss_xy_dn_1_unscaled: 0.0121 (0.0256)  loss_hw_dn_1_unscaled: 0.0303 (0.0540)  cardinality_error_dn_1_unscaled: 174.0000 (167.8425)  loss_ce_2_unscaled: 0.3296 (0.4244)  loss_bbox_2_unscaled: 0.0536 (0.2511)  loss_giou_2_unscaled: 0.2373 (0.6711)  loss_xy_2_unscaled: 0.0165 (0.0694)  loss_hw_2_unscaled: 0.0368 (0.1817)  cardinality_error_2_unscaled: 283.0000 (277.8653)  loss_ce_dn_2_unscaled: 0.0623 (0.1642)  loss_bbox_dn_2_unscaled: 0.0346 (0.0775)  loss_giou_dn_2_unscaled: 0.1719 (0.2705)  loss_xy_dn_2_unscaled: 0.0107 (0.0246)  loss_hw_dn_2_unscaled: 0.0235 (0.0529)  cardinality_error_dn_2_unscaled: 172.3333 (169.4314)  loss_ce_3_unscaled: 0.3147 (0.4307)  loss_bbox_3_unscaled: 0.0494 (0.2458)  loss_giou_3_unscaled: 0.2268 (0.6601)  loss_xy_3_unscaled: 0.0155 (0.0682)  loss_hw_3_unscaled: 0.0336 (0.1775)  cardinality_error_3_unscaled: 284.6667 (278.7875)  loss_ce_dn_3_unscaled: 0.0601 (0.1691)  loss_bbox_dn_3_unscaled: 0.0335 (0.0774)  loss_giou_dn_3_unscaled: 0.1670 (0.2711)  loss_xy_dn_3_unscaled: 0.0104 (0.0242)  loss_hw_dn_3_unscaled: 0.0230 (0.0532)  cardinality_error_dn_3_unscaled: 168.6667 (169.2731)  loss_ce_4_unscaled: 0.3285 (0.4375)  loss_bbox_4_unscaled: 0.0487 (0.2426)  loss_giou_4_unscaled: 0.2242 (0.6540)  loss_xy_4_unscaled: 0.0153 (0.0675)  loss_hw_4_unscaled: 0.0331 (0.1751)  cardinality_error_4_unscaled: 280.6667 (279.2480)  loss_ce_dn_4_unscaled: 0.0634 (0.1779)  loss_bbox_dn_4_unscaled: 0.0331 (0.0784)  loss_giou_dn_4_unscaled: 0.1699 (0.2737)  loss_xy_dn_4_unscaled: 0.0100 (0.0242)  loss_hw_dn_4_unscaled: 0.0220 (0.0542)  cardinality_error_dn_4_unscaled: 165.3333 (168.5204)  loss_ce_interm_unscaled: 0.4511 (0.5133)  loss_bbox_interm_unscaled: 0.1018 (0.2829)  loss_giou_interm_unscaled: 0.3802 (0.7514)  loss_xy_interm_unscaled: 0.0321 (0.0728)  loss_hw_interm_unscaled: 0.0682 (0.2102)  cardinality_error_interm_unscaled: 285.0000 (280.2896)  time: 0.3127  data: 0.0003  max mem: 24379
Epoch: [0]  [   900/111901]  eta: 10:09:19  lr: 0.000090  class_error: 4.76  loss: 11.5859 (28.2867)  loss_ce_dn: 0.0633 (0.1889)  loss_bbox_dn: 0.1605 (0.3972)  loss_giou_dn: 0.3174 (0.5518)  loss_ce: 0.3245 (0.4400)  loss_bbox: 0.2151 (1.1916)  loss_giou: 0.4407 (1.2883)  loss_ce_0: 0.3531 (0.4362)  loss_bbox_0: 0.3370 (1.3515)  loss_giou_0: 0.5713 (1.4282)  loss_ce_dn_0: 0.0847 (0.2132)  loss_bbox_dn_0: 0.2799 (0.4324)  loss_giou_dn_0: 0.4355 (0.5727)  loss_ce_1: 0.3340 (0.4253)  loss_bbox_1: 0.2869 (1.2864)  loss_giou_1: 0.4952 (1.3708)  loss_ce_dn_1: 0.0628 (0.1723)  loss_bbox_dn_1: 0.2044 (0.3958)  loss_giou_dn_1: 0.3718 (0.5468)  loss_ce_2: 0.3138 (0.4235)  loss_bbox_2: 0.2534 (1.2445)  loss_giou_2: 0.4427 (1.3324)  loss_ce_dn_2: 0.0586 (0.1632)  loss_bbox_dn_2: 0.1732 (0.3853)  loss_giou_dn_2: 0.3360 (0.5388)  loss_ce_3: 0.3121 (0.4295)  loss_bbox_3: 0.2327 (1.2179)  loss_giou_3: 0.4521 (1.3104)  loss_ce_dn_3: 0.0601 (0.1680)  loss_bbox_dn_3: 0.1665 (0.3845)  loss_giou_dn_3: 0.3294 (0.5398)  loss_ce_4: 0.3102 (0.4362)  loss_bbox_4: 0.2406 (1.2021)  loss_giou_4: 0.4472 (1.2984)  loss_ce_dn_4: 0.0634 (0.1767)  loss_bbox_dn_4: 0.1647 (0.3896)  loss_giou_dn_4: 0.3226 (0.5450)  loss_ce_interm: 0.4330 (0.5125)  loss_bbox_interm: 0.4862 (1.4047)  loss_giou_interm: 0.7604 (1.4944)  loss_ce_dn_unscaled: 0.0633 (0.1889)  loss_bbox_dn_unscaled: 0.0321 (0.0794)  loss_giou_dn_unscaled: 0.1587 (0.2759)  loss_xy_dn_unscaled: 0.0105 (0.0241)  loss_hw_dn_unscaled: 0.0213 (0.0553)  cardinality_error_dn_unscaled: 165.6667 (168.3485)  loss_ce_unscaled: 0.3245 (0.4400)  class_error_unscaled: 7.1429 (18.0566)  loss_bbox_unscaled: 0.0430 (0.2383)  loss_giou_unscaled: 0.2203 (0.6442)  loss_xy_unscaled: 0.0143 (0.0663)  loss_hw_unscaled: 0.0276 (0.1720)  cardinality_error_unscaled: 271.6667 (277.8801)  loss_ce_0_unscaled: 0.3531 (0.4362)  loss_bbox_0_unscaled: 0.0674 (0.2703)  loss_giou_0_unscaled: 0.2857 (0.7141)  loss_xy_0_unscaled: 0.0218 (0.0746)  loss_hw_0_unscaled: 0.0440 (0.1957)  cardinality_error_0_unscaled: 268.6667 (276.5901)  loss_ce_dn_0_unscaled: 0.0847 (0.2132)  loss_bbox_dn_0_unscaled: 0.0560 (0.0865)  loss_giou_dn_0_unscaled: 0.2177 (0.2864)  loss_xy_dn_0_unscaled: 0.0166 (0.0286)  loss_hw_dn_0_unscaled: 0.0404 (0.0579)  cardinality_error_dn_0_unscaled: 168.6667 (170.1417)  loss_ce_1_unscaled: 0.3340 (0.4253)  loss_bbox_1_unscaled: 0.0574 (0.2573)  loss_giou_1_unscaled: 0.2476 (0.6854)  loss_xy_1_unscaled: 0.0184 (0.0705)  loss_hw_1_unscaled: 0.0361 (0.1868)  cardinality_error_1_unscaled: 273.0000 (274.7880)  loss_ce_dn_1_unscaled: 0.0628 (0.1723)  loss_bbox_dn_1_unscaled: 0.0409 (0.0792)  loss_giou_dn_1_unscaled: 0.1859 (0.2734)  loss_xy_dn_1_unscaled: 0.0128 (0.0255)  loss_hw_dn_1_unscaled: 0.0283 (0.0537)  cardinality_error_dn_1_unscaled: 174.0000 (167.8224)  loss_ce_2_unscaled: 0.3138 (0.4235)  loss_bbox_2_unscaled: 0.0507 (0.2489)  loss_giou_2_unscaled: 0.2214 (0.6662)  loss_xy_2_unscaled: 0.0165 (0.0688)  loss_hw_2_unscaled: 0.0336 (0.1801)  cardinality_error_2_unscaled: 272.6667 (277.5416)  loss_ce_dn_2_unscaled: 0.0586 (0.1632)  loss_bbox_dn_2_unscaled: 0.0346 (0.0771)  loss_giou_dn_2_unscaled: 0.1680 (0.2694)  loss_xy_dn_2_unscaled: 0.0111 (0.0245)  loss_hw_dn_2_unscaled: 0.0236 (0.0526)  cardinality_error_dn_2_unscaled: 167.0000 (169.3256)  loss_ce_3_unscaled: 0.3121 (0.4295)  loss_bbox_3_unscaled: 0.0465 (0.2436)  loss_giou_3_unscaled: 0.2260 (0.6552)  loss_xy_3_unscaled: 0.0154 (0.0677)  loss_hw_3_unscaled: 0.0287 (0.1759)  cardinality_error_3_unscaled: 274.6667 (278.5583)  loss_ce_dn_3_unscaled: 0.0601 (0.1680)  loss_bbox_dn_3_unscaled: 0.0333 (0.0769)  loss_giou_dn_3_unscaled: 0.1647 (0.2699)  loss_xy_dn_3_unscaled: 0.0104 (0.0241)  loss_hw_dn_3_unscaled: 0.0219 (0.0528)  cardinality_error_dn_3_unscaled: 166.0000 (169.1683)  loss_ce_4_unscaled: 0.3102 (0.4362)  loss_bbox_4_unscaled: 0.0481 (0.2404)  loss_giou_4_unscaled: 0.2236 (0.6492)  loss_xy_4_unscaled: 0.0147 (0.0669)  loss_hw_4_unscaled: 0.0304 (0.1735)  cardinality_error_4_unscaled: 271.0000 (279.0252)  loss_ce_dn_4_unscaled: 0.0634 (0.1767)  loss_bbox_dn_4_unscaled: 0.0329 (0.0779)  loss_giou_dn_4_unscaled: 0.1613 (0.2725)  loss_xy_dn_4_unscaled: 0.0105 (0.0240)  loss_hw_dn_4_unscaled: 0.0217 (0.0539)  cardinality_error_dn_4_unscaled: 168.3333 (168.4528)  loss_ce_interm_unscaled: 0.4330 (0.5125)  loss_bbox_interm_unscaled: 0.0972 (0.2809)  loss_giou_interm_unscaled: 0.3802 (0.7472)  loss_xy_interm_unscaled: 0.0321 (0.0723)  loss_hw_interm_unscaled: 0.0664 (0.2086)  cardinality_error_interm_unscaled: 276.3333 (279.9715)  time: 0.3057  data: 0.0002  max mem: 24379
Epoch: [0]  [   910/111901]  eta: 10:09:25  lr: 0.000091  class_error: 14.81  loss: 11.2316 (28.1106)  loss_ce_dn: 0.0595 (0.1875)  loss_bbox_dn: 0.1528 (0.3946)  loss_giou_dn: 0.3275 (0.5496)  loss_ce: 0.3196 (0.4389)  loss_bbox: 0.1839 (1.1809)  loss_giou: 0.4000 (1.2794)  loss_ce_0: 0.3636 (0.4354)  loss_bbox_0: 0.3244 (1.3406)  loss_giou_0: 0.6009 (1.4195)  loss_ce_dn_0: 0.0818 (0.2117)  loss_bbox_dn_0: 0.2927 (0.4307)  loss_giou_dn_0: 0.4262 (0.5711)  loss_ce_1: 0.3490 (0.4244)  loss_bbox_1: 0.2629 (1.2754)  loss_giou_1: 0.5300 (1.3619)  loss_ce_dn_1: 0.0598 (0.1712)  loss_bbox_dn_1: 0.2126 (0.3937)  loss_giou_dn_1: 0.3724 (0.5450)  loss_ce_2: 0.3386 (0.4225)  loss_bbox_2: 0.2267 (1.2336)  loss_giou_2: 0.4507 (1.3234)  loss_ce_dn_2: 0.0555 (0.1620)  loss_bbox_dn_2: 0.1713 (0.3830)  loss_giou_dn_2: 0.3410 (0.5367)  loss_ce_3: 0.3266 (0.4285)  loss_bbox_3: 0.1915 (1.2070)  loss_giou_3: 0.4322 (1.3014)  loss_ce_dn_3: 0.0566 (0.1668)  loss_bbox_dn_3: 0.1561 (0.3820)  loss_giou_dn_3: 0.3313 (0.5377)  loss_ce_4: 0.3106 (0.4350)  loss_bbox_4: 0.1819 (1.1914)  loss_giou_4: 0.4134 (1.2894)  loss_ce_dn_4: 0.0569 (0.1754)  loss_bbox_dn_4: 0.1569 (0.3871)  loss_giou_dn_4: 0.3316 (0.5428)  loss_ce_interm: 0.4296 (0.5118)  loss_bbox_interm: 0.4943 (1.3951)  loss_giou_interm: 0.7878 (1.4866)  loss_ce_dn_unscaled: 0.0595 (0.1875)  loss_bbox_dn_unscaled: 0.0306 (0.0789)  loss_giou_dn_unscaled: 0.1637 (0.2748)  loss_xy_dn_unscaled: 0.0096 (0.0240)  loss_hw_dn_unscaled: 0.0209 (0.0549)  cardinality_error_dn_unscaled: 177.3333 (168.4424)  loss_ce_unscaled: 0.3196 (0.4389)  class_error_unscaled: 5.4054 (17.9477)  loss_bbox_unscaled: 0.0368 (0.2362)  loss_giou_unscaled: 0.2000 (0.6397)  loss_xy_unscaled: 0.0131 (0.0657)  loss_hw_unscaled: 0.0248 (0.1704)  cardinality_error_unscaled: 282.0000 (277.9649)  loss_ce_0_unscaled: 0.3636 (0.4354)  loss_bbox_0_unscaled: 0.0649 (0.2681)  loss_giou_0_unscaled: 0.3004 (0.7098)  loss_xy_0_unscaled: 0.0217 (0.0740)  loss_hw_0_unscaled: 0.0436 (0.1941)  cardinality_error_0_unscaled: 272.0000 (276.6184)  loss_ce_dn_0_unscaled: 0.0818 (0.2117)  loss_bbox_dn_0_unscaled: 0.0585 (0.0861)  loss_giou_dn_0_unscaled: 0.2131 (0.2855)  loss_xy_dn_0_unscaled: 0.0174 (0.0285)  loss_hw_dn_0_unscaled: 0.0393 (0.0577)  cardinality_error_dn_0_unscaled: 178.3333 (170.1808)  loss_ce_1_unscaled: 0.3490 (0.4244)  loss_bbox_1_unscaled: 0.0526 (0.2551)  loss_giou_1_unscaled: 0.2650 (0.6810)  loss_xy_1_unscaled: 0.0166 (0.0699)  loss_hw_1_unscaled: 0.0353 (0.1852)  cardinality_error_1_unscaled: 274.6667 (274.8650)  loss_ce_dn_1_unscaled: 0.0598 (0.1712)  loss_bbox_dn_1_unscaled: 0.0425 (0.0787)  loss_giou_dn_1_unscaled: 0.1862 (0.2725)  loss_xy_dn_1_unscaled: 0.0117 (0.0253)  loss_hw_dn_1_unscaled: 0.0297 (0.0534)  cardinality_error_dn_1_unscaled: 178.3333 (167.8888)  loss_ce_2_unscaled: 0.3386 (0.4225)  loss_bbox_2_unscaled: 0.0453 (0.2467)  loss_giou_2_unscaled: 0.2253 (0.6617)  loss_xy_2_unscaled: 0.0144 (0.0682)  loss_hw_2_unscaled: 0.0302 (0.1785)  cardinality_error_2_unscaled: 278.0000 (277.6312)  loss_ce_dn_2_unscaled: 0.0555 (0.1620)  loss_bbox_dn_2_unscaled: 0.0343 (0.0766)  loss_giou_dn_2_unscaled: 0.1705 (0.2684)  loss_xy_dn_2_unscaled: 0.0102 (0.0243)  loss_hw_dn_2_unscaled: 0.0246 (0.0523)  cardinality_error_dn_2_unscaled: 175.3333 (169.3842)  loss_ce_3_unscaled: 0.3266 (0.4285)  loss_bbox_3_unscaled: 0.0383 (0.2414)  loss_giou_3_unscaled: 0.2161 (0.6507)  loss_xy_3_unscaled: 0.0119 (0.0671)  loss_hw_3_unscaled: 0.0273 (0.1743)  cardinality_error_3_unscaled: 281.6667 (278.6561)  loss_ce_dn_3_unscaled: 0.0566 (0.1668)  loss_bbox_dn_3_unscaled: 0.0312 (0.0764)  loss_giou_dn_3_unscaled: 0.1657 (0.2688)  loss_xy_dn_3_unscaled: 0.0093 (0.0239)  loss_hw_dn_3_unscaled: 0.0219 (0.0525)  cardinality_error_dn_3_unscaled: 179.0000 (169.2386)  loss_ce_4_unscaled: 0.3106 (0.4350)  loss_bbox_4_unscaled: 0.0364 (0.2383)  loss_giou_4_unscaled: 0.2067 (0.6447)  loss_xy_4_unscaled: 0.0121 (0.0664)  loss_hw_4_unscaled: 0.0266 (0.1719)  cardinality_error_4_unscaled: 285.3333 (279.1105)  loss_ce_dn_4_unscaled: 0.0569 (0.1754)  loss_bbox_dn_4_unscaled: 0.0314 (0.0774)  loss_giou_dn_4_unscaled: 0.1658 (0.2714)  loss_xy_dn_4_unscaled: 0.0095 (0.0239)  loss_hw_dn_4_unscaled: 0.0215 (0.0535)  cardinality_error_dn_4_unscaled: 179.6667 (168.5342)  loss_ce_interm_unscaled: 0.4296 (0.5118)  loss_bbox_interm_unscaled: 0.0989 (0.2790)  loss_giou_interm_unscaled: 0.3939 (0.7433)  loss_xy_interm_unscaled: 0.0324 (0.0720)  loss_hw_interm_unscaled: 0.0650 (0.2071)  cardinality_error_interm_unscaled: 284.6667 (280.0490)  time: 0.3258  data: 0.0002  max mem: 24379
Epoch: [0]  [   920/111901]  eta: 10:09:16  lr: 0.000092  class_error: 21.05  loss: 11.1320 (27.9262)  loss_ce_dn: 0.0584 (0.1861)  loss_bbox_dn: 0.1495 (0.3919)  loss_giou_dn: 0.3272 (0.5471)  loss_ce: 0.3144 (0.4375)  loss_bbox: 0.1696 (1.1701)  loss_giou: 0.4080 (1.2700)  loss_ce_0: 0.3636 (0.4345)  loss_bbox_0: 0.3085 (1.3293)  loss_giou_0: 0.6049 (1.4104)  loss_ce_dn_0: 0.0784 (0.2103)  loss_bbox_dn_0: 0.2717 (0.4288)  loss_giou_dn_0: 0.4209 (0.5694)  loss_ce_1: 0.3400 (0.4234)  loss_bbox_1: 0.2496 (1.2641)  loss_giou_1: 0.5329 (1.3525)  loss_ce_dn_1: 0.0597 (0.1700)  loss_bbox_dn_1: 0.1985 (0.3914)  loss_giou_dn_1: 0.3565 (0.5428)  loss_ce_2: 0.3258 (0.4214)  loss_bbox_2: 0.2124 (1.2225)  loss_giou_2: 0.4675 (1.3139)  loss_ce_dn_2: 0.0536 (0.1608)  loss_bbox_dn_2: 0.1699 (0.3805)  loss_giou_dn_2: 0.3339 (0.5344)  loss_ce_3: 0.3225 (0.4272)  loss_bbox_3: 0.1909 (1.1961)  loss_giou_3: 0.4368 (1.2920)  loss_ce_dn_3: 0.0554 (0.1656)  loss_bbox_dn_3: 0.1538 (0.3794)  loss_giou_dn_3: 0.3265 (0.5352)  loss_ce_4: 0.3169 (0.4337)  loss_bbox_4: 0.1738 (1.1804)  loss_giou_4: 0.4134 (1.2800)  loss_ce_dn_4: 0.0569 (0.1741)  loss_bbox_dn_4: 0.1498 (0.3844)  loss_giou_dn_4: 0.3190 (0.5403)  loss_ce_interm: 0.4340 (0.5109)  loss_bbox_interm: 0.4943 (1.3852)  loss_giou_interm: 0.7776 (1.4787)  loss_ce_dn_unscaled: 0.0584 (0.1861)  loss_bbox_dn_unscaled: 0.0299 (0.0784)  loss_giou_dn_unscaled: 0.1636 (0.2736)  loss_xy_dn_unscaled: 0.0089 (0.0238)  loss_hw_dn_unscaled: 0.0205 (0.0545)  cardinality_error_dn_unscaled: 179.3333 (168.4039)  loss_ce_unscaled: 0.3144 (0.4375)  class_error_unscaled: 5.4054 (17.8142)  loss_bbox_unscaled: 0.0339 (0.2340)  loss_giou_unscaled: 0.2040 (0.6350)  loss_xy_unscaled: 0.0118 (0.0652)  loss_hw_unscaled: 0.0215 (0.1688)  cardinality_error_unscaled: 286.0000 (278.0275)  loss_ce_0_unscaled: 0.3636 (0.4345)  loss_bbox_0_unscaled: 0.0617 (0.2659)  loss_giou_0_unscaled: 0.3025 (0.7052)  loss_xy_0_unscaled: 0.0210 (0.0735)  loss_hw_0_unscaled: 0.0415 (0.1924)  cardinality_error_0_unscaled: 278.3333 (276.6290)  loss_ce_dn_0_unscaled: 0.0784 (0.2103)  loss_bbox_dn_0_unscaled: 0.0543 (0.0858)  loss_giou_dn_0_unscaled: 0.2104 (0.2847)  loss_xy_dn_0_unscaled: 0.0174 (0.0283)  loss_hw_dn_0_unscaled: 0.0368 (0.0574)  cardinality_error_dn_0_unscaled: 174.3333 (170.0905)  loss_ce_1_unscaled: 0.3400 (0.4234)  loss_bbox_1_unscaled: 0.0499 (0.2528)  loss_giou_1_unscaled: 0.2665 (0.6762)  loss_xy_1_unscaled: 0.0158 (0.0693)  loss_hw_1_unscaled: 0.0316 (0.1835)  cardinality_error_1_unscaled: 282.3333 (274.9023)  loss_ce_dn_1_unscaled: 0.0597 (0.1700)  loss_bbox_dn_1_unscaled: 0.0397 (0.0783)  loss_giou_dn_1_unscaled: 0.1783 (0.2714)  loss_xy_dn_1_unscaled: 0.0110 (0.0252)  loss_hw_dn_1_unscaled: 0.0276 (0.0531)  cardinality_error_dn_1_unscaled: 170.3333 (167.7752)  loss_ce_2_unscaled: 0.3258 (0.4214)  loss_bbox_2_unscaled: 0.0425 (0.2445)  loss_giou_2_unscaled: 0.2338 (0.6569)  loss_xy_2_unscaled: 0.0144 (0.0676)  loss_hw_2_unscaled: 0.0293 (0.1768)  cardinality_error_2_unscaled: 283.6667 (277.6703)  loss_ce_dn_2_unscaled: 0.0536 (0.1608)  loss_bbox_dn_2_unscaled: 0.0340 (0.0761)  loss_giou_dn_2_unscaled: 0.1669 (0.2672)  loss_xy_dn_2_unscaled: 0.0098 (0.0242)  loss_hw_dn_2_unscaled: 0.0234 (0.0519)  cardinality_error_dn_2_unscaled: 179.0000 (169.3471)  loss_ce_3_unscaled: 0.3225 (0.4272)  loss_bbox_3_unscaled: 0.0382 (0.2392)  loss_giou_3_unscaled: 0.2184 (0.6460)  loss_xy_3_unscaled: 0.0119 (0.0665)  loss_hw_3_unscaled: 0.0245 (0.1727)  cardinality_error_3_unscaled: 287.0000 (278.7072)  loss_ce_dn_3_unscaled: 0.0554 (0.1656)  loss_bbox_dn_3_unscaled: 0.0308 (0.0759)  loss_giou_dn_3_unscaled: 0.1632 (0.2676)  loss_xy_dn_3_unscaled: 0.0090 (0.0237)  loss_hw_dn_3_unscaled: 0.0213 (0.0522)  cardinality_error_dn_3_unscaled: 179.0000 (169.1954)  loss_ce_4_unscaled: 0.3169 (0.4337)  loss_bbox_4_unscaled: 0.0348 (0.2361)  loss_giou_4_unscaled: 0.2067 (0.6400)  loss_xy_4_unscaled: 0.0121 (0.0658)  loss_hw_4_unscaled: 0.0215 (0.1703)  cardinality_error_4_unscaled: 287.0000 (279.1455)  loss_ce_dn_4_unscaled: 0.0569 (0.1741)  loss_bbox_dn_4_unscaled: 0.0300 (0.0769)  loss_giou_dn_4_unscaled: 0.1595 (0.2702)  loss_xy_dn_4_unscaled: 0.0087 (0.0237)  loss_hw_dn_4_unscaled: 0.0213 (0.0532)  cardinality_error_dn_4_unscaled: 179.6667 (168.4488)  loss_ce_interm_unscaled: 0.4340 (0.5109)  loss_bbox_interm_unscaled: 0.0989 (0.2770)  loss_giou_interm_unscaled: 0.3888 (0.7393)  loss_xy_interm_unscaled: 0.0316 (0.0715)  loss_hw_interm_unscaled: 0.0642 (0.2055)  cardinality_error_interm_unscaled: 288.6667 (280.1531)  time: 0.3308  data: 0.0003  max mem: 24379
Epoch: [0]  [   930/111901]  eta: 10:09:23  lr: 0.000093  class_error: 0.00  loss: 11.0809 (27.7495)  loss_ce_dn: 0.0611 (0.1848)  loss_bbox_dn: 0.1486 (0.3892)  loss_giou_dn: 0.3171 (0.5445)  loss_ce: 0.3131 (0.4362)  loss_bbox: 0.1696 (1.1598)  loss_giou: 0.4105 (1.2610)  loss_ce_0: 0.3422 (0.4336)  loss_bbox_0: 0.2943 (1.3186)  loss_giou_0: 0.5694 (1.4015)  loss_ce_dn_0: 0.0772 (0.2088)  loss_bbox_dn_0: 0.2731 (0.4274)  loss_giou_dn_0: 0.4159 (0.5678)  loss_ce_1: 0.3147 (0.4222)  loss_bbox_1: 0.2279 (1.2534)  loss_giou_1: 0.5153 (1.3434)  loss_ce_dn_1: 0.0599 (0.1688)  loss_bbox_dn_1: 0.1985 (0.3894)  loss_giou_dn_1: 0.3527 (0.5408)  loss_ce_2: 0.2983 (0.4202)  loss_bbox_2: 0.2124 (1.2119)  loss_giou_2: 0.4528 (1.3047)  loss_ce_dn_2: 0.0551 (0.1597)  loss_bbox_dn_2: 0.1688 (0.3782)  loss_giou_dn_2: 0.3178 (0.5320)  loss_ce_3: 0.2975 (0.4260)  loss_bbox_3: 0.1927 (1.1856)  loss_giou_3: 0.4492 (1.2829)  loss_ce_dn_3: 0.0570 (0.1644)  loss_bbox_dn_3: 0.1505 (0.3770)  loss_giou_dn_3: 0.3124 (0.5327)  loss_ce_4: 0.3120 (0.4324)  loss_bbox_4: 0.1973 (1.1702)  loss_giou_4: 0.4246 (1.2709)  loss_ce_dn_4: 0.0617 (0.1729)  loss_bbox_dn_4: 0.1493 (0.3819)  loss_giou_dn_4: 0.3135 (0.5378)  loss_ce_interm: 0.4375 (0.5102)  loss_bbox_interm: 0.4927 (1.3758)  loss_giou_interm: 0.7333 (1.4710)  loss_ce_dn_unscaled: 0.0611 (0.1848)  loss_bbox_dn_unscaled: 0.0297 (0.0778)  loss_giou_dn_unscaled: 0.1586 (0.2722)  loss_xy_dn_unscaled: 0.0088 (0.0237)  loss_hw_dn_unscaled: 0.0202 (0.0542)  cardinality_error_dn_unscaled: 167.6667 (168.3344)  loss_ce_unscaled: 0.3131 (0.4362)  class_error_unscaled: 6.1225 (17.6821)  loss_bbox_unscaled: 0.0339 (0.2320)  loss_giou_unscaled: 0.2053 (0.6305)  loss_xy_unscaled: 0.0148 (0.0647)  loss_hw_unscaled: 0.0234 (0.1673)  cardinality_error_unscaled: 283.3333 (278.0906)  loss_ce_0_unscaled: 0.3422 (0.4336)  loss_bbox_0_unscaled: 0.0589 (0.2637)  loss_giou_0_unscaled: 0.2847 (0.7008)  loss_xy_0_unscaled: 0.0204 (0.0729)  loss_hw_0_unscaled: 0.0374 (0.1908)  cardinality_error_0_unscaled: 277.0000 (276.5893)  loss_ce_dn_0_unscaled: 0.0772 (0.2088)  loss_bbox_dn_0_unscaled: 0.0546 (0.0855)  loss_giou_dn_0_unscaled: 0.2080 (0.2839)  loss_xy_dn_0_unscaled: 0.0168 (0.0282)  loss_hw_dn_0_unscaled: 0.0368 (0.0572)  cardinality_error_dn_0_unscaled: 170.0000 (170.1389)  loss_ce_1_unscaled: 0.3147 (0.4222)  loss_bbox_1_unscaled: 0.0456 (0.2507)  loss_giou_1_unscaled: 0.2576 (0.6717)  loss_xy_1_unscaled: 0.0170 (0.0688)  loss_hw_1_unscaled: 0.0301 (0.1819)  cardinality_error_1_unscaled: 279.0000 (274.9173)  loss_ce_dn_1_unscaled: 0.0599 (0.1688)  loss_bbox_dn_1_unscaled: 0.0397 (0.0779)  loss_giou_dn_1_unscaled: 0.1764 (0.2704)  loss_xy_dn_1_unscaled: 0.0115 (0.0250)  loss_hw_dn_1_unscaled: 0.0276 (0.0528)  cardinality_error_dn_1_unscaled: 166.6667 (167.7798)  loss_ce_2_unscaled: 0.2983 (0.4202)  loss_bbox_2_unscaled: 0.0425 (0.2424)  loss_giou_2_unscaled: 0.2264 (0.6523)  loss_xy_2_unscaled: 0.0166 (0.0671)  loss_hw_2_unscaled: 0.0257 (0.1752)  cardinality_error_2_unscaled: 281.3333 (277.7079)  loss_ce_dn_2_unscaled: 0.0551 (0.1597)  loss_bbox_dn_2_unscaled: 0.0338 (0.0756)  loss_giou_dn_2_unscaled: 0.1589 (0.2660)  loss_xy_dn_2_unscaled: 0.0100 (0.0240)  loss_hw_dn_2_unscaled: 0.0231 (0.0516)  cardinality_error_dn_2_unscaled: 171.6667 (169.3366)  loss_ce_3_unscaled: 0.2975 (0.4260)  loss_bbox_3_unscaled: 0.0385 (0.2371)  loss_giou_3_unscaled: 0.2246 (0.6414)  loss_xy_3_unscaled: 0.0148 (0.0660)  loss_hw_3_unscaled: 0.0214 (0.1711)  cardinality_error_3_unscaled: 283.3333 (278.7372)  loss_ce_dn_3_unscaled: 0.0570 (0.1644)  loss_bbox_dn_3_unscaled: 0.0301 (0.0754)  loss_giou_dn_3_unscaled: 0.1562 (0.2664)  loss_xy_dn_3_unscaled: 0.0090 (0.0236)  loss_hw_dn_3_unscaled: 0.0210 (0.0518)  cardinality_error_dn_3_unscaled: 168.3333 (169.1572)  loss_ce_4_unscaled: 0.3120 (0.4324)  loss_bbox_4_unscaled: 0.0395 (0.2340)  loss_giou_4_unscaled: 0.2123 (0.6355)  loss_xy_4_unscaled: 0.0151 (0.0653)  loss_hw_4_unscaled: 0.0233 (0.1688)  cardinality_error_4_unscaled: 283.6667 (279.1858)  loss_ce_dn_4_unscaled: 0.0617 (0.1729)  loss_bbox_dn_4_unscaled: 0.0299 (0.0764)  loss_giou_dn_4_unscaled: 0.1568 (0.2689)  loss_xy_dn_4_unscaled: 0.0086 (0.0236)  loss_hw_dn_4_unscaled: 0.0205 (0.0528)  cardinality_error_dn_4_unscaled: 167.6667 (168.4146)  loss_ce_interm_unscaled: 0.4375 (0.5102)  loss_bbox_interm_unscaled: 0.0985 (0.2752)  loss_giou_interm_unscaled: 0.3666 (0.7355)  loss_xy_interm_unscaled: 0.0336 (0.0711)  loss_hw_interm_unscaled: 0.0642 (0.2040)  cardinality_error_interm_unscaled: 289.6667 (280.2610)  time: 0.3316  data: 0.0002  max mem: 24379
Epoch: [0]  [   940/111901]  eta: 10:09:40  lr: 0.000094  class_error: 3.45  loss: 11.9138 (27.5862)  loss_ce_dn: 0.0712 (0.1836)  loss_bbox_dn: 0.1406 (0.3867)  loss_giou_dn: 0.3197 (0.5424)  loss_ce: 0.3321 (0.4352)  loss_bbox: 0.2334 (1.1502)  loss_giou: 0.4710 (1.2528)  loss_ce_0: 0.3498 (0.4328)  loss_bbox_0: 0.3362 (1.3084)  loss_giou_0: 0.6487 (1.3937)  loss_ce_dn_0: 0.0791 (0.2075)  loss_bbox_dn_0: 0.2725 (0.4255)  loss_giou_dn_0: 0.4142 (0.5661)  loss_ce_1: 0.3168 (0.4213)  loss_bbox_1: 0.2682 (1.2432)  loss_giou_1: 0.5300 (1.3351)  loss_ce_dn_1: 0.0661 (0.1677)  loss_bbox_dn_1: 0.1841 (0.3872)  loss_giou_dn_1: 0.3492 (0.5388)  loss_ce_2: 0.3071 (0.4190)  loss_bbox_2: 0.2612 (1.2020)  loss_giou_2: 0.4883 (1.2964)  loss_ce_dn_2: 0.0614 (0.1587)  loss_bbox_dn_2: 0.1548 (0.3759)  loss_giou_dn_2: 0.3264 (0.5299)  loss_ce_3: 0.3238 (0.4249)  loss_bbox_3: 0.2414 (1.1758)  loss_giou_3: 0.4695 (1.2746)  loss_ce_dn_3: 0.0630 (0.1634)  loss_bbox_dn_3: 0.1449 (0.3746)  loss_giou_dn_3: 0.3216 (0.5306)  loss_ce_4: 0.3224 (0.4313)  loss_bbox_4: 0.2361 (1.1604)  loss_giou_4: 0.4700 (1.2627)  loss_ce_dn_4: 0.0667 (0.1718)  loss_bbox_dn_4: 0.1421 (0.3795)  loss_giou_dn_4: 0.3212 (0.5357)  loss_ce_interm: 0.4375 (0.5094)  loss_bbox_interm: 0.4927 (1.3667)  loss_giou_interm: 0.7961 (1.4644)  loss_ce_dn_unscaled: 0.0712 (0.1836)  loss_bbox_dn_unscaled: 0.0281 (0.0773)  loss_giou_dn_unscaled: 0.1598 (0.2712)  loss_xy_dn_unscaled: 0.0086 (0.0235)  loss_hw_dn_unscaled: 0.0192 (0.0538)  cardinality_error_dn_unscaled: 166.3333 (168.3078)  loss_ce_unscaled: 0.3321 (0.4352)  class_error_unscaled: 6.8966 (17.5782)  loss_bbox_unscaled: 0.0467 (0.2300)  loss_giou_unscaled: 0.2355 (0.6264)  loss_xy_unscaled: 0.0162 (0.0642)  loss_hw_unscaled: 0.0288 (0.1659)  cardinality_error_unscaled: 285.3333 (278.1637)  loss_ce_0_unscaled: 0.3498 (0.4328)  loss_bbox_0_unscaled: 0.0672 (0.2617)  loss_giou_0_unscaled: 0.3244 (0.6968)  loss_xy_0_unscaled: 0.0247 (0.0724)  loss_hw_0_unscaled: 0.0399 (0.1892)  cardinality_error_0_unscaled: 277.0000 (276.6192)  loss_ce_dn_0_unscaled: 0.0791 (0.2075)  loss_bbox_dn_0_unscaled: 0.0545 (0.0851)  loss_giou_dn_0_unscaled: 0.2071 (0.2831)  loss_xy_dn_0_unscaled: 0.0174 (0.0281)  loss_hw_dn_0_unscaled: 0.0356 (0.0570)  cardinality_error_dn_0_unscaled: 170.3333 (170.0850)  loss_ce_1_unscaled: 0.3168 (0.4213)  loss_bbox_1_unscaled: 0.0536 (0.2486)  loss_giou_1_unscaled: 0.2650 (0.6676)  loss_xy_1_unscaled: 0.0192 (0.0683)  loss_hw_1_unscaled: 0.0340 (0.1803)  cardinality_error_1_unscaled: 279.0000 (274.9423)  loss_ce_dn_1_unscaled: 0.0661 (0.1677)  loss_bbox_dn_1_unscaled: 0.0368 (0.0774)  loss_giou_dn_1_unscaled: 0.1746 (0.2694)  loss_xy_dn_1_unscaled: 0.0118 (0.0249)  loss_hw_dn_1_unscaled: 0.0254 (0.0525)  cardinality_error_dn_1_unscaled: 165.6667 (167.7099)  loss_ce_2_unscaled: 0.3071 (0.4190)  loss_bbox_2_unscaled: 0.0522 (0.2404)  loss_giou_2_unscaled: 0.2442 (0.6482)  loss_xy_2_unscaled: 0.0170 (0.0666)  loss_hw_2_unscaled: 0.0316 (0.1738)  cardinality_error_2_unscaled: 280.3333 (277.7241)  loss_ce_dn_2_unscaled: 0.0614 (0.1587)  loss_bbox_dn_2_unscaled: 0.0310 (0.0752)  loss_giou_dn_2_unscaled: 0.1632 (0.2650)  loss_xy_dn_2_unscaled: 0.0099 (0.0239)  loss_hw_dn_2_unscaled: 0.0211 (0.0513)  cardinality_error_dn_2_unscaled: 167.3333 (169.2469)  loss_ce_3_unscaled: 0.3238 (0.4249)  loss_bbox_3_unscaled: 0.0483 (0.2352)  loss_giou_3_unscaled: 0.2347 (0.6373)  loss_xy_3_unscaled: 0.0171 (0.0655)  loss_hw_3_unscaled: 0.0312 (0.1697)  cardinality_error_3_unscaled: 284.3333 (278.8013)  loss_ce_dn_3_unscaled: 0.0630 (0.1634)  loss_bbox_dn_3_unscaled: 0.0290 (0.0749)  loss_giou_dn_3_unscaled: 0.1608 (0.2653)  loss_xy_dn_3_unscaled: 0.0087 (0.0234)  loss_hw_dn_3_unscaled: 0.0198 (0.0515)  cardinality_error_dn_3_unscaled: 164.0000 (169.0815)  loss_ce_4_unscaled: 0.3224 (0.4313)  loss_bbox_4_unscaled: 0.0472 (0.2321)  loss_giou_4_unscaled: 0.2350 (0.6314)  loss_xy_4_unscaled: 0.0161 (0.0648)  loss_hw_4_unscaled: 0.0291 (0.1673)  cardinality_error_4_unscaled: 285.3333 (279.2494)  loss_ce_dn_4_unscaled: 0.0667 (0.1718)  loss_bbox_dn_4_unscaled: 0.0284 (0.0759)  loss_giou_dn_4_unscaled: 0.1606 (0.2678)  loss_xy_dn_4_unscaled: 0.0084 (0.0234)  loss_hw_dn_4_unscaled: 0.0195 (0.0525)  cardinality_error_dn_4_unscaled: 164.6667 (168.3450)  loss_ce_interm_unscaled: 0.4375 (0.5094)  loss_bbox_interm_unscaled: 0.0985 (0.2733)  loss_giou_interm_unscaled: 0.3981 (0.7322)  loss_xy_interm_unscaled: 0.0333 (0.0708)  loss_hw_interm_unscaled: 0.0643 (0.2026)  cardinality_error_interm_unscaled: 289.0000 (280.3355)  time: 0.3427  data: 0.0002  max mem: 24379
Epoch: [0]  [   950/111901]  eta: 10:09:32  lr: 0.000095  class_error: 5.00  loss: 12.5094 (27.4322)  loss_ce_dn: 0.0722 (0.1824)  loss_bbox_dn: 0.1494 (0.3842)  loss_giou_dn: 0.3492 (0.5405)  loss_ce: 0.3375 (0.4342)  loss_bbox: 0.2375 (1.1409)  loss_giou: 0.4834 (1.2448)  loss_ce_0: 0.3540 (0.4320)  loss_bbox_0: 0.3587 (1.2991)  loss_giou_0: 0.6571 (1.3863)  loss_ce_dn_0: 0.0791 (0.2062)  loss_bbox_dn_0: 0.2608 (0.4239)  loss_giou_dn_0: 0.4242 (0.5649)  loss_ce_1: 0.3277 (0.4203)  loss_bbox_1: 0.2896 (1.2338)  loss_giou_1: 0.5603 (1.3273)  loss_ce_dn_1: 0.0661 (0.1666)  loss_bbox_dn_1: 0.1995 (0.3853)  loss_giou_dn_1: 0.3545 (0.5372)  loss_ce_2: 0.3206 (0.4182)  loss_bbox_2: 0.2812 (1.1927)  loss_giou_2: 0.4922 (1.2883)  loss_ce_dn_2: 0.0614 (0.1577)  loss_bbox_dn_2: 0.1759 (0.3738)  loss_giou_dn_2: 0.3373 (0.5282)  loss_ce_3: 0.3259 (0.4240)  loss_bbox_3: 0.2513 (1.1666)  loss_giou_3: 0.4896 (1.2665)  loss_ce_dn_3: 0.0659 (0.1623)  loss_bbox_dn_3: 0.1509 (0.3723)  loss_giou_dn_3: 0.3346 (0.5288)  loss_ce_4: 0.3309 (0.4304)  loss_bbox_4: 0.2436 (1.1512)  loss_giou_4: 0.4843 (1.2547)  loss_ce_dn_4: 0.0688 (0.1706)  loss_bbox_dn_4: 0.1476 (0.3771)  loss_giou_dn_4: 0.3426 (0.5338)  loss_ce_interm: 0.4331 (0.5085)  loss_bbox_interm: 0.4963 (1.3582)  loss_giou_interm: 0.8353 (1.4582)  loss_ce_dn_unscaled: 0.0722 (0.1824)  loss_bbox_dn_unscaled: 0.0299 (0.0768)  loss_giou_dn_unscaled: 0.1746 (0.2702)  loss_xy_dn_unscaled: 0.0086 (0.0234)  loss_hw_dn_unscaled: 0.0210 (0.0535)  cardinality_error_dn_unscaled: 166.3333 (168.3011)  loss_ce_unscaled: 0.3375 (0.4342)  class_error_unscaled: 6.8966 (17.4579)  loss_bbox_unscaled: 0.0475 (0.2282)  loss_giou_unscaled: 0.2417 (0.6224)  loss_xy_unscaled: 0.0148 (0.0637)  loss_hw_unscaled: 0.0325 (0.1645)  cardinality_error_unscaled: 285.3333 (278.1055)  loss_ce_0_unscaled: 0.3540 (0.4320)  loss_bbox_0_unscaled: 0.0717 (0.2598)  loss_giou_0_unscaled: 0.3286 (0.6931)  loss_xy_0_unscaled: 0.0248 (0.0720)  loss_hw_0_unscaled: 0.0471 (0.1879)  cardinality_error_0_unscaled: 272.0000 (276.3845)  loss_ce_dn_0_unscaled: 0.0791 (0.2062)  loss_bbox_dn_0_unscaled: 0.0522 (0.0848)  loss_giou_dn_0_unscaled: 0.2121 (0.2824)  loss_xy_dn_0_unscaled: 0.0182 (0.0280)  loss_hw_dn_0_unscaled: 0.0345 (0.0568)  cardinality_error_dn_0_unscaled: 168.3333 (170.0228)  loss_ce_1_unscaled: 0.3277 (0.4203)  loss_bbox_1_unscaled: 0.0579 (0.2468)  loss_giou_1_unscaled: 0.2801 (0.6637)  loss_xy_1_unscaled: 0.0196 (0.0678)  loss_hw_1_unscaled: 0.0391 (0.1790)  cardinality_error_1_unscaled: 274.6667 (274.7122)  loss_ce_dn_1_unscaled: 0.0661 (0.1666)  loss_bbox_dn_1_unscaled: 0.0399 (0.0771)  loss_giou_dn_1_unscaled: 0.1772 (0.2686)  loss_xy_dn_1_unscaled: 0.0118 (0.0248)  loss_hw_dn_1_unscaled: 0.0272 (0.0523)  cardinality_error_dn_1_unscaled: 160.6667 (167.5366)  loss_ce_2_unscaled: 0.3206 (0.4182)  loss_bbox_2_unscaled: 0.0562 (0.2385)  loss_giou_2_unscaled: 0.2461 (0.6442)  loss_xy_2_unscaled: 0.0174 (0.0661)  loss_hw_2_unscaled: 0.0376 (0.1724)  cardinality_error_2_unscaled: 277.0000 (277.4956)  loss_ce_dn_2_unscaled: 0.0614 (0.1577)  loss_bbox_dn_2_unscaled: 0.0352 (0.0748)  loss_giou_dn_2_unscaled: 0.1687 (0.2641)  loss_xy_dn_2_unscaled: 0.0104 (0.0237)  loss_hw_dn_2_unscaled: 0.0228 (0.0510)  cardinality_error_dn_2_unscaled: 160.0000 (169.0456)  loss_ce_3_unscaled: 0.3259 (0.4240)  loss_bbox_3_unscaled: 0.0503 (0.2333)  loss_giou_3_unscaled: 0.2448 (0.6332)  loss_xy_3_unscaled: 0.0163 (0.0650)  loss_hw_3_unscaled: 0.0355 (0.1683)  cardinality_error_3_unscaled: 282.0000 (278.6681)  loss_ce_dn_3_unscaled: 0.0659 (0.1623)  loss_bbox_dn_3_unscaled: 0.0302 (0.0745)  loss_giou_dn_3_unscaled: 0.1673 (0.2644)  loss_xy_dn_3_unscaled: 0.0090 (0.0233)  loss_hw_dn_3_unscaled: 0.0210 (0.0512)  cardinality_error_dn_3_unscaled: 160.6667 (168.9015)  loss_ce_4_unscaled: 0.3309 (0.4304)  loss_bbox_4_unscaled: 0.0487 (0.2302)  loss_giou_4_unscaled: 0.2421 (0.6273)  loss_xy_4_unscaled: 0.0157 (0.0643)  loss_hw_4_unscaled: 0.0339 (0.1660)  cardinality_error_4_unscaled: 282.6667 (279.1525)  loss_ce_dn_4_unscaled: 0.0688 (0.1706)  loss_bbox_dn_4_unscaled: 0.0295 (0.0754)  loss_giou_dn_4_unscaled: 0.1713 (0.2669)  loss_xy_dn_4_unscaled: 0.0086 (0.0232)  loss_hw_dn_4_unscaled: 0.0208 (0.0522)  cardinality_error_dn_4_unscaled: 162.3333 (168.2422)  loss_ce_interm_unscaled: 0.4331 (0.5085)  loss_bbox_interm_unscaled: 0.0993 (0.2716)  loss_giou_interm_unscaled: 0.4177 (0.7291)  loss_xy_interm_unscaled: 0.0328 (0.0704)  loss_hw_interm_unscaled: 0.0675 (0.2012)  cardinality_error_interm_unscaled: 284.6667 (280.1707)  time: 0.3362  data: 0.0002  max mem: 24379
Epoch: [0]  [   960/111901]  eta: 10:09:40  lr: 0.000096  class_error: 0.00  loss: 12.4299 (27.2734)  loss_ce_dn: 0.0670 (0.1812)  loss_bbox_dn: 0.1421 (0.3816)  loss_giou_dn: 0.3492 (0.5385)  loss_ce: 0.3342 (0.4332)  loss_bbox: 0.2267 (1.1313)  loss_giou: 0.4834 (1.2367)  loss_ce_0: 0.3596 (0.4313)  loss_bbox_0: 0.3587 (1.2893)  loss_giou_0: 0.6493 (1.3786)  loss_ce_dn_0: 0.0775 (0.2048)  loss_bbox_dn_0: 0.2748 (0.4223)  loss_giou_dn_0: 0.4310 (0.5635)  loss_ce_1: 0.3237 (0.4195)  loss_bbox_1: 0.2896 (1.2240)  loss_giou_1: 0.5575 (1.3195)  loss_ce_dn_1: 0.0620 (0.1655)  loss_bbox_dn_1: 0.2114 (0.3834)  loss_giou_dn_1: 0.3831 (0.5357)  loss_ce_2: 0.3215 (0.4173)  loss_bbox_2: 0.2512 (1.1828)  loss_giou_2: 0.4922 (1.2802)  loss_ce_dn_2: 0.0621 (0.1566)  loss_bbox_dn_2: 0.1652 (0.3715)  loss_giou_dn_2: 0.3545 (0.5264)  loss_ce_3: 0.3355 (0.4232)  loss_bbox_3: 0.2247 (1.1568)  loss_giou_3: 0.4884 (1.2584)  loss_ce_dn_3: 0.0606 (0.1612)  loss_bbox_dn_3: 0.1486 (0.3698)  loss_giou_dn_3: 0.3454 (0.5269)  loss_ce_4: 0.3355 (0.4295)  loss_bbox_4: 0.2262 (1.1415)  loss_giou_4: 0.4837 (1.2466)  loss_ce_dn_4: 0.0622 (0.1695)  loss_bbox_dn_4: 0.1401 (0.3745)  loss_giou_dn_4: 0.3426 (0.5319)  loss_ce_interm: 0.4229 (0.5077)  loss_bbox_interm: 0.4963 (1.3493)  loss_giou_interm: 0.8604 (1.4519)  loss_ce_dn_unscaled: 0.0670 (0.1812)  loss_bbox_dn_unscaled: 0.0284 (0.0763)  loss_giou_dn_unscaled: 0.1746 (0.2693)  loss_xy_dn_unscaled: 0.0082 (0.0232)  loss_hw_dn_unscaled: 0.0204 (0.0531)  cardinality_error_dn_unscaled: 166.3333 (168.2130)  loss_ce_unscaled: 0.3342 (0.4332)  class_error_unscaled: 7.1429 (17.3617)  loss_bbox_unscaled: 0.0453 (0.2263)  loss_giou_unscaled: 0.2417 (0.6183)  loss_xy_unscaled: 0.0143 (0.0632)  loss_hw_unscaled: 0.0307 (0.1631)  cardinality_error_unscaled: 280.0000 (278.1159)  loss_ce_0_unscaled: 0.3596 (0.4313)  loss_bbox_0_unscaled: 0.0717 (0.2579)  loss_giou_0_unscaled: 0.3246 (0.6893)  loss_xy_0_unscaled: 0.0237 (0.0714)  loss_hw_0_unscaled: 0.0478 (0.1864)  cardinality_error_0_unscaled: 272.0000 (276.3413)  loss_ce_dn_0_unscaled: 0.0775 (0.2048)  loss_bbox_dn_0_unscaled: 0.0550 (0.0845)  loss_giou_dn_0_unscaled: 0.2155 (0.2818)  loss_xy_dn_0_unscaled: 0.0167 (0.0279)  loss_hw_dn_0_unscaled: 0.0367 (0.0566)  cardinality_error_dn_0_unscaled: 168.3333 (169.9889)  loss_ce_1_unscaled: 0.3237 (0.4195)  loss_bbox_1_unscaled: 0.0579 (0.2448)  loss_giou_1_unscaled: 0.2788 (0.6598)  loss_xy_1_unscaled: 0.0188 (0.0673)  loss_hw_1_unscaled: 0.0391 (0.1775)  cardinality_error_1_unscaled: 275.3333 (274.7194)  loss_ce_dn_1_unscaled: 0.0620 (0.1655)  loss_bbox_dn_1_unscaled: 0.0423 (0.0767)  loss_giou_dn_1_unscaled: 0.1915 (0.2679)  loss_xy_dn_1_unscaled: 0.0112 (0.0246)  loss_hw_dn_1_unscaled: 0.0296 (0.0521)  cardinality_error_dn_1_unscaled: 164.0000 (167.5245)  loss_ce_2_unscaled: 0.3215 (0.4173)  loss_bbox_2_unscaled: 0.0502 (0.2366)  loss_giou_2_unscaled: 0.2461 (0.6401)  loss_xy_2_unscaled: 0.0174 (0.0656)  loss_hw_2_unscaled: 0.0330 (0.1709)  cardinality_error_2_unscaled: 276.6667 (277.4849)  loss_ce_dn_2_unscaled: 0.0621 (0.1566)  loss_bbox_dn_2_unscaled: 0.0330 (0.0743)  loss_giou_dn_2_unscaled: 0.1772 (0.2632)  loss_xy_dn_2_unscaled: 0.0103 (0.0236)  loss_hw_dn_2_unscaled: 0.0228 (0.0507)  cardinality_error_dn_2_unscaled: 160.0000 (168.9965)  loss_ce_3_unscaled: 0.3355 (0.4232)  loss_bbox_3_unscaled: 0.0449 (0.2314)  loss_giou_3_unscaled: 0.2442 (0.6292)  loss_xy_3_unscaled: 0.0162 (0.0645)  loss_hw_3_unscaled: 0.0314 (0.1669)  cardinality_error_3_unscaled: 279.0000 (278.6788)  loss_ce_dn_3_unscaled: 0.0606 (0.1612)  loss_bbox_dn_3_unscaled: 0.0297 (0.0740)  loss_giou_dn_3_unscaled: 0.1727 (0.2634)  loss_xy_dn_3_unscaled: 0.0086 (0.0231)  loss_hw_dn_3_unscaled: 0.0205 (0.0508)  cardinality_error_dn_3_unscaled: 166.0000 (168.9133)  loss_ce_4_unscaled: 0.3355 (0.4295)  loss_bbox_4_unscaled: 0.0452 (0.2283)  loss_giou_4_unscaled: 0.2419 (0.6233)  loss_xy_4_unscaled: 0.0157 (0.0638)  loss_hw_4_unscaled: 0.0321 (0.1645)  cardinality_error_4_unscaled: 281.6667 (279.1721)  loss_ce_dn_4_unscaled: 0.0622 (0.1695)  loss_bbox_dn_4_unscaled: 0.0280 (0.0749)  loss_giou_dn_4_unscaled: 0.1713 (0.2660)  loss_xy_dn_4_unscaled: 0.0083 (0.0231)  loss_hw_dn_4_unscaled: 0.0201 (0.0518)  cardinality_error_dn_4_unscaled: 166.3333 (168.2463)  loss_ce_interm_unscaled: 0.4229 (0.5077)  loss_bbox_interm_unscaled: 0.0993 (0.2699)  loss_giou_interm_unscaled: 0.4302 (0.7259)  loss_xy_interm_unscaled: 0.0347 (0.0700)  loss_hw_interm_unscaled: 0.0675 (0.1998)  cardinality_error_interm_unscaled: 280.6667 (280.1696)  time: 0.3323  data: 0.0003  max mem: 24379
Epoch: [0]  [   970/111901]  eta: 10:09:35  lr: 0.000097  class_error: 8.11  loss: 11.4671 (27.1039)  loss_ce_dn: 0.0575 (0.1799)  loss_bbox_dn: 0.1192 (0.3790)  loss_giou_dn: 0.3069 (0.5361)  loss_ce: 0.3232 (0.4319)  loss_bbox: 0.1930 (1.1216)  loss_giou: 0.4534 (1.2279)  loss_ce_0: 0.3596 (0.4305)  loss_bbox_0: 0.3351 (1.2793)  loss_giou_0: 0.5375 (1.3700)  loss_ce_dn_0: 0.0727 (0.2035)  loss_bbox_dn_0: 0.2748 (0.4208)  loss_giou_dn_0: 0.4203 (0.5620)  loss_ce_1: 0.3199 (0.4184)  loss_bbox_1: 0.2692 (1.2139)  loss_giou_1: 0.5156 (1.3107)  loss_ce_dn_1: 0.0563 (0.1644)  loss_bbox_dn_1: 0.1824 (0.3814)  loss_giou_dn_1: 0.3558 (0.5338)  loss_ce_2: 0.3197 (0.4162)  loss_bbox_2: 0.2185 (1.1728)  loss_giou_2: 0.4629 (1.2713)  loss_ce_dn_2: 0.0557 (0.1556)  loss_bbox_dn_2: 0.1432 (0.3692)  loss_giou_dn_2: 0.3205 (0.5242)  loss_ce_3: 0.3163 (0.4219)  loss_bbox_3: 0.2101 (1.1469)  loss_giou_3: 0.4689 (1.2496)  loss_ce_dn_3: 0.0563 (0.1601)  loss_bbox_dn_3: 0.1243 (0.3674)  loss_giou_dn_3: 0.3106 (0.5246)  loss_ce_4: 0.3178 (0.4281)  loss_bbox_4: 0.1990 (1.1318)  loss_giou_4: 0.4740 (1.2379)  loss_ce_dn_4: 0.0547 (0.1683)  loss_bbox_dn_4: 0.1216 (0.3720)  loss_giou_dn_4: 0.3111 (0.5295)  loss_ce_interm: 0.4280 (0.5070)  loss_bbox_interm: 0.4698 (1.3400)  loss_giou_interm: 0.7742 (1.4444)  loss_ce_dn_unscaled: 0.0575 (0.1799)  loss_bbox_dn_unscaled: 0.0238 (0.0758)  loss_giou_dn_unscaled: 0.1535 (0.2680)  loss_xy_dn_unscaled: 0.0078 (0.0230)  loss_hw_dn_unscaled: 0.0166 (0.0528)  cardinality_error_dn_unscaled: 172.0000 (168.2832)  loss_ce_unscaled: 0.3232 (0.4319)  class_error_unscaled: 8.1081 (17.2497)  loss_bbox_unscaled: 0.0386 (0.2243)  loss_giou_unscaled: 0.2267 (0.6140)  loss_xy_unscaled: 0.0135 (0.0627)  loss_hw_unscaled: 0.0247 (0.1617)  cardinality_error_unscaled: 283.3333 (278.0944)  loss_ce_0_unscaled: 0.3596 (0.4305)  loss_bbox_0_unscaled: 0.0670 (0.2559)  loss_giou_0_unscaled: 0.2688 (0.6850)  loss_xy_0_unscaled: 0.0206 (0.0709)  loss_hw_0_unscaled: 0.0459 (0.1849)  cardinality_error_0_unscaled: 276.6667 (276.3505)  loss_ce_dn_0_unscaled: 0.0727 (0.2035)  loss_bbox_dn_0_unscaled: 0.0550 (0.0842)  loss_giou_dn_0_unscaled: 0.2101 (0.2810)  loss_xy_dn_0_unscaled: 0.0150 (0.0278)  loss_hw_dn_0_unscaled: 0.0381 (0.0564)  cardinality_error_dn_0_unscaled: 174.3333 (170.0752)  loss_ce_1_unscaled: 0.3199 (0.4184)  loss_bbox_1_unscaled: 0.0538 (0.2428)  loss_giou_1_unscaled: 0.2578 (0.6554)  loss_xy_1_unscaled: 0.0165 (0.0668)  loss_hw_1_unscaled: 0.0351 (0.1760)  cardinality_error_1_unscaled: 279.0000 (274.6921)  loss_ce_dn_1_unscaled: 0.0563 (0.1644)  loss_bbox_dn_1_unscaled: 0.0365 (0.0763)  loss_giou_dn_1_unscaled: 0.1779 (0.2669)  loss_xy_dn_1_unscaled: 0.0103 (0.0245)  loss_hw_dn_1_unscaled: 0.0270 (0.0518)  cardinality_error_dn_1_unscaled: 172.0000 (167.6014)  loss_ce_2_unscaled: 0.3197 (0.4162)  loss_bbox_2_unscaled: 0.0437 (0.2346)  loss_giou_2_unscaled: 0.2314 (0.6356)  loss_xy_2_unscaled: 0.0149 (0.0651)  loss_hw_2_unscaled: 0.0287 (0.1695)  cardinality_error_2_unscaled: 282.3333 (277.4236)  loss_ce_dn_2_unscaled: 0.0557 (0.1556)  loss_bbox_dn_2_unscaled: 0.0286 (0.0738)  loss_giou_dn_2_unscaled: 0.1602 (0.2621)  loss_xy_dn_2_unscaled: 0.0087 (0.0234)  loss_hw_dn_2_unscaled: 0.0200 (0.0504)  cardinality_error_dn_2_unscaled: 173.3333 (169.0597)  loss_ce_3_unscaled: 0.3163 (0.4219)  loss_bbox_3_unscaled: 0.0420 (0.2294)  loss_giou_3_unscaled: 0.2345 (0.6248)  loss_xy_3_unscaled: 0.0138 (0.0640)  loss_hw_3_unscaled: 0.0252 (0.1654)  cardinality_error_3_unscaled: 285.0000 (278.6444)  loss_ce_dn_3_unscaled: 0.0563 (0.1601)  loss_bbox_dn_3_unscaled: 0.0249 (0.0735)  loss_giou_dn_3_unscaled: 0.1553 (0.2623)  loss_xy_dn_3_unscaled: 0.0080 (0.0230)  loss_hw_dn_3_unscaled: 0.0172 (0.0505)  cardinality_error_dn_3_unscaled: 175.6667 (169.0089)  loss_ce_4_unscaled: 0.3178 (0.4281)  loss_bbox_4_unscaled: 0.0398 (0.2264)  loss_giou_4_unscaled: 0.2370 (0.6189)  loss_xy_4_unscaled: 0.0137 (0.0633)  loss_hw_4_unscaled: 0.0256 (0.1631)  cardinality_error_4_unscaled: 285.0000 (279.1627)  loss_ce_dn_4_unscaled: 0.0547 (0.1683)  loss_bbox_dn_4_unscaled: 0.0243 (0.0744)  loss_giou_dn_4_unscaled: 0.1556 (0.2648)  loss_xy_dn_4_unscaled: 0.0080 (0.0229)  loss_hw_dn_4_unscaled: 0.0171 (0.0515)  cardinality_error_dn_4_unscaled: 175.3333 (168.3474)  loss_ce_interm_unscaled: 0.4280 (0.5070)  loss_bbox_interm_unscaled: 0.0940 (0.2680)  loss_giou_interm_unscaled: 0.3871 (0.7222)  loss_xy_interm_unscaled: 0.0323 (0.0696)  loss_hw_interm_unscaled: 0.0616 (0.1984)  cardinality_error_interm_unscaled: 284.6667 (280.1095)  time: 0.3336  data: 0.0003  max mem: 24379
Epoch: [0]  [   980/111901]  eta: 10:09:29  lr: 0.000098  class_error: 5.56  loss: 10.7581 (26.9527)  loss_ce_dn: 0.0617 (0.1788)  loss_bbox_dn: 0.1259 (0.3766)  loss_giou_dn: 0.2992 (0.5342)  loss_ce: 0.3224 (0.4309)  loss_bbox: 0.2257 (1.1126)  loss_giou: 0.3758 (1.2202)  loss_ce_0: 0.3548 (0.4298)  loss_bbox_0: 0.3166 (1.2700)  loss_giou_0: 0.5185 (1.3624)  loss_ce_dn_0: 0.0759 (0.2023)  loss_bbox_dn_0: 0.2861 (0.4195)  loss_giou_dn_0: 0.4334 (0.5610)  loss_ce_1: 0.3217 (0.4177)  loss_bbox_1: 0.2457 (1.2046)  loss_giou_1: 0.4443 (1.3028)  loss_ce_dn_1: 0.0581 (0.1635)  loss_bbox_dn_1: 0.1823 (0.3794)  loss_giou_dn_1: 0.3504 (0.5322)  loss_ce_2: 0.3079 (0.4155)  loss_bbox_2: 0.2352 (1.1636)  loss_giou_2: 0.4086 (1.2633)  loss_ce_dn_2: 0.0559 (0.1547)  loss_bbox_dn_2: 0.1504 (0.3670)  loss_giou_dn_2: 0.3168 (0.5225)  loss_ce_3: 0.3267 (0.4212)  loss_bbox_3: 0.2269 (1.1378)  loss_giou_3: 0.3926 (1.2417)  loss_ce_dn_3: 0.0562 (0.1592)  loss_bbox_dn_3: 0.1311 (0.3651)  loss_giou_dn_3: 0.3107 (0.5228)  loss_ce_4: 0.3111 (0.4273)  loss_bbox_4: 0.2249 (1.1228)  loss_giou_4: 0.3798 (1.2300)  loss_ce_dn_4: 0.0600 (0.1674)  loss_bbox_dn_4: 0.1272 (0.3697)  loss_giou_dn_4: 0.3066 (0.5277)  loss_ce_interm: 0.4344 (0.5065)  loss_bbox_interm: 0.4504 (1.3311)  loss_giou_interm: 0.6658 (1.4372)  loss_ce_dn_unscaled: 0.0617 (0.1788)  loss_bbox_dn_unscaled: 0.0252 (0.0753)  loss_giou_dn_unscaled: 0.1496 (0.2671)  loss_xy_dn_unscaled: 0.0078 (0.0229)  loss_hw_dn_unscaled: 0.0174 (0.0524)  cardinality_error_dn_unscaled: 173.6667 (168.3537)  loss_ce_unscaled: 0.3224 (0.4309)  class_error_unscaled: 7.5000 (17.1548)  loss_bbox_unscaled: 0.0451 (0.2225)  loss_giou_unscaled: 0.1879 (0.6101)  loss_xy_unscaled: 0.0112 (0.0622)  loss_hw_unscaled: 0.0294 (0.1604)  cardinality_error_unscaled: 285.3333 (278.1458)  loss_ce_0_unscaled: 0.3548 (0.4298)  loss_bbox_0_unscaled: 0.0633 (0.2540)  loss_giou_0_unscaled: 0.2592 (0.6812)  loss_xy_0_unscaled: 0.0180 (0.0704)  loss_hw_0_unscaled: 0.0453 (0.1836)  cardinality_error_0_unscaled: 273.6667 (276.2151)  loss_ce_dn_0_unscaled: 0.0759 (0.2023)  loss_bbox_dn_0_unscaled: 0.0572 (0.0839)  loss_giou_dn_0_unscaled: 0.2167 (0.2805)  loss_xy_dn_0_unscaled: 0.0156 (0.0277)  loss_hw_dn_0_unscaled: 0.0416 (0.0562)  cardinality_error_dn_0_unscaled: 170.0000 (169.9320)  loss_ce_1_unscaled: 0.3217 (0.4177)  loss_bbox_1_unscaled: 0.0491 (0.2409)  loss_giou_1_unscaled: 0.2222 (0.6514)  loss_xy_1_unscaled: 0.0157 (0.0663)  loss_hw_1_unscaled: 0.0350 (0.1746)  cardinality_error_1_unscaled: 266.0000 (274.5522)  loss_ce_dn_1_unscaled: 0.0581 (0.1635)  loss_bbox_dn_1_unscaled: 0.0365 (0.0759)  loss_giou_dn_1_unscaled: 0.1752 (0.2661)  loss_xy_dn_1_unscaled: 0.0109 (0.0244)  loss_hw_dn_1_unscaled: 0.0254 (0.0515)  cardinality_error_dn_1_unscaled: 170.0000 (167.5043)  loss_ce_2_unscaled: 0.3079 (0.4155)  loss_bbox_2_unscaled: 0.0470 (0.2327)  loss_giou_2_unscaled: 0.2043 (0.6317)  loss_xy_2_unscaled: 0.0121 (0.0646)  loss_hw_2_unscaled: 0.0325 (0.1681)  cardinality_error_2_unscaled: 279.6667 (277.3911)  loss_ce_dn_2_unscaled: 0.0559 (0.1547)  loss_bbox_dn_2_unscaled: 0.0301 (0.0734)  loss_giou_dn_2_unscaled: 0.1584 (0.2612)  loss_xy_dn_2_unscaled: 0.0087 (0.0233)  loss_hw_dn_2_unscaled: 0.0214 (0.0501)  cardinality_error_dn_2_unscaled: 173.0000 (169.0024)  loss_ce_3_unscaled: 0.3267 (0.4212)  loss_bbox_3_unscaled: 0.0454 (0.2276)  loss_giou_3_unscaled: 0.1963 (0.6208)  loss_xy_3_unscaled: 0.0110 (0.0635)  loss_hw_3_unscaled: 0.0310 (0.1641)  cardinality_error_3_unscaled: 285.6667 (278.6619)  loss_ce_dn_3_unscaled: 0.0562 (0.1592)  loss_bbox_dn_3_unscaled: 0.0262 (0.0730)  loss_giou_dn_3_unscaled: 0.1554 (0.2614)  loss_xy_dn_3_unscaled: 0.0082 (0.0228)  loss_hw_dn_3_unscaled: 0.0181 (0.0502)  cardinality_error_dn_3_unscaled: 174.6667 (169.0714)  loss_ce_4_unscaled: 0.3111 (0.4273)  loss_bbox_4_unscaled: 0.0450 (0.2246)  loss_giou_4_unscaled: 0.1899 (0.6150)  loss_xy_4_unscaled: 0.0106 (0.0628)  loss_hw_4_unscaled: 0.0306 (0.1618)  cardinality_error_4_unscaled: 286.0000 (279.2005)  loss_ce_dn_4_unscaled: 0.0600 (0.1674)  loss_bbox_dn_4_unscaled: 0.0254 (0.0739)  loss_giou_dn_4_unscaled: 0.1533 (0.2639)  loss_xy_dn_4_unscaled: 0.0080 (0.0228)  loss_hw_dn_4_unscaled: 0.0175 (0.0511)  cardinality_error_dn_4_unscaled: 174.0000 (168.3656)  loss_ce_interm_unscaled: 0.4344 (0.5065)  loss_bbox_interm_unscaled: 0.0901 (0.2662)  loss_giou_interm_unscaled: 0.3329 (0.7186)  loss_xy_interm_unscaled: 0.0282 (0.0692)  loss_hw_interm_unscaled: 0.0600 (0.1970)  cardinality_error_interm_unscaled: 286.3333 (280.0856)  time: 0.3279  data: 0.0002  max mem: 24379
Epoch: [0]  [   990/111901]  eta: 10:08:42  lr: 0.000099  class_error: 7.41  loss: 10.9936 (26.7936)  loss_ce_dn: 0.0710 (0.1778)  loss_bbox_dn: 0.1336 (0.3741)  loss_giou_dn: 0.3364 (0.5322)  loss_ce: 0.3405 (0.4300)  loss_bbox: 0.2208 (1.1035)  loss_giou: 0.3967 (1.2119)  loss_ce_0: 0.3486 (0.4289)  loss_bbox_0: 0.3056 (1.2602)  loss_giou_0: 0.5368 (1.3541)  loss_ce_dn_0: 0.0854 (0.2011)  loss_bbox_dn_0: 0.2834 (0.4181)  loss_giou_dn_0: 0.4411 (0.5597)  loss_ce_1: 0.3150 (0.4166)  loss_bbox_1: 0.2411 (1.1951)  loss_giou_1: 0.4396 (1.2945)  loss_ce_dn_1: 0.0681 (0.1624)  loss_bbox_dn_1: 0.1933 (0.3776)  loss_giou_dn_1: 0.3770 (0.5308)  loss_ce_2: 0.3172 (0.4145)  loss_bbox_2: 0.2352 (1.1541)  loss_giou_2: 0.3968 (1.2548)  loss_ce_dn_2: 0.0687 (0.1538)  loss_bbox_dn_2: 0.1504 (0.3648)  loss_giou_dn_2: 0.3420 (0.5207)  loss_ce_3: 0.3316 (0.4202)  loss_bbox_3: 0.2269 (1.1285)  loss_giou_3: 0.3926 (1.2331)  loss_ce_dn_3: 0.0704 (0.1583)  loss_bbox_dn_3: 0.1325 (0.3628)  loss_giou_dn_3: 0.3350 (0.5209)  loss_ce_4: 0.3464 (0.4263)  loss_bbox_4: 0.2249 (1.1136)  loss_giou_4: 0.3798 (1.2216)  loss_ce_dn_4: 0.0705 (0.1664)  loss_bbox_dn_4: 0.1297 (0.3673)  loss_giou_dn_4: 0.3334 (0.5258)  loss_ce_interm: 0.4344 (0.5058)  loss_bbox_interm: 0.4366 (1.3220)  loss_giou_interm: 0.6903 (1.4298)  loss_ce_dn_unscaled: 0.0710 (0.1778)  loss_bbox_dn_unscaled: 0.0267 (0.0748)  loss_giou_dn_unscaled: 0.1682 (0.2661)  loss_xy_dn_unscaled: 0.0087 (0.0228)  loss_hw_dn_unscaled: 0.0179 (0.0521)  cardinality_error_dn_unscaled: 167.0000 (168.1712)  loss_ce_unscaled: 0.3405 (0.4300)  class_error_unscaled: 7.4074 (17.0466)  loss_bbox_unscaled: 0.0442 (0.2207)  loss_giou_unscaled: 0.1983 (0.6060)  loss_xy_unscaled: 0.0112 (0.0617)  loss_hw_unscaled: 0.0268 (0.1590)  cardinality_error_unscaled: 284.3333 (278.1440)  loss_ce_0_unscaled: 0.3486 (0.4289)  loss_bbox_0_unscaled: 0.0611 (0.2520)  loss_giou_0_unscaled: 0.2684 (0.6771)  loss_xy_0_unscaled: 0.0178 (0.0699)  loss_hw_0_unscaled: 0.0424 (0.1822)  cardinality_error_0_unscaled: 265.6667 (276.0000)  loss_ce_dn_0_unscaled: 0.0854 (0.2011)  loss_bbox_dn_0_unscaled: 0.0567 (0.0836)  loss_giou_dn_0_unscaled: 0.2205 (0.2799)  loss_xy_dn_0_unscaled: 0.0157 (0.0275)  loss_hw_dn_0_unscaled: 0.0406 (0.0561)  cardinality_error_dn_0_unscaled: 148.0000 (169.6956)  loss_ce_1_unscaled: 0.3150 (0.4166)  loss_bbox_1_unscaled: 0.0482 (0.2390)  loss_giou_1_unscaled: 0.2198 (0.6472)  loss_xy_1_unscaled: 0.0134 (0.0658)  loss_hw_1_unscaled: 0.0362 (0.1733)  cardinality_error_1_unscaled: 264.0000 (274.3216)  loss_ce_dn_1_unscaled: 0.0681 (0.1624)  loss_bbox_dn_1_unscaled: 0.0387 (0.0755)  loss_giou_dn_1_unscaled: 0.1885 (0.2654)  loss_xy_dn_1_unscaled: 0.0109 (0.0242)  loss_hw_dn_1_unscaled: 0.0261 (0.0513)  cardinality_error_dn_1_unscaled: 151.6667 (167.2597)  loss_ce_2_unscaled: 0.3172 (0.4145)  loss_bbox_2_unscaled: 0.0470 (0.2308)  loss_giou_2_unscaled: 0.1984 (0.6274)  loss_xy_2_unscaled: 0.0108 (0.0641)  loss_hw_2_unscaled: 0.0331 (0.1668)  cardinality_error_2_unscaled: 277.0000 (277.3559)  loss_ce_dn_2_unscaled: 0.0687 (0.1538)  loss_bbox_dn_2_unscaled: 0.0301 (0.0730)  loss_giou_dn_2_unscaled: 0.1710 (0.2604)  loss_xy_dn_2_unscaled: 0.0091 (0.0232)  loss_hw_dn_2_unscaled: 0.0208 (0.0498)  cardinality_error_dn_2_unscaled: 166.6667 (168.9021)  loss_ce_3_unscaled: 0.3316 (0.4202)  loss_bbox_3_unscaled: 0.0454 (0.2257)  loss_giou_3_unscaled: 0.1963 (0.6166)  loss_xy_3_unscaled: 0.0110 (0.0630)  loss_hw_3_unscaled: 0.0313 (0.1628)  cardinality_error_3_unscaled: 283.3333 (278.6414)  loss_ce_dn_3_unscaled: 0.0704 (0.1583)  loss_bbox_dn_3_unscaled: 0.0265 (0.0726)  loss_giou_dn_3_unscaled: 0.1675 (0.2605)  loss_xy_dn_3_unscaled: 0.0087 (0.0227)  loss_hw_dn_3_unscaled: 0.0178 (0.0499)  cardinality_error_dn_3_unscaled: 166.6667 (168.9788)  loss_ce_4_unscaled: 0.3464 (0.4263)  loss_bbox_4_unscaled: 0.0450 (0.2227)  loss_giou_4_unscaled: 0.1899 (0.6108)  loss_xy_4_unscaled: 0.0106 (0.0623)  loss_hw_4_unscaled: 0.0282 (0.1605)  cardinality_error_4_unscaled: 281.6667 (279.1816)  loss_ce_dn_4_unscaled: 0.0705 (0.1664)  loss_bbox_dn_4_unscaled: 0.0259 (0.0735)  loss_giou_dn_4_unscaled: 0.1667 (0.2629)  loss_xy_dn_4_unscaled: 0.0083 (0.0226)  loss_hw_dn_4_unscaled: 0.0183 (0.0508)  cardinality_error_dn_4_unscaled: 166.6667 (168.2799)  loss_ce_interm_unscaled: 0.4344 (0.5058)  loss_bbox_interm_unscaled: 0.0873 (0.2644)  loss_giou_interm_unscaled: 0.3451 (0.7149)  loss_xy_interm_unscaled: 0.0269 (0.0688)  loss_hw_interm_unscaled: 0.0564 (0.1956)  cardinality_error_interm_unscaled: 281.6667 (279.9260)  time: 0.3093  data: 0.0002  max mem: 24379
Epoch: [0]  [  1000/111901]  eta: 10:08:32  lr: 0.000100  class_error: 3.70  loss: 10.9936 (26.6527)  loss_ce_dn: 0.0832 (0.1769)  loss_bbox_dn: 0.1379 (0.3721)  loss_giou_dn: 0.3364 (0.5304)  loss_ce: 0.3527 (0.4292)  loss_bbox: 0.1874 (1.0955)  loss_giou: 0.4070 (1.2048)  loss_ce_0: 0.3333 (0.4280)  loss_bbox_0: 0.3056 (1.2518)  loss_giou_0: 0.5368 (1.3466)  loss_ce_dn_0: 0.0843 (0.1999)  loss_bbox_dn_0: 0.2835 (0.4170)  loss_giou_dn_0: 0.4306 (0.5585)  loss_ce_1: 0.3125 (0.4157)  loss_bbox_1: 0.2319 (1.1867)  loss_giou_1: 0.4396 (1.2870)  loss_ce_dn_1: 0.0632 (0.1615)  loss_bbox_dn_1: 0.2085 (0.3761)  loss_giou_dn_1: 0.3668 (0.5292)  loss_ce_2: 0.3100 (0.4135)  loss_bbox_2: 0.2052 (1.1458)  loss_giou_2: 0.3789 (1.2473)  loss_ce_dn_2: 0.0558 (0.1529)  loss_bbox_dn_2: 0.1585 (0.3630)  loss_giou_dn_2: 0.3328 (0.5189)  loss_ce_3: 0.3269 (0.4193)  loss_bbox_3: 0.1938 (1.1203)  loss_giou_3: 0.3932 (1.2257)  loss_ce_dn_3: 0.0571 (0.1573)  loss_bbox_dn_3: 0.1362 (0.3608)  loss_giou_dn_3: 0.3163 (0.5190)  loss_ce_4: 0.3537 (0.4255)  loss_bbox_4: 0.1870 (1.1055)  loss_giou_4: 0.3922 (1.2144)  loss_ce_dn_4: 0.0672 (0.1655)  loss_bbox_dn_4: 0.1394 (0.3653)  loss_giou_dn_4: 0.3278 (0.5239)  loss_ce_interm: 0.4425 (0.5053)  loss_bbox_interm: 0.4080 (1.3139)  loss_giou_interm: 0.6719 (1.4229)  loss_ce_dn_unscaled: 0.0832 (0.1769)  loss_bbox_dn_unscaled: 0.0276 (0.0744)  loss_giou_dn_unscaled: 0.1682 (0.2652)  loss_xy_dn_unscaled: 0.0090 (0.0226)  loss_hw_dn_unscaled: 0.0198 (0.0518)  cardinality_error_dn_unscaled: 159.6667 (168.0566)  loss_ce_unscaled: 0.3527 (0.4292)  class_error_unscaled: 7.4074 (16.9690)  loss_bbox_unscaled: 0.0375 (0.2191)  loss_giou_unscaled: 0.2035 (0.6024)  loss_xy_unscaled: 0.0126 (0.0612)  loss_hw_unscaled: 0.0227 (0.1578)  cardinality_error_unscaled: 281.3333 (278.1452)  loss_ce_0_unscaled: 0.3333 (0.4280)  loss_bbox_0_unscaled: 0.0611 (0.2504)  loss_giou_0_unscaled: 0.2684 (0.6733)  loss_xy_0_unscaled: 0.0187 (0.0694)  loss_hw_0_unscaled: 0.0384 (0.1809)  cardinality_error_0_unscaled: 263.6667 (275.8758)  loss_ce_dn_0_unscaled: 0.0843 (0.1999)  loss_bbox_dn_0_unscaled: 0.0567 (0.0834)  loss_giou_dn_0_unscaled: 0.2153 (0.2792)  loss_xy_dn_0_unscaled: 0.0160 (0.0274)  loss_hw_dn_0_unscaled: 0.0406 (0.0559)  cardinality_error_dn_0_unscaled: 144.3333 (169.4719)  loss_ce_1_unscaled: 0.3125 (0.4157)  loss_bbox_1_unscaled: 0.0464 (0.2373)  loss_giou_1_unscaled: 0.2198 (0.6435)  loss_xy_1_unscaled: 0.0139 (0.0653)  loss_hw_1_unscaled: 0.0325 (0.1720)  cardinality_error_1_unscaled: 264.3333 (274.2361)  loss_ce_dn_1_unscaled: 0.0632 (0.1615)  loss_bbox_dn_1_unscaled: 0.0417 (0.0752)  loss_giou_dn_1_unscaled: 0.1834 (0.2646)  loss_xy_dn_1_unscaled: 0.0113 (0.0241)  loss_hw_dn_1_unscaled: 0.0316 (0.0511)  cardinality_error_dn_1_unscaled: 137.3333 (167.0579)  loss_ce_2_unscaled: 0.3100 (0.4135)  loss_bbox_2_unscaled: 0.0410 (0.2292)  loss_giou_2_unscaled: 0.1895 (0.6236)  loss_xy_2_unscaled: 0.0125 (0.0636)  loss_hw_2_unscaled: 0.0285 (0.1655)  cardinality_error_2_unscaled: 277.0000 (277.3264)  loss_ce_dn_2_unscaled: 0.0558 (0.1529)  loss_bbox_dn_2_unscaled: 0.0317 (0.0726)  loss_giou_dn_2_unscaled: 0.1664 (0.2594)  loss_xy_dn_2_unscaled: 0.0097 (0.0230)  loss_hw_dn_2_unscaled: 0.0222 (0.0496)  cardinality_error_dn_2_unscaled: 159.3333 (168.7646)  loss_ce_3_unscaled: 0.3269 (0.4193)  loss_bbox_3_unscaled: 0.0388 (0.2241)  loss_giou_3_unscaled: 0.1966 (0.6129)  loss_xy_3_unscaled: 0.0132 (0.0625)  loss_hw_3_unscaled: 0.0256 (0.1616)  cardinality_error_3_unscaled: 278.3333 (278.6097)  loss_ce_dn_3_unscaled: 0.0571 (0.1573)  loss_bbox_dn_3_unscaled: 0.0272 (0.0722)  loss_giou_dn_3_unscaled: 0.1581 (0.2595)  loss_xy_dn_3_unscaled: 0.0087 (0.0226)  loss_hw_dn_3_unscaled: 0.0193 (0.0496)  cardinality_error_dn_3_unscaled: 160.0000 (168.8711)  loss_ce_4_unscaled: 0.3537 (0.4255)  loss_bbox_4_unscaled: 0.0374 (0.2211)  loss_giou_4_unscaled: 0.1961 (0.6072)  loss_xy_4_unscaled: 0.0126 (0.0618)  loss_hw_4_unscaled: 0.0225 (0.1593)  cardinality_error_4_unscaled: 279.0000 (279.1539)  loss_ce_dn_4_unscaled: 0.0672 (0.1655)  loss_bbox_dn_4_unscaled: 0.0279 (0.0731)  loss_giou_dn_4_unscaled: 0.1639 (0.2619)  loss_xy_dn_4_unscaled: 0.0089 (0.0225)  loss_hw_dn_4_unscaled: 0.0195 (0.0505)  cardinality_error_dn_4_unscaled: 157.6667 (168.1465)  loss_ce_interm_unscaled: 0.4425 (0.5053)  loss_bbox_interm_unscaled: 0.0816 (0.2628)  loss_giou_interm_unscaled: 0.3360 (0.7114)  loss_xy_interm_unscaled: 0.0259 (0.0685)  loss_hw_interm_unscaled: 0.0524 (0.1943)  cardinality_error_interm_unscaled: 279.0000 (279.9151)  time: 0.3067  data: 0.0003  max mem: 24465
Epoch: [0]  [  1010/111901]  eta: 10:08:35  lr: 0.000100  class_error: 13.79  loss: 10.8551 (26.4900)  loss_ce_dn: 0.0645 (0.1757)  loss_bbox_dn: 0.1247 (0.3695)  loss_giou_dn: 0.3058 (0.5279)  loss_ce: 0.3166 (0.4279)  loss_bbox: 0.1960 (1.0864)  loss_giou: 0.4149 (1.1966)  loss_ce_0: 0.3185 (0.4270)  loss_bbox_0: 0.2976 (1.2422)  loss_giou_0: 0.5196 (1.3382)  loss_ce_dn_0: 0.0767 (0.1986)  loss_bbox_dn_0: 0.2595 (0.4154)  loss_giou_dn_0: 0.4169 (0.5569)  loss_ce_1: 0.3091 (0.4146)  loss_bbox_1: 0.2319 (1.1772)  loss_giou_1: 0.4756 (1.2786)  loss_ce_dn_1: 0.0583 (0.1604)  loss_bbox_dn_1: 0.1799 (0.3740)  loss_giou_dn_1: 0.3491 (0.5272)  loss_ce_2: 0.2963 (0.4123)  loss_bbox_2: 0.2095 (1.1365)  loss_giou_2: 0.4233 (1.2389)  loss_ce_dn_2: 0.0509 (0.1518)  loss_bbox_dn_2: 0.1443 (0.3607)  loss_giou_dn_2: 0.3096 (0.5166)  loss_ce_3: 0.3027 (0.4179)  loss_bbox_3: 0.1975 (1.1112)  loss_giou_3: 0.4292 (1.2175)  loss_ce_dn_3: 0.0557 (0.1563)  loss_bbox_dn_3: 0.1371 (0.3585)  loss_giou_dn_3: 0.3008 (0.5167)  loss_ce_4: 0.3013 (0.4241)  loss_bbox_4: 0.1965 (1.0965)  loss_giou_4: 0.4336 (1.2062)  loss_ce_dn_4: 0.0565 (0.1644)  loss_bbox_dn_4: 0.1313 (0.3629)  loss_giou_dn_4: 0.3046 (0.5215)  loss_ce_interm: 0.4394 (0.5044)  loss_bbox_interm: 0.4367 (1.3053)  loss_giou_interm: 0.6462 (1.4154)  loss_ce_dn_unscaled: 0.0645 (0.1757)  loss_bbox_dn_unscaled: 0.0249 (0.0739)  loss_giou_dn_unscaled: 0.1529 (0.2640)  loss_xy_dn_unscaled: 0.0088 (0.0225)  loss_hw_dn_unscaled: 0.0180 (0.0514)  cardinality_error_dn_unscaled: 167.0000 (168.0768)  loss_ce_unscaled: 0.3166 (0.4279)  class_error_unscaled: 9.3750 (16.9001)  loss_bbox_unscaled: 0.0392 (0.2173)  loss_giou_unscaled: 0.2075 (0.5983)  loss_xy_unscaled: 0.0126 (0.0608)  loss_hw_unscaled: 0.0276 (0.1565)  cardinality_error_unscaled: 279.0000 (278.0778)  loss_ce_0_unscaled: 0.3185 (0.4270)  loss_bbox_0_unscaled: 0.0595 (0.2484)  loss_giou_0_unscaled: 0.2598 (0.6691)  loss_xy_0_unscaled: 0.0192 (0.0689)  loss_hw_0_unscaled: 0.0432 (0.1795)  cardinality_error_0_unscaled: 273.0000 (275.8210)  loss_ce_dn_0_unscaled: 0.0767 (0.1986)  loss_bbox_dn_0_unscaled: 0.0519 (0.0831)  loss_giou_dn_0_unscaled: 0.2085 (0.2784)  loss_xy_dn_0_unscaled: 0.0164 (0.0273)  loss_hw_dn_0_unscaled: 0.0366 (0.0557)  cardinality_error_dn_0_unscaled: 165.6667 (169.4695)  loss_ce_1_unscaled: 0.3091 (0.4146)  loss_bbox_1_unscaled: 0.0464 (0.2354)  loss_giou_1_unscaled: 0.2378 (0.6393)  loss_xy_1_unscaled: 0.0144 (0.0648)  loss_hw_1_unscaled: 0.0310 (0.1706)  cardinality_error_1_unscaled: 272.0000 (274.1312)  loss_ce_dn_1_unscaled: 0.0583 (0.1604)  loss_bbox_dn_1_unscaled: 0.0360 (0.0748)  loss_giou_dn_1_unscaled: 0.1746 (0.2636)  loss_xy_dn_1_unscaled: 0.0111 (0.0240)  loss_hw_dn_1_unscaled: 0.0254 (0.0508)  cardinality_error_dn_1_unscaled: 163.6667 (167.0392)  loss_ce_2_unscaled: 0.2963 (0.4123)  loss_bbox_2_unscaled: 0.0419 (0.2273)  loss_giou_2_unscaled: 0.2117 (0.6195)  loss_xy_2_unscaled: 0.0134 (0.0631)  loss_hw_2_unscaled: 0.0285 (0.1642)  cardinality_error_2_unscaled: 273.6667 (277.2249)  loss_ce_dn_2_unscaled: 0.0509 (0.1518)  loss_bbox_dn_2_unscaled: 0.0289 (0.0721)  loss_giou_dn_2_unscaled: 0.1548 (0.2583)  loss_xy_dn_2_unscaled: 0.0092 (0.0229)  loss_hw_dn_2_unscaled: 0.0192 (0.0492)  cardinality_error_dn_2_unscaled: 165.6667 (168.7686)  loss_ce_3_unscaled: 0.3027 (0.4179)  loss_bbox_3_unscaled: 0.0395 (0.2222)  loss_giou_3_unscaled: 0.2146 (0.6088)  loss_xy_3_unscaled: 0.0132 (0.0620)  loss_hw_3_unscaled: 0.0270 (0.1602)  cardinality_error_3_unscaled: 278.0000 (278.5434)  loss_ce_dn_3_unscaled: 0.0557 (0.1563)  loss_bbox_dn_3_unscaled: 0.0274 (0.0717)  loss_giou_dn_3_unscaled: 0.1504 (0.2584)  loss_xy_dn_3_unscaled: 0.0090 (0.0224)  loss_hw_dn_3_unscaled: 0.0189 (0.0493)  cardinality_error_dn_3_unscaled: 167.3333 (168.9169)  loss_ce_4_unscaled: 0.3013 (0.4241)  loss_bbox_4_unscaled: 0.0393 (0.2193)  loss_giou_4_unscaled: 0.2168 (0.6031)  loss_xy_4_unscaled: 0.0126 (0.0614)  loss_hw_4_unscaled: 0.0279 (0.1579)  cardinality_error_4_unscaled: 279.0000 (279.0824)  loss_ce_dn_4_unscaled: 0.0565 (0.1644)  loss_bbox_dn_4_unscaled: 0.0263 (0.0726)  loss_giou_dn_4_unscaled: 0.1523 (0.2608)  loss_xy_dn_4_unscaled: 0.0090 (0.0224)  loss_hw_dn_4_unscaled: 0.0195 (0.0502)  cardinality_error_dn_4_unscaled: 166.3333 (168.1939)  loss_ce_interm_unscaled: 0.4394 (0.5044)  loss_bbox_interm_unscaled: 0.0873 (0.2611)  loss_giou_interm_unscaled: 0.3231 (0.7077)  loss_xy_interm_unscaled: 0.0277 (0.0681)  loss_hw_interm_unscaled: 0.0523 (0.1930)  cardinality_error_interm_unscaled: 282.0000 (279.8572)  time: 0.3288  data: 0.0003  max mem: 24465
Epoch: [0]  [  1020/111901]  eta: 10:08:22  lr: 0.000100  class_error: 4.00  loss: 10.8551 (26.3396)  loss_ce_dn: 0.0606 (0.1746)  loss_bbox_dn: 0.1247 (0.3673)  loss_giou_dn: 0.3161 (0.5263)  loss_ce: 0.2992 (0.4266)  loss_bbox: 0.1782 (1.0775)  loss_giou: 0.4149 (1.1893)  loss_ce_0: 0.3115 (0.4260)  loss_bbox_0: 0.2676 (1.2327)  loss_giou_0: 0.5185 (1.3307)  loss_ce_dn_0: 0.0789 (0.1975)  loss_bbox_dn_0: 0.2407 (0.4136)  loss_giou_dn_0: 0.4034 (0.5556)  loss_ce_1: 0.2992 (0.4136)  loss_bbox_1: 0.2059 (1.1677)  loss_giou_1: 0.4485 (1.2711)  loss_ce_dn_1: 0.0607 (0.1595)  loss_bbox_dn_1: 0.1641 (0.3720)  loss_giou_dn_1: 0.3387 (0.5256)  loss_ce_2: 0.2924 (0.4113)  loss_bbox_2: 0.1911 (1.1272)  loss_giou_2: 0.4401 (1.2314)  loss_ce_dn_2: 0.0533 (0.1510)  loss_bbox_dn_2: 0.1346 (0.3586)  loss_giou_dn_2: 0.3067 (0.5150)  loss_ce_3: 0.2905 (0.4168)  loss_bbox_3: 0.1788 (1.1021)  loss_giou_3: 0.4370 (1.2101)  loss_ce_dn_3: 0.0561 (0.1554)  loss_bbox_dn_3: 0.1308 (0.3564)  loss_giou_dn_3: 0.3014 (0.5151)  loss_ce_4: 0.2901 (0.4228)  loss_bbox_4: 0.1750 (1.0874)  loss_giou_4: 0.4297 (1.1988)  loss_ce_dn_4: 0.0571 (0.1634)  loss_bbox_dn_4: 0.1303 (0.3606)  loss_giou_dn_4: 0.3062 (0.5199)  loss_ce_interm: 0.4142 (0.5036)  loss_bbox_interm: 0.4367 (1.2966)  loss_giou_interm: 0.6769 (1.4088)  loss_ce_dn_unscaled: 0.0606 (0.1746)  loss_bbox_dn_unscaled: 0.0249 (0.0735)  loss_giou_dn_unscaled: 0.1581 (0.2631)  loss_xy_dn_unscaled: 0.0079 (0.0223)  loss_hw_dn_unscaled: 0.0164 (0.0511)  cardinality_error_dn_unscaled: 172.6667 (168.0441)  loss_ce_unscaled: 0.2992 (0.4266)  class_error_unscaled: 5.0000 (16.8014)  loss_bbox_unscaled: 0.0356 (0.2155)  loss_giou_unscaled: 0.2075 (0.5946)  loss_xy_unscaled: 0.0112 (0.0603)  loss_hw_unscaled: 0.0243 (0.1552)  cardinality_error_unscaled: 278.0000 (277.9984)  loss_ce_0_unscaled: 0.3115 (0.4260)  loss_bbox_0_unscaled: 0.0535 (0.2465)  loss_giou_0_unscaled: 0.2593 (0.6653)  loss_xy_0_unscaled: 0.0175 (0.0684)  loss_hw_0_unscaled: 0.0379 (0.1781)  cardinality_error_0_unscaled: 273.6667 (275.6438)  loss_ce_dn_0_unscaled: 0.0789 (0.1975)  loss_bbox_dn_0_unscaled: 0.0481 (0.0827)  loss_giou_dn_0_unscaled: 0.2017 (0.2778)  loss_xy_dn_0_unscaled: 0.0152 (0.0272)  loss_hw_dn_0_unscaled: 0.0331 (0.0555)  cardinality_error_dn_0_unscaled: 169.6667 (169.4473)  loss_ce_1_unscaled: 0.2992 (0.4136)  loss_bbox_1_unscaled: 0.0412 (0.2335)  loss_giou_1_unscaled: 0.2243 (0.6355)  loss_xy_1_unscaled: 0.0137 (0.0643)  loss_hw_1_unscaled: 0.0269 (0.1692)  cardinality_error_1_unscaled: 271.6667 (273.9706)  loss_ce_dn_1_unscaled: 0.0607 (0.1595)  loss_bbox_dn_1_unscaled: 0.0328 (0.0744)  loss_giou_dn_1_unscaled: 0.1694 (0.2628)  loss_xy_dn_1_unscaled: 0.0109 (0.0238)  loss_hw_dn_1_unscaled: 0.0225 (0.0506)  cardinality_error_dn_1_unscaled: 167.3333 (166.9615)  loss_ce_2_unscaled: 0.2924 (0.4113)  loss_bbox_2_unscaled: 0.0382 (0.2254)  loss_giou_2_unscaled: 0.2201 (0.6157)  loss_xy_2_unscaled: 0.0120 (0.0626)  loss_hw_2_unscaled: 0.0253 (0.1628)  cardinality_error_2_unscaled: 273.3333 (277.1091)  loss_ce_dn_2_unscaled: 0.0533 (0.1510)  loss_bbox_dn_2_unscaled: 0.0269 (0.0717)  loss_giou_dn_2_unscaled: 0.1533 (0.2575)  loss_xy_dn_2_unscaled: 0.0090 (0.0228)  loss_hw_dn_2_unscaled: 0.0182 (0.0490)  cardinality_error_dn_2_unscaled: 170.3333 (168.7111)  loss_ce_3_unscaled: 0.2905 (0.4168)  loss_bbox_3_unscaled: 0.0358 (0.2204)  loss_giou_3_unscaled: 0.2185 (0.6051)  loss_xy_3_unscaled: 0.0117 (0.0615)  loss_hw_3_unscaled: 0.0234 (0.1589)  cardinality_error_3_unscaled: 278.0000 (278.4479)  loss_ce_dn_3_unscaled: 0.0561 (0.1554)  loss_bbox_dn_3_unscaled: 0.0262 (0.0713)  loss_giou_dn_3_unscaled: 0.1507 (0.2575)  loss_xy_dn_3_unscaled: 0.0088 (0.0223)  loss_hw_dn_3_unscaled: 0.0174 (0.0490)  cardinality_error_dn_3_unscaled: 171.6667 (168.8825)  loss_ce_4_unscaled: 0.2901 (0.4228)  loss_bbox_4_unscaled: 0.0350 (0.2175)  loss_giou_4_unscaled: 0.2148 (0.5994)  loss_xy_4_unscaled: 0.0111 (0.0609)  loss_hw_4_unscaled: 0.0241 (0.1566)  cardinality_error_4_unscaled: 278.3333 (278.9971)  loss_ce_dn_4_unscaled: 0.0571 (0.1634)  loss_bbox_dn_4_unscaled: 0.0261 (0.0721)  loss_giou_dn_4_unscaled: 0.1531 (0.2600)  loss_xy_dn_4_unscaled: 0.0084 (0.0222)  loss_hw_dn_4_unscaled: 0.0170 (0.0499)  cardinality_error_dn_4_unscaled: 171.3333 (168.1665)  loss_ce_interm_unscaled: 0.4142 (0.5036)  loss_bbox_interm_unscaled: 0.0873 (0.2593)  loss_giou_interm_unscaled: 0.3385 (0.7044)  loss_xy_interm_unscaled: 0.0273 (0.0677)  loss_hw_interm_unscaled: 0.0594 (0.1916)  cardinality_error_interm_unscaled: 282.0000 (279.7738)  time: 0.3278  data: 0.0002  max mem: 24465
Epoch: [0]  [  1030/111901]  eta: 10:08:47  lr: 0.000100  class_error: 3.03  loss: 10.9621 (26.1944)  loss_ce_dn: 0.0599 (0.1735)  loss_bbox_dn: 0.1379 (0.3652)  loss_giou_dn: 0.3179 (0.5241)  loss_ce: 0.3077 (0.4256)  loss_bbox: 0.1807 (1.0694)  loss_giou: 0.3951 (1.1817)  loss_ce_0: 0.3313 (0.4252)  loss_bbox_0: 0.3082 (1.2243)  loss_giou_0: 0.5551 (1.3230)  loss_ce_dn_0: 0.0805 (0.1963)  loss_bbox_dn_0: 0.2420 (0.4123)  loss_giou_dn_0: 0.4022 (0.5540)  loss_ce_1: 0.3277 (0.4129)  loss_bbox_1: 0.2146 (1.1592)  loss_giou_1: 0.4582 (1.2633)  loss_ce_dn_1: 0.0639 (0.1585)  loss_bbox_dn_1: 0.1773 (0.3704)  loss_giou_dn_1: 0.3365 (0.5237)  loss_ce_2: 0.3146 (0.4104)  loss_bbox_2: 0.2043 (1.1189)  loss_giou_2: 0.4141 (1.2237)  loss_ce_dn_2: 0.0573 (0.1500)  loss_bbox_dn_2: 0.1502 (0.3568)  loss_giou_dn_2: 0.3067 (0.5130)  loss_ce_3: 0.3133 (0.4159)  loss_bbox_3: 0.1806 (1.0938)  loss_giou_3: 0.4030 (1.2024)  loss_ce_dn_3: 0.0529 (0.1544)  loss_bbox_dn_3: 0.1387 (0.3544)  loss_giou_dn_3: 0.3058 (0.5130)  loss_ce_4: 0.3060 (0.4219)  loss_bbox_4: 0.1762 (1.0792)  loss_giou_4: 0.3960 (1.1912)  loss_ce_dn_4: 0.0596 (0.1623)  loss_bbox_dn_4: 0.1356 (0.3586)  loss_giou_dn_4: 0.3138 (0.5177)  loss_ce_interm: 0.4325 (0.5031)  loss_bbox_interm: 0.4430 (1.2891)  loss_giou_interm: 0.7021 (1.4018)  loss_ce_dn_unscaled: 0.0599 (0.1735)  loss_bbox_dn_unscaled: 0.0276 (0.0730)  loss_giou_dn_unscaled: 0.1590 (0.2620)  loss_xy_dn_unscaled: 0.0087 (0.0222)  loss_hw_dn_unscaled: 0.0187 (0.0508)  cardinality_error_dn_unscaled: 170.3333 (167.9945)  loss_ce_unscaled: 0.3077 (0.4256)  class_error_unscaled: 4.5455 (16.6985)  loss_bbox_unscaled: 0.0361 (0.2139)  loss_giou_unscaled: 0.1975 (0.5909)  loss_xy_unscaled: 0.0110 (0.0599)  loss_hw_unscaled: 0.0249 (0.1540)  cardinality_error_unscaled: 278.3333 (277.9906)  loss_ce_0_unscaled: 0.3313 (0.4252)  loss_bbox_0_unscaled: 0.0616 (0.2449)  loss_giou_0_unscaled: 0.2775 (0.6615)  loss_xy_0_unscaled: 0.0184 (0.0680)  loss_hw_0_unscaled: 0.0407 (0.1769)  cardinality_error_0_unscaled: 262.0000 (275.5167)  loss_ce_dn_0_unscaled: 0.0805 (0.1963)  loss_bbox_dn_0_unscaled: 0.0484 (0.0825)  loss_giou_dn_0_unscaled: 0.2011 (0.2770)  loss_xy_dn_0_unscaled: 0.0163 (0.0271)  loss_hw_dn_0_unscaled: 0.0327 (0.0553)  cardinality_error_dn_0_unscaled: 170.0000 (169.3502)  loss_ce_1_unscaled: 0.3277 (0.4129)  loss_bbox_1_unscaled: 0.0429 (0.2318)  loss_giou_1_unscaled: 0.2291 (0.6317)  loss_xy_1_unscaled: 0.0137 (0.0639)  loss_hw_1_unscaled: 0.0286 (0.1679)  cardinality_error_1_unscaled: 263.6667 (273.9030)  loss_ce_dn_1_unscaled: 0.0639 (0.1585)  loss_bbox_dn_1_unscaled: 0.0355 (0.0741)  loss_giou_dn_1_unscaled: 0.1682 (0.2619)  loss_xy_dn_1_unscaled: 0.0112 (0.0237)  loss_hw_dn_1_unscaled: 0.0233 (0.0503)  cardinality_error_dn_1_unscaled: 159.3333 (166.8697)  loss_ce_2_unscaled: 0.3146 (0.4104)  loss_bbox_2_unscaled: 0.0409 (0.2238)  loss_giou_2_unscaled: 0.2070 (0.6119)  loss_xy_2_unscaled: 0.0133 (0.0622)  loss_hw_2_unscaled: 0.0263 (0.1616)  cardinality_error_2_unscaled: 275.0000 (277.0854)  loss_ce_dn_2_unscaled: 0.0573 (0.1500)  loss_bbox_dn_2_unscaled: 0.0300 (0.0714)  loss_giou_dn_2_unscaled: 0.1533 (0.2565)  loss_xy_dn_2_unscaled: 0.0098 (0.0226)  loss_hw_dn_2_unscaled: 0.0202 (0.0487)  cardinality_error_dn_2_unscaled: 171.0000 (168.7045)  loss_ce_3_unscaled: 0.3133 (0.4159)  loss_bbox_3_unscaled: 0.0361 (0.2188)  loss_giou_3_unscaled: 0.2015 (0.6012)  loss_xy_3_unscaled: 0.0119 (0.0611)  loss_hw_3_unscaled: 0.0251 (0.1576)  cardinality_error_3_unscaled: 278.0000 (278.4252)  loss_ce_dn_3_unscaled: 0.0529 (0.1544)  loss_bbox_dn_3_unscaled: 0.0277 (0.0709)  loss_giou_dn_3_unscaled: 0.1529 (0.2565)  loss_xy_dn_3_unscaled: 0.0088 (0.0222)  loss_hw_dn_3_unscaled: 0.0184 (0.0487)  cardinality_error_dn_3_unscaled: 171.6667 (168.8662)  loss_ce_4_unscaled: 0.3060 (0.4219)  loss_bbox_4_unscaled: 0.0352 (0.2158)  loss_giou_4_unscaled: 0.1980 (0.5956)  loss_xy_4_unscaled: 0.0111 (0.0605)  loss_hw_4_unscaled: 0.0246 (0.1554)  cardinality_error_4_unscaled: 278.3333 (278.9864)  loss_ce_dn_4_unscaled: 0.0596 (0.1623)  loss_bbox_dn_4_unscaled: 0.0271 (0.0717)  loss_giou_dn_4_unscaled: 0.1569 (0.2589)  loss_xy_dn_4_unscaled: 0.0087 (0.0221)  loss_hw_dn_4_unscaled: 0.0183 (0.0496)  cardinality_error_dn_4_unscaled: 173.3333 (168.1985)  loss_ce_interm_unscaled: 0.4325 (0.5031)  loss_bbox_interm_unscaled: 0.0886 (0.2578)  loss_giou_interm_unscaled: 0.3511 (0.7009)  loss_xy_interm_unscaled: 0.0275 (0.0673)  loss_hw_interm_unscaled: 0.0615 (0.1905)  cardinality_error_interm_unscaled: 279.0000 (279.7184)  time: 0.3379  data: 0.0002  max mem: 24465
Epoch: [0]  [  1040/111901]  eta: 10:08:56  lr: 0.000100  class_error: 0.00  loss: 11.0461 (26.0503)  loss_ce_dn: 0.0569 (0.1725)  loss_bbox_dn: 0.1351 (0.3631)  loss_giou_dn: 0.2717 (0.5218)  loss_ce: 0.3057 (0.4244)  loss_bbox: 0.2143 (1.0613)  loss_giou: 0.3545 (1.1740)  loss_ce_0: 0.3375 (0.4244)  loss_bbox_0: 0.3378 (1.2161)  loss_giou_0: 0.5360 (1.3156)  loss_ce_dn_0: 0.0684 (0.1951)  loss_bbox_dn_0: 0.2581 (0.4110)  loss_giou_dn_0: 0.4022 (0.5526)  loss_ce_1: 0.3312 (0.4121)  loss_bbox_1: 0.2603 (1.1508)  loss_giou_1: 0.4414 (1.2555)  loss_ce_dn_1: 0.0524 (0.1576)  loss_bbox_dn_1: 0.1877 (0.3687)  loss_giou_dn_1: 0.3330 (0.5220)  loss_ce_2: 0.3047 (0.4094)  loss_bbox_2: 0.2455 (1.1106)  loss_giou_2: 0.3849 (1.2159)  loss_ce_dn_2: 0.0489 (0.1492)  loss_bbox_dn_2: 0.1589 (0.3550)  loss_giou_dn_2: 0.2950 (0.5110)  loss_ce_3: 0.3053 (0.4148)  loss_bbox_3: 0.2241 (1.0856)  loss_giou_3: 0.3575 (1.1946)  loss_ce_dn_3: 0.0483 (0.1535)  loss_bbox_dn_3: 0.1411 (0.3525)  loss_giou_dn_3: 0.2824 (0.5109)  loss_ce_4: 0.3011 (0.4207)  loss_bbox_4: 0.2146 (1.0711)  loss_giou_4: 0.3516 (1.1835)  loss_ce_dn_4: 0.0479 (0.1614)  loss_bbox_dn_4: 0.1356 (0.3567)  loss_giou_dn_4: 0.2824 (0.5156)  loss_ce_interm: 0.4383 (0.5025)  loss_bbox_interm: 0.4710 (1.2819)  loss_giou_interm: 0.6891 (1.3953)  loss_ce_dn_unscaled: 0.0569 (0.1725)  loss_bbox_dn_unscaled: 0.0270 (0.0726)  loss_giou_dn_unscaled: 0.1358 (0.2609)  loss_xy_dn_unscaled: 0.0087 (0.0221)  loss_hw_dn_unscaled: 0.0176 (0.0505)  cardinality_error_dn_unscaled: 163.3333 (167.8024)  loss_ce_unscaled: 0.3057 (0.4244)  class_error_unscaled: 6.2500 (16.6214)  loss_bbox_unscaled: 0.0429 (0.2123)  loss_giou_unscaled: 0.1772 (0.5870)  loss_xy_unscaled: 0.0107 (0.0594)  loss_hw_unscaled: 0.0263 (0.1528)  cardinality_error_unscaled: 277.0000 (277.9340)  loss_ce_0_unscaled: 0.3375 (0.4244)  loss_bbox_0_unscaled: 0.0676 (0.2432)  loss_giou_0_unscaled: 0.2680 (0.6578)  loss_xy_0_unscaled: 0.0209 (0.0676)  loss_hw_0_unscaled: 0.0439 (0.1756)  cardinality_error_0_unscaled: 264.6667 (275.2965)  loss_ce_dn_0_unscaled: 0.0684 (0.1951)  loss_bbox_dn_0_unscaled: 0.0516 (0.0822)  loss_giou_dn_0_unscaled: 0.2011 (0.2763)  loss_xy_dn_0_unscaled: 0.0169 (0.0270)  loss_hw_dn_0_unscaled: 0.0343 (0.0552)  cardinality_error_dn_0_unscaled: 167.0000 (169.2081)  loss_ce_1_unscaled: 0.3312 (0.4121)  loss_bbox_1_unscaled: 0.0521 (0.2302)  loss_giou_1_unscaled: 0.2207 (0.6278)  loss_xy_1_unscaled: 0.0137 (0.0635)  loss_hw_1_unscaled: 0.0326 (0.1667)  cardinality_error_1_unscaled: 272.3333 (273.8050)  loss_ce_dn_1_unscaled: 0.0524 (0.1576)  loss_bbox_dn_1_unscaled: 0.0375 (0.0737)  loss_giou_dn_1_unscaled: 0.1665 (0.2610)  loss_xy_dn_1_unscaled: 0.0120 (0.0236)  loss_hw_dn_1_unscaled: 0.0255 (0.0501)  cardinality_error_dn_1_unscaled: 166.6667 (166.8402)  loss_ce_2_unscaled: 0.3047 (0.4094)  loss_bbox_2_unscaled: 0.0491 (0.2221)  loss_giou_2_unscaled: 0.1924 (0.6080)  loss_xy_2_unscaled: 0.0134 (0.0618)  loss_hw_2_unscaled: 0.0292 (0.1603)  cardinality_error_2_unscaled: 276.3333 (277.0500)  loss_ce_dn_2_unscaled: 0.0489 (0.1492)  loss_bbox_dn_2_unscaled: 0.0318 (0.0710)  loss_giou_dn_2_unscaled: 0.1475 (0.2555)  loss_xy_dn_2_unscaled: 0.0098 (0.0225)  loss_hw_dn_2_unscaled: 0.0206 (0.0485)  cardinality_error_dn_2_unscaled: 170.0000 (168.6420)  loss_ce_3_unscaled: 0.3053 (0.4148)  loss_bbox_3_unscaled: 0.0448 (0.2171)  loss_giou_3_unscaled: 0.1787 (0.5973)  loss_xy_3_unscaled: 0.0119 (0.0607)  loss_hw_3_unscaled: 0.0276 (0.1564)  cardinality_error_3_unscaled: 278.3333 (278.4166)  loss_ce_dn_3_unscaled: 0.0483 (0.1535)  loss_bbox_dn_3_unscaled: 0.0282 (0.0705)  loss_giou_dn_3_unscaled: 0.1412 (0.2554)  loss_xy_dn_3_unscaled: 0.0087 (0.0220)  loss_hw_dn_3_unscaled: 0.0184 (0.0485)  cardinality_error_dn_3_unscaled: 170.0000 (168.7874)  loss_ce_4_unscaled: 0.3011 (0.4207)  loss_bbox_4_unscaled: 0.0429 (0.2142)  loss_giou_4_unscaled: 0.1758 (0.5917)  loss_xy_4_unscaled: 0.0111 (0.0600)  loss_hw_4_unscaled: 0.0264 (0.1542)  cardinality_error_4_unscaled: 278.3333 (278.9241)  loss_ce_dn_4_unscaled: 0.0479 (0.1614)  loss_bbox_dn_4_unscaled: 0.0271 (0.0713)  loss_giou_dn_4_unscaled: 0.1412 (0.2578)  loss_xy_dn_4_unscaled: 0.0086 (0.0220)  loss_hw_dn_4_unscaled: 0.0179 (0.0493)  cardinality_error_dn_4_unscaled: 170.0000 (168.0717)  loss_ce_interm_unscaled: 0.4383 (0.5025)  loss_bbox_interm_unscaled: 0.0942 (0.2564)  loss_giou_interm_unscaled: 0.3445 (0.6977)  loss_xy_interm_unscaled: 0.0302 (0.0670)  loss_hw_interm_unscaled: 0.0657 (0.1894)  cardinality_error_interm_unscaled: 280.0000 (279.5632)  time: 0.3481  data: 0.0003  max mem: 24465
Epoch: [0]  [  1050/111901]  eta: 10:08:28  lr: 0.000100  class_error: 11.54  loss: 10.0590 (25.9034)  loss_ce_dn: 0.0607 (0.1714)  loss_bbox_dn: 0.1240 (0.3610)  loss_giou_dn: 0.2831 (0.5198)  loss_ce: 0.2962 (0.4233)  loss_bbox: 0.1406 (1.0527)  loss_giou: 0.3450 (1.1665)  loss_ce_0: 0.3364 (0.4237)  loss_bbox_0: 0.2762 (1.2072)  loss_giou_0: 0.5446 (1.3084)  loss_ce_dn_0: 0.0678 (0.1940)  loss_bbox_dn_0: 0.2581 (0.4097)  loss_giou_dn_0: 0.4028 (0.5512)  loss_ce_1: 0.3211 (0.4113)  loss_bbox_1: 0.1996 (1.1418)  loss_giou_1: 0.4329 (1.2480)  loss_ce_dn_1: 0.0518 (0.1566)  loss_bbox_dn_1: 0.1875 (0.3670)  loss_giou_dn_1: 0.3330 (0.5202)  loss_ce_2: 0.3037 (0.4085)  loss_bbox_2: 0.1531 (1.1017)  loss_giou_2: 0.3703 (1.2082)  loss_ce_dn_2: 0.0520 (0.1483)  loss_bbox_dn_2: 0.1497 (0.3531)  loss_giou_dn_2: 0.3004 (0.5091)  loss_ce_3: 0.2936 (0.4139)  loss_bbox_3: 0.1419 (1.0768)  loss_giou_3: 0.3488 (1.1870)  loss_ce_dn_3: 0.0509 (0.1526)  loss_bbox_dn_3: 0.1318 (0.3505)  loss_giou_dn_3: 0.2852 (0.5089)  loss_ce_4: 0.2953 (0.4197)  loss_bbox_4: 0.1374 (1.0624)  loss_giou_4: 0.3436 (1.1759)  loss_ce_dn_4: 0.0527 (0.1604)  loss_bbox_dn_4: 0.1269 (0.3546)  loss_giou_dn_4: 0.2875 (0.5136)  loss_ce_interm: 0.4397 (0.5018)  loss_bbox_interm: 0.4381 (1.2738)  loss_giou_interm: 0.7031 (1.3892)  loss_ce_dn_unscaled: 0.0607 (0.1714)  loss_bbox_dn_unscaled: 0.0248 (0.0722)  loss_giou_dn_unscaled: 0.1416 (0.2599)  loss_xy_dn_unscaled: 0.0077 (0.0220)  loss_hw_dn_unscaled: 0.0169 (0.0502)  cardinality_error_dn_unscaled: 139.3333 (167.5420)  loss_ce_unscaled: 0.2962 (0.4233)  class_error_unscaled: 8.3333 (16.5466)  loss_bbox_unscaled: 0.0281 (0.2105)  loss_giou_unscaled: 0.1725 (0.5832)  loss_xy_unscaled: 0.0091 (0.0589)  loss_hw_unscaled: 0.0191 (0.1516)  cardinality_error_unscaled: 273.3333 (277.8671)  loss_ce_0_unscaled: 0.3364 (0.4237)  loss_bbox_0_unscaled: 0.0552 (0.2414)  loss_giou_0_unscaled: 0.2723 (0.6542)  loss_xy_0_unscaled: 0.0164 (0.0671)  loss_hw_0_unscaled: 0.0401 (0.1744)  cardinality_error_0_unscaled: 269.6667 (275.2797)  loss_ce_dn_0_unscaled: 0.0678 (0.1940)  loss_bbox_dn_0_unscaled: 0.0516 (0.0819)  loss_giou_dn_0_unscaled: 0.2014 (0.2756)  loss_xy_dn_0_unscaled: 0.0156 (0.0269)  loss_hw_dn_0_unscaled: 0.0361 (0.0550)  cardinality_error_dn_0_unscaled: 162.3333 (169.1377)  loss_ce_1_unscaled: 0.3211 (0.4113)  loss_bbox_1_unscaled: 0.0399 (0.2284)  loss_giou_1_unscaled: 0.2164 (0.6240)  loss_xy_1_unscaled: 0.0116 (0.0630)  loss_hw_1_unscaled: 0.0278 (0.1654)  cardinality_error_1_unscaled: 270.6667 (273.7688)  loss_ce_dn_1_unscaled: 0.0518 (0.1566)  loss_bbox_dn_1_unscaled: 0.0375 (0.0734)  loss_giou_dn_1_unscaled: 0.1665 (0.2601)  loss_xy_dn_1_unscaled: 0.0110 (0.0235)  loss_hw_dn_1_unscaled: 0.0263 (0.0499)  cardinality_error_dn_1_unscaled: 165.3333 (166.7545)  loss_ce_2_unscaled: 0.3037 (0.4085)  loss_bbox_2_unscaled: 0.0306 (0.2203)  loss_giou_2_unscaled: 0.1851 (0.6041)  loss_xy_2_unscaled: 0.0105 (0.0613)  loss_hw_2_unscaled: 0.0194 (0.1590)  cardinality_error_2_unscaled: 277.6667 (277.0444)  loss_ce_dn_2_unscaled: 0.0520 (0.1483)  loss_bbox_dn_2_unscaled: 0.0299 (0.0706)  loss_giou_dn_2_unscaled: 0.1502 (0.2545)  loss_xy_dn_2_unscaled: 0.0088 (0.0224)  loss_hw_dn_2_unscaled: 0.0212 (0.0482)  cardinality_error_dn_2_unscaled: 169.6667 (168.5931)  loss_ce_3_unscaled: 0.2936 (0.4139)  loss_bbox_3_unscaled: 0.0284 (0.2154)  loss_giou_3_unscaled: 0.1744 (0.5935)  loss_xy_3_unscaled: 0.0106 (0.0602)  loss_hw_3_unscaled: 0.0176 (0.1552)  cardinality_error_3_unscaled: 284.0000 (278.4469)  loss_ce_dn_3_unscaled: 0.0509 (0.1526)  loss_bbox_dn_3_unscaled: 0.0264 (0.0701)  loss_giou_dn_3_unscaled: 0.1426 (0.2545)  loss_xy_dn_3_unscaled: 0.0080 (0.0219)  loss_hw_dn_3_unscaled: 0.0184 (0.0482)  cardinality_error_dn_3_unscaled: 169.6667 (168.7564)  loss_ce_4_unscaled: 0.2953 (0.4197)  loss_bbox_4_unscaled: 0.0275 (0.2125)  loss_giou_4_unscaled: 0.1718 (0.5879)  loss_xy_4_unscaled: 0.0108 (0.0595)  loss_hw_4_unscaled: 0.0173 (0.1529)  cardinality_error_4_unscaled: 275.6667 (278.8849)  loss_ce_dn_4_unscaled: 0.0527 (0.1604)  loss_bbox_dn_4_unscaled: 0.0254 (0.0709)  loss_giou_dn_4_unscaled: 0.1437 (0.2568)  loss_xy_dn_4_unscaled: 0.0078 (0.0219)  loss_hw_dn_4_unscaled: 0.0178 (0.0490)  cardinality_error_dn_4_unscaled: 160.3333 (167.9499)  loss_ce_interm_unscaled: 0.4397 (0.5018)  loss_bbox_interm_unscaled: 0.0876 (0.2548)  loss_giou_interm_unscaled: 0.3516 (0.6946)  loss_xy_interm_unscaled: 0.0302 (0.0667)  loss_hw_interm_unscaled: 0.0569 (0.1881)  cardinality_error_interm_unscaled: 286.3333 (279.6055)  time: 0.3237  data: 0.0003  max mem: 24465
Epoch: [0]  [  1060/111901]  eta: 10:08:23  lr: 0.000100  class_error: 19.51  loss: 11.4928 (25.7849)  loss_ce_dn: 0.0637 (0.1706)  loss_bbox_dn: 0.1296 (0.3590)  loss_giou_dn: 0.3322 (0.5182)  loss_ce: 0.3294 (0.4226)  loss_bbox: 0.1598 (1.0454)  loss_giou: 0.4267 (1.1604)  loss_ce_0: 0.3523 (0.4233)  loss_bbox_0: 0.3174 (1.1999)  loss_giou_0: 0.5814 (1.3027)  loss_ce_dn_0: 0.0815 (0.1931)  loss_bbox_dn_0: 0.2549 (0.4085)  loss_giou_dn_0: 0.4107 (0.5501)  loss_ce_1: 0.3475 (0.4109)  loss_bbox_1: 0.2590 (1.1344)  loss_giou_1: 0.4877 (1.2419)  loss_ce_dn_1: 0.0609 (0.1559)  loss_bbox_dn_1: 0.1781 (0.3655)  loss_giou_dn_1: 0.3376 (0.5189)  loss_ce_2: 0.3328 (0.4079)  loss_bbox_2: 0.2009 (1.0943)  loss_giou_2: 0.4564 (1.2021)  loss_ce_dn_2: 0.0571 (0.1475)  loss_bbox_dn_2: 0.1582 (0.3514)  loss_giou_dn_2: 0.3163 (0.5076)  loss_ce_3: 0.3311 (0.4132)  loss_bbox_3: 0.1757 (1.0694)  loss_giou_3: 0.4392 (1.1809)  loss_ce_dn_3: 0.0571 (0.1518)  loss_bbox_dn_3: 0.1423 (0.3487)  loss_giou_dn_3: 0.3111 (0.5074)  loss_ce_4: 0.3285 (0.4190)  loss_bbox_4: 0.1653 (1.0551)  loss_giou_4: 0.4296 (1.1698)  loss_ce_dn_4: 0.0598 (0.1596)  loss_bbox_dn_4: 0.1314 (0.3527)  loss_giou_dn_4: 0.3232 (0.5121)  loss_ce_interm: 0.4458 (0.5014)  loss_bbox_interm: 0.4383 (1.2673)  loss_giou_interm: 0.7785 (1.3843)  loss_ce_dn_unscaled: 0.0637 (0.1706)  loss_bbox_dn_unscaled: 0.0259 (0.0718)  loss_giou_dn_unscaled: 0.1661 (0.2591)  loss_xy_dn_unscaled: 0.0085 (0.0218)  loss_hw_dn_unscaled: 0.0193 (0.0500)  cardinality_error_dn_unscaled: 140.6667 (167.3695)  loss_ce_unscaled: 0.3294 (0.4226)  class_error_unscaled: 9.5238 (16.5161)  loss_bbox_unscaled: 0.0320 (0.2091)  loss_giou_unscaled: 0.2134 (0.5802)  loss_xy_unscaled: 0.0135 (0.0586)  loss_hw_unscaled: 0.0201 (0.1505)  cardinality_error_unscaled: 263.0000 (277.6620)  loss_ce_0_unscaled: 0.3523 (0.4233)  loss_bbox_0_unscaled: 0.0635 (0.2400)  loss_giou_0_unscaled: 0.2907 (0.6514)  loss_xy_0_unscaled: 0.0193 (0.0667)  loss_hw_0_unscaled: 0.0468 (0.1732)  cardinality_error_0_unscaled: 263.6667 (275.0185)  loss_ce_dn_0_unscaled: 0.0815 (0.1931)  loss_bbox_dn_0_unscaled: 0.0510 (0.0817)  loss_giou_dn_0_unscaled: 0.2053 (0.2750)  loss_xy_dn_0_unscaled: 0.0156 (0.0268)  loss_hw_dn_0_unscaled: 0.0365 (0.0549)  cardinality_error_dn_0_unscaled: 156.3333 (168.8806)  loss_ce_1_unscaled: 0.3475 (0.4109)  loss_bbox_1_unscaled: 0.0518 (0.2269)  loss_giou_1_unscaled: 0.2438 (0.6210)  loss_xy_1_unscaled: 0.0161 (0.0626)  loss_hw_1_unscaled: 0.0352 (0.1643)  cardinality_error_1_unscaled: 265.3333 (273.5416)  loss_ce_dn_1_unscaled: 0.0609 (0.1559)  loss_bbox_dn_1_unscaled: 0.0356 (0.0731)  loss_giou_dn_1_unscaled: 0.1688 (0.2594)  loss_xy_dn_1_unscaled: 0.0110 (0.0234)  loss_hw_dn_1_unscaled: 0.0246 (0.0497)  cardinality_error_dn_1_unscaled: 160.0000 (166.5699)  loss_ce_2_unscaled: 0.3328 (0.4079)  loss_bbox_2_unscaled: 0.0402 (0.2189)  loss_giou_2_unscaled: 0.2282 (0.6011)  loss_xy_2_unscaled: 0.0147 (0.0609)  loss_hw_2_unscaled: 0.0275 (0.1579)  cardinality_error_2_unscaled: 271.6667 (276.8951)  loss_ce_dn_2_unscaled: 0.0571 (0.1475)  loss_bbox_dn_2_unscaled: 0.0316 (0.0703)  loss_giou_dn_2_unscaled: 0.1581 (0.2538)  loss_xy_dn_2_unscaled: 0.0095 (0.0223)  loss_hw_dn_2_unscaled: 0.0219 (0.0480)  cardinality_error_dn_2_unscaled: 161.6667 (168.4072)  loss_ce_3_unscaled: 0.3311 (0.4132)  loss_bbox_3_unscaled: 0.0351 (0.2139)  loss_giou_3_unscaled: 0.2196 (0.5904)  loss_xy_3_unscaled: 0.0131 (0.0598)  loss_hw_3_unscaled: 0.0224 (0.1541)  cardinality_error_3_unscaled: 274.0000 (278.2878)  loss_ce_dn_3_unscaled: 0.0571 (0.1518)  loss_bbox_dn_3_unscaled: 0.0285 (0.0697)  loss_giou_dn_3_unscaled: 0.1555 (0.2537)  loss_xy_dn_3_unscaled: 0.0087 (0.0218)  loss_hw_dn_3_unscaled: 0.0197 (0.0479)  cardinality_error_dn_3_unscaled: 166.6667 (168.6362)  loss_ce_4_unscaled: 0.3285 (0.4190)  loss_bbox_4_unscaled: 0.0331 (0.2110)  loss_giou_4_unscaled: 0.2148 (0.5849)  loss_xy_4_unscaled: 0.0131 (0.0592)  loss_hw_4_unscaled: 0.0208 (0.1518)  cardinality_error_4_unscaled: 272.3333 (278.7301)  loss_ce_dn_4_unscaled: 0.0598 (0.1596)  loss_bbox_dn_4_unscaled: 0.0263 (0.0705)  loss_giou_dn_4_unscaled: 0.1616 (0.2560)  loss_xy_dn_4_unscaled: 0.0086 (0.0218)  loss_hw_dn_4_unscaled: 0.0191 (0.0488)  cardinality_error_dn_4_unscaled: 158.6667 (167.7716)  loss_ce_interm_unscaled: 0.4458 (0.5014)  loss_bbox_interm_unscaled: 0.0877 (0.2535)  loss_giou_interm_unscaled: 0.3893 (0.6921)  loss_xy_interm_unscaled: 0.0323 (0.0664)  loss_hw_interm_unscaled: 0.0585 (0.1870)  cardinality_error_interm_unscaled: 285.0000 (279.5416)  time: 0.3170  data: 0.0002  max mem: 24465
Epoch: [0]  [  1070/111901]  eta: 10:08:12  lr: 0.000100  class_error: 8.57  loss: 14.0757 (25.6747)  loss_ce_dn: 0.0709 (0.1697)  loss_bbox_dn: 0.1369 (0.3570)  loss_giou_dn: 0.3642 (0.5168)  loss_ce: 0.3565 (0.4220)  loss_bbox: 0.2992 (1.0386)  loss_giou: 0.5148 (1.1549)  loss_ce_0: 0.3990 (0.4231)  loss_bbox_0: 0.4559 (1.1929)  loss_giou_0: 0.6479 (1.2973)  loss_ce_dn_0: 0.0924 (0.1921)  loss_bbox_dn_0: 0.2782 (0.4073)  loss_giou_dn_0: 0.4393 (0.5492)  loss_ce_1: 0.3578 (0.4105)  loss_bbox_1: 0.3950 (1.1274)  loss_giou_1: 0.5515 (1.2365)  loss_ce_dn_1: 0.0676 (0.1551)  loss_bbox_dn_1: 0.1822 (0.3638)  loss_giou_dn_1: 0.3921 (0.5179)  loss_ce_2: 0.3620 (0.4077)  loss_bbox_2: 0.3864 (1.0873)  loss_giou_2: 0.5382 (1.1966)  loss_ce_dn_2: 0.0640 (0.1468)  loss_bbox_dn_2: 0.1582 (0.3496)  loss_giou_dn_2: 0.3724 (0.5064)  loss_ce_3: 0.3555 (0.4129)  loss_bbox_3: 0.3177 (1.0624)  loss_giou_3: 0.5477 (1.1754)  loss_ce_dn_3: 0.0638 (0.1511)  loss_bbox_dn_3: 0.1423 (0.3468)  loss_giou_dn_3: 0.3737 (0.5061)  loss_ce_4: 0.3550 (0.4185)  loss_bbox_4: 0.3113 (1.0482)  loss_giou_4: 0.5129 (1.1643)  loss_ce_dn_4: 0.0647 (0.1588)  loss_bbox_dn_4: 0.1367 (0.3507)  loss_giou_dn_4: 0.3710 (0.5107)  loss_ce_interm: 0.4541 (0.5010)  loss_bbox_interm: 0.6161 (1.2615)  loss_giou_interm: 0.8045 (1.3795)  loss_ce_dn_unscaled: 0.0709 (0.1697)  loss_bbox_dn_unscaled: 0.0274 (0.0714)  loss_giou_dn_unscaled: 0.1821 (0.2584)  loss_xy_dn_unscaled: 0.0092 (0.0217)  loss_hw_dn_unscaled: 0.0174 (0.0497)  cardinality_error_dn_unscaled: 167.0000 (167.3452)  loss_ce_unscaled: 0.3565 (0.4220)  class_error_unscaled: 12.1212 (16.5014)  loss_bbox_unscaled: 0.0598 (0.2077)  loss_giou_unscaled: 0.2574 (0.5774)  loss_xy_unscaled: 0.0183 (0.0582)  loss_hw_unscaled: 0.0404 (0.1495)  cardinality_error_unscaled: 263.0000 (277.6166)  loss_ce_0_unscaled: 0.3990 (0.4231)  loss_bbox_0_unscaled: 0.0912 (0.2386)  loss_giou_0_unscaled: 0.3239 (0.6487)  loss_xy_0_unscaled: 0.0302 (0.0664)  loss_hw_0_unscaled: 0.0556 (0.1722)  cardinality_error_0_unscaled: 248.3333 (274.8204)  loss_ce_dn_0_unscaled: 0.0924 (0.1921)  loss_bbox_dn_0_unscaled: 0.0556 (0.0815)  loss_giou_dn_0_unscaled: 0.2197 (0.2746)  loss_xy_dn_0_unscaled: 0.0169 (0.0268)  loss_hw_dn_0_unscaled: 0.0364 (0.0547)  cardinality_error_dn_0_unscaled: 146.0000 (168.6726)  loss_ce_1_unscaled: 0.3578 (0.4105)  loss_bbox_1_unscaled: 0.0790 (0.2255)  loss_giou_1_unscaled: 0.2758 (0.6182)  loss_xy_1_unscaled: 0.0239 (0.0623)  loss_hw_1_unscaled: 0.0499 (0.1632)  cardinality_error_1_unscaled: 251.6667 (273.3586)  loss_ce_dn_1_unscaled: 0.0676 (0.1551)  loss_bbox_dn_1_unscaled: 0.0364 (0.0728)  loss_giou_dn_1_unscaled: 0.1960 (0.2589)  loss_xy_dn_1_unscaled: 0.0117 (0.0233)  loss_hw_dn_1_unscaled: 0.0251 (0.0495)  cardinality_error_dn_1_unscaled: 167.0000 (166.4301)  loss_ce_2_unscaled: 0.3620 (0.4077)  loss_bbox_2_unscaled: 0.0773 (0.2175)  loss_giou_2_unscaled: 0.2691 (0.5983)  loss_xy_2_unscaled: 0.0226 (0.0606)  loss_hw_2_unscaled: 0.0461 (0.1569)  cardinality_error_2_unscaled: 267.3333 (276.7790)  loss_ce_dn_2_unscaled: 0.0640 (0.1468)  loss_bbox_dn_2_unscaled: 0.0316 (0.0699)  loss_giou_dn_2_unscaled: 0.1862 (0.2532)  loss_xy_dn_2_unscaled: 0.0098 (0.0222)  loss_hw_dn_2_unscaled: 0.0218 (0.0477)  cardinality_error_dn_2_unscaled: 166.6667 (168.3489)  loss_ce_3_unscaled: 0.3555 (0.4129)  loss_bbox_3_unscaled: 0.0635 (0.2125)  loss_giou_3_unscaled: 0.2739 (0.5877)  loss_xy_3_unscaled: 0.0203 (0.0595)  loss_hw_3_unscaled: 0.0382 (0.1530)  cardinality_error_3_unscaled: 263.6667 (278.1799)  loss_ce_dn_3_unscaled: 0.0638 (0.1511)  loss_bbox_dn_3_unscaled: 0.0285 (0.0694)  loss_giou_dn_3_unscaled: 0.1868 (0.2531)  loss_xy_dn_3_unscaled: 0.0091 (0.0217)  loss_hw_dn_3_unscaled: 0.0197 (0.0477)  cardinality_error_dn_3_unscaled: 167.3333 (168.5447)  loss_ce_4_unscaled: 0.3550 (0.4185)  loss_bbox_4_unscaled: 0.0623 (0.2096)  loss_giou_4_unscaled: 0.2564 (0.5821)  loss_xy_4_unscaled: 0.0174 (0.0588)  loss_hw_4_unscaled: 0.0406 (0.1508)  cardinality_error_4_unscaled: 266.0000 (278.6271)  loss_ce_dn_4_unscaled: 0.0647 (0.1588)  loss_bbox_dn_4_unscaled: 0.0273 (0.0701)  loss_giou_dn_4_unscaled: 0.1855 (0.2554)  loss_xy_dn_4_unscaled: 0.0090 (0.0216)  loss_hw_dn_4_unscaled: 0.0182 (0.0485)  cardinality_error_dn_4_unscaled: 167.6667 (167.7379)  loss_ce_interm_unscaled: 0.4541 (0.5010)  loss_bbox_interm_unscaled: 0.1232 (0.2523)  loss_giou_interm_unscaled: 0.4023 (0.6897)  loss_xy_interm_unscaled: 0.0371 (0.0662)  loss_hw_interm_unscaled: 0.0810 (0.1861)  cardinality_error_interm_unscaled: 272.0000 (279.4407)  time: 0.3250  data: 0.0002  max mem: 24465
Epoch: [0]  [  1080/111901]  eta: 10:07:53  lr: 0.000100  class_error: 2.50  loss: 11.4114 (25.5413)  loss_ce_dn: 0.0632 (0.1688)  loss_bbox_dn: 0.1240 (0.3548)  loss_giou_dn: 0.3331 (0.5153)  loss_ce: 0.3154 (0.4209)  loss_bbox: 0.2267 (1.0310)  loss_giou: 0.4192 (1.1483)  loss_ce_0: 0.3672 (0.4221)  loss_bbox_0: 0.3122 (1.1847)  loss_giou_0: 0.5822 (1.2907)  loss_ce_dn_0: 0.0835 (0.1911)  loss_bbox_dn_0: 0.2348 (0.4058)  loss_giou_dn_0: 0.4206 (0.5480)  loss_ce_1: 0.3270 (0.4095)  loss_bbox_1: 0.2691 (1.1194)  loss_giou_1: 0.4958 (1.2297)  loss_ce_dn_1: 0.0660 (0.1542)  loss_bbox_dn_1: 0.1646 (0.3620)  loss_giou_dn_1: 0.3553 (0.5165)  loss_ce_2: 0.3173 (0.4066)  loss_bbox_2: 0.2428 (1.0794)  loss_giou_2: 0.4477 (1.1898)  loss_ce_dn_2: 0.0632 (0.1460)  loss_bbox_dn_2: 0.1362 (0.3476)  loss_giou_dn_2: 0.3260 (0.5050)  loss_ce_3: 0.3157 (0.4118)  loss_bbox_3: 0.2317 (1.0547)  loss_giou_3: 0.4247 (1.1687)  loss_ce_dn_3: 0.0628 (0.1502)  loss_bbox_dn_3: 0.1315 (0.3447)  loss_giou_dn_3: 0.3178 (0.5047)  loss_ce_4: 0.3131 (0.4173)  loss_bbox_4: 0.2256 (1.0405)  loss_giou_4: 0.4224 (1.1576)  loss_ce_dn_4: 0.0595 (0.1578)  loss_bbox_dn_4: 0.1258 (0.3486)  loss_giou_dn_4: 0.3191 (0.5093)  loss_ce_interm: 0.4409 (0.5003)  loss_bbox_interm: 0.5080 (1.2541)  loss_giou_interm: 0.7288 (1.3735)  loss_ce_dn_unscaled: 0.0632 (0.1688)  loss_bbox_dn_unscaled: 0.0248 (0.0710)  loss_giou_dn_unscaled: 0.1665 (0.2577)  loss_xy_dn_unscaled: 0.0074 (0.0216)  loss_hw_dn_unscaled: 0.0170 (0.0494)  cardinality_error_dn_unscaled: 169.6667 (167.3062)  loss_ce_unscaled: 0.3154 (0.4209)  class_error_unscaled: 6.8966 (16.3801)  loss_bbox_unscaled: 0.0453 (0.2062)  loss_giou_unscaled: 0.2096 (0.5741)  loss_xy_unscaled: 0.0134 (0.0578)  loss_hw_unscaled: 0.0289 (0.1484)  cardinality_error_unscaled: 284.0000 (277.6257)  loss_ce_0_unscaled: 0.3672 (0.4221)  loss_bbox_0_unscaled: 0.0624 (0.2369)  loss_giou_0_unscaled: 0.2911 (0.6453)  loss_xy_0_unscaled: 0.0217 (0.0660)  loss_hw_0_unscaled: 0.0417 (0.1710)  cardinality_error_0_unscaled: 276.0000 (274.8005)  loss_ce_dn_0_unscaled: 0.0835 (0.1911)  loss_bbox_dn_0_unscaled: 0.0470 (0.0812)  loss_giou_dn_0_unscaled: 0.2103 (0.2740)  loss_xy_dn_0_unscaled: 0.0149 (0.0266)  loss_hw_dn_0_unscaled: 0.0317 (0.0545)  cardinality_error_dn_0_unscaled: 168.0000 (168.5945)  loss_ce_1_unscaled: 0.3270 (0.4095)  loss_bbox_1_unscaled: 0.0538 (0.2239)  loss_giou_1_unscaled: 0.2479 (0.6148)  loss_xy_1_unscaled: 0.0185 (0.0618)  loss_hw_1_unscaled: 0.0344 (0.1621)  cardinality_error_1_unscaled: 273.6667 (273.3589)  loss_ce_dn_1_unscaled: 0.0660 (0.1542)  loss_bbox_dn_1_unscaled: 0.0329 (0.0724)  loss_giou_dn_1_unscaled: 0.1777 (0.2583)  loss_xy_dn_1_unscaled: 0.0095 (0.0232)  loss_hw_dn_1_unscaled: 0.0224 (0.0492)  cardinality_error_dn_1_unscaled: 167.0000 (166.3848)  loss_ce_2_unscaled: 0.3173 (0.4066)  loss_bbox_2_unscaled: 0.0486 (0.2159)  loss_giou_2_unscaled: 0.2239 (0.5949)  loss_xy_2_unscaled: 0.0142 (0.0601)  loss_hw_2_unscaled: 0.0298 (0.1557)  cardinality_error_2_unscaled: 277.3333 (276.7783)  loss_ce_dn_2_unscaled: 0.0632 (0.1460)  loss_bbox_dn_2_unscaled: 0.0272 (0.0695)  loss_giou_dn_2_unscaled: 0.1630 (0.2525)  loss_xy_dn_2_unscaled: 0.0088 (0.0220)  loss_hw_dn_2_unscaled: 0.0194 (0.0475)  cardinality_error_dn_2_unscaled: 167.0000 (168.2822)  loss_ce_3_unscaled: 0.3157 (0.4118)  loss_bbox_3_unscaled: 0.0463 (0.2109)  loss_giou_3_unscaled: 0.2124 (0.5843)  loss_xy_3_unscaled: 0.0167 (0.0590)  loss_hw_3_unscaled: 0.0290 (0.1519)  cardinality_error_3_unscaled: 282.0000 (278.1896)  loss_ce_dn_3_unscaled: 0.0628 (0.1502)  loss_bbox_dn_3_unscaled: 0.0263 (0.0689)  loss_giou_dn_3_unscaled: 0.1589 (0.2524)  loss_xy_dn_3_unscaled: 0.0078 (0.0216)  loss_hw_dn_3_unscaled: 0.0173 (0.0474)  cardinality_error_dn_3_unscaled: 170.0000 (168.5113)  loss_ce_4_unscaled: 0.3131 (0.4173)  loss_bbox_4_unscaled: 0.0451 (0.2081)  loss_giou_4_unscaled: 0.2112 (0.5788)  loss_xy_4_unscaled: 0.0131 (0.0584)  loss_hw_4_unscaled: 0.0289 (0.1497)  cardinality_error_4_unscaled: 280.6667 (278.6210)  loss_ce_dn_4_unscaled: 0.0595 (0.1578)  loss_bbox_dn_4_unscaled: 0.0252 (0.0697)  loss_giou_dn_4_unscaled: 0.1596 (0.2546)  loss_xy_dn_4_unscaled: 0.0072 (0.0215)  loss_hw_dn_4_unscaled: 0.0178 (0.0482)  cardinality_error_dn_4_unscaled: 171.3333 (167.7490)  loss_ce_interm_unscaled: 0.4409 (0.5003)  loss_bbox_interm_unscaled: 0.1016 (0.2508)  loss_giou_interm_unscaled: 0.3644 (0.6868)  loss_xy_interm_unscaled: 0.0330 (0.0658)  loss_hw_interm_unscaled: 0.0681 (0.1850)  cardinality_error_interm_unscaled: 284.6667 (279.4514)  time: 0.3182  data: 0.0002  max mem: 24465
Epoch: [0]  [  1090/111901]  eta: 10:07:41  lr: 0.000100  class_error: 3.70  loss: 10.5506 (25.4206)  loss_ce_dn: 0.0536 (0.1677)  loss_bbox_dn: 0.1240 (0.3528)  loss_giou_dn: 0.2579 (0.5135)  loss_ce: 0.3048 (0.4201)  loss_bbox: 0.1819 (1.0240)  loss_giou: 0.3600 (1.1421)  loss_ce_0: 0.3299 (0.4216)  loss_bbox_0: 0.2982 (1.1777)  loss_giou_0: 0.5438 (1.2846)  loss_ce_dn_0: 0.0655 (0.1900)  loss_bbox_dn_0: 0.2567 (0.4046)  loss_giou_dn_0: 0.3850 (0.5467)  loss_ce_1: 0.2997 (0.4089)  loss_bbox_1: 0.2459 (1.1122)  loss_giou_1: 0.4534 (1.2235)  loss_ce_dn_1: 0.0499 (0.1533)  loss_bbox_dn_1: 0.1673 (0.3605)  loss_giou_dn_1: 0.3062 (0.5150)  loss_ce_2: 0.3006 (0.4060)  loss_bbox_2: 0.2109 (1.0721)  loss_giou_2: 0.4128 (1.1836)  loss_ce_dn_2: 0.0464 (0.1451)  loss_bbox_dn_2: 0.1362 (0.3459)  loss_giou_dn_2: 0.2748 (0.5034)  loss_ce_3: 0.2946 (0.4112)  loss_bbox_3: 0.2070 (1.0475)  loss_giou_3: 0.3929 (1.1626)  loss_ce_dn_3: 0.0458 (0.1493)  loss_bbox_dn_3: 0.1296 (0.3429)  loss_giou_dn_3: 0.2628 (0.5030)  loss_ce_4: 0.2994 (0.4166)  loss_bbox_4: 0.1879 (1.0334)  loss_giou_4: 0.3728 (1.1515)  loss_ce_dn_4: 0.0516 (0.1569)  loss_bbox_dn_4: 0.1225 (0.3467)  loss_giou_dn_4: 0.2596 (0.5075)  loss_ce_interm: 0.4346 (0.4999)  loss_bbox_interm: 0.4603 (1.2479)  loss_giou_interm: 0.7050 (1.3687)  loss_ce_dn_unscaled: 0.0536 (0.1677)  loss_bbox_dn_unscaled: 0.0248 (0.0706)  loss_giou_dn_unscaled: 0.1289 (0.2568)  loss_xy_dn_unscaled: 0.0074 (0.0215)  loss_hw_dn_unscaled: 0.0186 (0.0491)  cardinality_error_dn_unscaled: 165.0000 (167.2026)  loss_ce_unscaled: 0.3048 (0.4201)  class_error_unscaled: 4.0000 (16.2983)  loss_bbox_unscaled: 0.0364 (0.2048)  loss_giou_unscaled: 0.1800 (0.5711)  loss_xy_unscaled: 0.0132 (0.0574)  loss_hw_unscaled: 0.0214 (0.1474)  cardinality_error_unscaled: 278.6667 (277.5451)  loss_ce_0_unscaled: 0.3299 (0.4216)  loss_bbox_0_unscaled: 0.0596 (0.2355)  loss_giou_0_unscaled: 0.2719 (0.6423)  loss_xy_0_unscaled: 0.0209 (0.0656)  loss_hw_0_unscaled: 0.0417 (0.1699)  cardinality_error_0_unscaled: 272.3333 (274.6896)  loss_ce_dn_0_unscaled: 0.0655 (0.1900)  loss_bbox_dn_0_unscaled: 0.0513 (0.0809)  loss_giou_dn_0_unscaled: 0.1925 (0.2734)  loss_xy_dn_0_unscaled: 0.0161 (0.0266)  loss_hw_dn_0_unscaled: 0.0351 (0.0544)  cardinality_error_dn_0_unscaled: 167.6667 (168.5273)  loss_ce_1_unscaled: 0.2997 (0.4089)  loss_bbox_1_unscaled: 0.0492 (0.2224)  loss_giou_1_unscaled: 0.2267 (0.6117)  loss_xy_1_unscaled: 0.0179 (0.0615)  loss_hw_1_unscaled: 0.0327 (0.1610)  cardinality_error_1_unscaled: 273.6667 (273.3065)  loss_ce_dn_1_unscaled: 0.0499 (0.1533)  loss_bbox_dn_1_unscaled: 0.0335 (0.0721)  loss_giou_dn_1_unscaled: 0.1531 (0.2575)  loss_xy_dn_1_unscaled: 0.0095 (0.0231)  loss_hw_dn_1_unscaled: 0.0235 (0.0490)  cardinality_error_dn_1_unscaled: 166.6667 (166.3611)  loss_ce_2_unscaled: 0.3006 (0.4060)  loss_bbox_2_unscaled: 0.0422 (0.2144)  loss_giou_2_unscaled: 0.2064 (0.5918)  loss_xy_2_unscaled: 0.0142 (0.0598)  loss_hw_2_unscaled: 0.0280 (0.1547)  cardinality_error_2_unscaled: 276.6667 (276.6859)  loss_ce_dn_2_unscaled: 0.0464 (0.1451)  loss_bbox_dn_2_unscaled: 0.0272 (0.0692)  loss_giou_dn_2_unscaled: 0.1374 (0.2517)  loss_xy_dn_2_unscaled: 0.0078 (0.0219)  loss_hw_dn_2_unscaled: 0.0206 (0.0473)  cardinality_error_dn_2_unscaled: 164.0000 (168.1855)  loss_ce_3_unscaled: 0.2946 (0.4112)  loss_bbox_3_unscaled: 0.0414 (0.2095)  loss_giou_3_unscaled: 0.1965 (0.5813)  loss_xy_3_unscaled: 0.0127 (0.0587)  loss_hw_3_unscaled: 0.0265 (0.1508)  cardinality_error_3_unscaled: 281.6667 (278.1491)  loss_ce_dn_3_unscaled: 0.0458 (0.1493)  loss_bbox_dn_3_unscaled: 0.0259 (0.0686)  loss_giou_dn_3_unscaled: 0.1314 (0.2515)  loss_xy_dn_3_unscaled: 0.0073 (0.0214)  loss_hw_dn_3_unscaled: 0.0190 (0.0471)  cardinality_error_dn_3_unscaled: 168.0000 (168.4357)  loss_ce_4_unscaled: 0.2994 (0.4166)  loss_bbox_4_unscaled: 0.0376 (0.2067)  loss_giou_4_unscaled: 0.1864 (0.5757)  loss_xy_4_unscaled: 0.0131 (0.0580)  loss_hw_4_unscaled: 0.0246 (0.1487)  cardinality_error_4_unscaled: 280.6667 (278.5521)  loss_ce_dn_4_unscaled: 0.0516 (0.1569)  loss_bbox_dn_4_unscaled: 0.0245 (0.0693)  loss_giou_dn_4_unscaled: 0.1298 (0.2538)  loss_xy_dn_4_unscaled: 0.0071 (0.0214)  loss_hw_dn_4_unscaled: 0.0189 (0.0480)  cardinality_error_dn_4_unscaled: 172.3333 (167.6731)  loss_ce_interm_unscaled: 0.4346 (0.4999)  loss_bbox_interm_unscaled: 0.0921 (0.2496)  loss_giou_interm_unscaled: 0.3525 (0.6843)  loss_xy_interm_unscaled: 0.0319 (0.0656)  loss_hw_interm_unscaled: 0.0605 (0.1840)  cardinality_error_interm_unscaled: 284.6667 (279.4134)  time: 0.3169  data: 0.0002  max mem: 24465
Epoch: [0]  [  1100/111901]  eta: 10:07:31  lr: 0.000100  class_error: 13.33  loss: 10.9311 (25.2931)  loss_ce_dn: 0.0565 (0.1668)  loss_bbox_dn: 0.1359 (0.3509)  loss_giou_dn: 0.2827 (0.5118)  loss_ce: 0.3269 (0.4193)  loss_bbox: 0.1819 (1.0164)  loss_giou: 0.3600 (1.1357)  loss_ce_0: 0.3406 (0.4210)  loss_bbox_0: 0.3152 (1.1699)  loss_giou_0: 0.5507 (1.2782)  loss_ce_dn_0: 0.0655 (0.1889)  loss_bbox_dn_0: 0.2578 (0.4032)  loss_giou_dn_0: 0.3986 (0.5455)  loss_ce_1: 0.3331 (0.4083)  loss_bbox_1: 0.2459 (1.1044)  loss_giou_1: 0.4634 (1.2171)  loss_ce_dn_1: 0.0504 (0.1524)  loss_bbox_dn_1: 0.1791 (0.3589)  loss_giou_dn_1: 0.3236 (0.5134)  loss_ce_2: 0.3270 (0.4053)  loss_bbox_2: 0.1994 (1.0644)  loss_giou_2: 0.4128 (1.1773)  loss_ce_dn_2: 0.0472 (0.1442)  loss_bbox_dn_2: 0.1514 (0.3442)  loss_giou_dn_2: 0.2942 (0.5018)  loss_ce_3: 0.3289 (0.4105)  loss_bbox_3: 0.1970 (1.0397)  loss_giou_3: 0.3929 (1.1562)  loss_ce_dn_3: 0.0458 (0.1484)  loss_bbox_dn_3: 0.1391 (0.3411)  loss_giou_dn_3: 0.2860 (0.5014)  loss_ce_4: 0.3285 (0.4158)  loss_bbox_4: 0.1879 (1.0257)  loss_giou_4: 0.3728 (1.1452)  loss_ce_dn_4: 0.0489 (0.1560)  loss_bbox_dn_4: 0.1349 (0.3448)  loss_giou_dn_4: 0.2844 (0.5059)  loss_ce_interm: 0.4329 (0.4993)  loss_bbox_interm: 0.4913 (1.2409)  loss_giou_interm: 0.7395 (1.3630)  loss_ce_dn_unscaled: 0.0565 (0.1668)  loss_bbox_dn_unscaled: 0.0272 (0.0702)  loss_giou_dn_unscaled: 0.1413 (0.2559)  loss_xy_dn_unscaled: 0.0084 (0.0214)  loss_hw_dn_unscaled: 0.0186 (0.0488)  cardinality_error_dn_unscaled: 169.6667 (167.2534)  loss_ce_unscaled: 0.3269 (0.4193)  class_error_unscaled: 4.0000 (16.1934)  loss_bbox_unscaled: 0.0364 (0.2033)  loss_giou_unscaled: 0.1800 (0.5679)  loss_xy_unscaled: 0.0130 (0.0570)  loss_hw_unscaled: 0.0235 (0.1462)  cardinality_error_unscaled: 278.6667 (277.5386)  loss_ce_0_unscaled: 0.3406 (0.4210)  loss_bbox_0_unscaled: 0.0630 (0.2340)  loss_giou_0_unscaled: 0.2753 (0.6391)  loss_xy_0_unscaled: 0.0209 (0.0652)  loss_hw_0_unscaled: 0.0435 (0.1688)  cardinality_error_0_unscaled: 261.3333 (274.3909)  loss_ce_dn_0_unscaled: 0.0655 (0.1889)  loss_bbox_dn_0_unscaled: 0.0516 (0.0806)  loss_giou_dn_0_unscaled: 0.1993 (0.2727)  loss_xy_dn_0_unscaled: 0.0164 (0.0265)  loss_hw_dn_0_unscaled: 0.0351 (0.0542)  cardinality_error_dn_0_unscaled: 165.3333 (168.4566)  loss_ce_1_unscaled: 0.3331 (0.4083)  loss_bbox_1_unscaled: 0.0492 (0.2209)  loss_giou_1_unscaled: 0.2317 (0.6086)  loss_xy_1_unscaled: 0.0165 (0.0611)  loss_hw_1_unscaled: 0.0340 (0.1598)  cardinality_error_1_unscaled: 268.6667 (273.1801)  loss_ce_dn_1_unscaled: 0.0504 (0.1524)  loss_bbox_dn_1_unscaled: 0.0358 (0.0718)  loss_giou_dn_1_unscaled: 0.1618 (0.2567)  loss_xy_dn_1_unscaled: 0.0105 (0.0229)  loss_hw_dn_1_unscaled: 0.0258 (0.0488)  cardinality_error_dn_1_unscaled: 168.3333 (166.3666)  loss_ce_2_unscaled: 0.3270 (0.4053)  loss_bbox_2_unscaled: 0.0399 (0.2129)  loss_giou_2_unscaled: 0.2064 (0.5886)  loss_xy_2_unscaled: 0.0141 (0.0594)  loss_hw_2_unscaled: 0.0284 (0.1535)  cardinality_error_2_unscaled: 273.0000 (276.6546)  loss_ce_dn_2_unscaled: 0.0472 (0.1442)  loss_bbox_dn_2_unscaled: 0.0303 (0.0688)  loss_giou_dn_2_unscaled: 0.1471 (0.2509)  loss_xy_dn_2_unscaled: 0.0090 (0.0218)  loss_hw_dn_2_unscaled: 0.0211 (0.0470)  cardinality_error_dn_2_unscaled: 169.0000 (168.2219)  loss_ce_3_unscaled: 0.3289 (0.4105)  loss_bbox_3_unscaled: 0.0394 (0.2079)  loss_giou_3_unscaled: 0.1965 (0.5781)  loss_xy_3_unscaled: 0.0126 (0.0583)  loss_hw_3_unscaled: 0.0252 (0.1497)  cardinality_error_3_unscaled: 281.0000 (278.1550)  loss_ce_dn_3_unscaled: 0.0458 (0.1484)  loss_bbox_dn_3_unscaled: 0.0278 (0.0682)  loss_giou_dn_3_unscaled: 0.1430 (0.2507)  loss_xy_dn_3_unscaled: 0.0084 (0.0213)  loss_hw_dn_3_unscaled: 0.0194 (0.0469)  cardinality_error_dn_3_unscaled: 169.6667 (168.4956)  loss_ce_4_unscaled: 0.3285 (0.4158)  loss_bbox_4_unscaled: 0.0376 (0.2051)  loss_giou_4_unscaled: 0.1864 (0.5726)  loss_xy_4_unscaled: 0.0132 (0.0576)  loss_hw_4_unscaled: 0.0246 (0.1475)  cardinality_error_4_unscaled: 281.0000 (278.5846)  loss_ce_dn_4_unscaled: 0.0489 (0.1560)  loss_bbox_dn_4_unscaled: 0.0270 (0.0690)  loss_giou_dn_4_unscaled: 0.1422 (0.2529)  loss_xy_dn_4_unscaled: 0.0083 (0.0213)  loss_hw_dn_4_unscaled: 0.0191 (0.0477)  cardinality_error_dn_4_unscaled: 169.6667 (167.7427)  loss_ce_interm_unscaled: 0.4329 (0.4993)  loss_bbox_interm_unscaled: 0.0983 (0.2482)  loss_giou_interm_unscaled: 0.3697 (0.6815)  loss_xy_interm_unscaled: 0.0351 (0.0653)  loss_hw_interm_unscaled: 0.0605 (0.1829)  cardinality_error_interm_unscaled: 278.0000 (279.2138)  time: 0.3210  data: 0.0003  max mem: 24465
Epoch: [0]  [  1110/111901]  eta: 10:07:00  lr: 0.000100  class_error: 11.43  loss: 9.8794 (25.1638)  loss_ce_dn: 0.0467 (0.1658)  loss_bbox_dn: 0.1263 (0.3489)  loss_giou_dn: 0.2940 (0.5103)  loss_ce: 0.3056 (0.4182)  loss_bbox: 0.1550 (1.0091)  loss_giou: 0.3371 (1.1294)  loss_ce_0: 0.3339 (0.4202)  loss_bbox_0: 0.2635 (1.1622)  loss_giou_0: 0.4668 (1.2713)  loss_ce_dn_0: 0.0592 (0.1877)  loss_bbox_dn_0: 0.2432 (0.4017)  loss_giou_dn_0: 0.3899 (0.5442)  loss_ce_1: 0.3223 (0.4074)  loss_bbox_1: 0.2187 (1.0967)  loss_giou_1: 0.4091 (1.2103)  loss_ce_dn_1: 0.0421 (0.1515)  loss_bbox_dn_1: 0.1603 (0.3571)  loss_giou_dn_1: 0.3288 (0.5120)  loss_ce_2: 0.3086 (0.4044)  loss_bbox_2: 0.1987 (1.0569)  loss_giou_2: 0.3599 (1.1707)  loss_ce_dn_2: 0.0416 (0.1433)  loss_bbox_dn_2: 0.1391 (0.3423)  loss_giou_dn_2: 0.2937 (0.5003)  loss_ce_3: 0.3030 (0.4094)  loss_bbox_3: 0.1530 (1.0324)  loss_giou_3: 0.3491 (1.1498)  loss_ce_dn_3: 0.0455 (0.1475)  loss_bbox_dn_3: 0.1263 (0.3392)  loss_giou_dn_3: 0.2903 (0.4999)  loss_ce_4: 0.2994 (0.4147)  loss_bbox_4: 0.1482 (1.0184)  loss_giou_4: 0.3447 (1.1388)  loss_ce_dn_4: 0.0450 (0.1550)  loss_bbox_dn_4: 0.1210 (0.3429)  loss_giou_dn_4: 0.2897 (0.5044)  loss_ce_interm: 0.4289 (0.4987)  loss_bbox_interm: 0.4003 (1.2338)  loss_giou_interm: 0.6199 (1.3569)  loss_ce_dn_unscaled: 0.0467 (0.1658)  loss_bbox_dn_unscaled: 0.0253 (0.0698)  loss_giou_dn_unscaled: 0.1470 (0.2552)  loss_xy_dn_unscaled: 0.0078 (0.0213)  loss_hw_dn_unscaled: 0.0172 (0.0485)  cardinality_error_dn_unscaled: 178.0000 (167.2838)  loss_ce_unscaled: 0.3056 (0.4182)  class_error_unscaled: 3.2258 (16.0956)  loss_bbox_unscaled: 0.0310 (0.2018)  loss_giou_unscaled: 0.1686 (0.5647)  loss_xy_unscaled: 0.0108 (0.0567)  loss_hw_unscaled: 0.0202 (0.1452)  cardinality_error_unscaled: 281.6667 (277.5560)  loss_ce_0_unscaled: 0.3339 (0.4202)  loss_bbox_0_unscaled: 0.0527 (0.2324)  loss_giou_0_unscaled: 0.2334 (0.6356)  loss_xy_0_unscaled: 0.0176 (0.0648)  loss_hw_0_unscaled: 0.0363 (0.1676)  cardinality_error_0_unscaled: 263.6667 (274.3471)  loss_ce_dn_0_unscaled: 0.0592 (0.1877)  loss_bbox_dn_0_unscaled: 0.0486 (0.0803)  loss_giou_dn_0_unscaled: 0.1949 (0.2721)  loss_xy_dn_0_unscaled: 0.0155 (0.0264)  loss_hw_dn_0_unscaled: 0.0309 (0.0540)  cardinality_error_dn_0_unscaled: 175.0000 (168.4648)  loss_ce_1_unscaled: 0.3223 (0.4074)  loss_bbox_1_unscaled: 0.0437 (0.2193)  loss_giou_1_unscaled: 0.2046 (0.6052)  loss_xy_1_unscaled: 0.0141 (0.0607)  loss_hw_1_unscaled: 0.0275 (0.1587)  cardinality_error_1_unscaled: 268.0000 (273.1248)  loss_ce_dn_1_unscaled: 0.0421 (0.1515)  loss_bbox_dn_1_unscaled: 0.0321 (0.0714)  loss_giou_dn_1_unscaled: 0.1644 (0.2560)  loss_xy_dn_1_unscaled: 0.0106 (0.0228)  loss_hw_dn_1_unscaled: 0.0213 (0.0486)  cardinality_error_dn_1_unscaled: 168.6667 (166.3369)  loss_ce_2_unscaled: 0.3086 (0.4044)  loss_bbox_2_unscaled: 0.0397 (0.2114)  loss_giou_2_unscaled: 0.1800 (0.5854)  loss_xy_2_unscaled: 0.0127 (0.0590)  loss_hw_2_unscaled: 0.0256 (0.1524)  cardinality_error_2_unscaled: 279.6667 (276.6583)  loss_ce_dn_2_unscaled: 0.0416 (0.1433)  loss_bbox_dn_2_unscaled: 0.0278 (0.0685)  loss_giou_dn_2_unscaled: 0.1468 (0.2501)  loss_xy_dn_2_unscaled: 0.0091 (0.0217)  loss_hw_dn_2_unscaled: 0.0182 (0.0468)  cardinality_error_dn_2_unscaled: 175.0000 (168.1857)  loss_ce_3_unscaled: 0.3030 (0.4094)  loss_bbox_3_unscaled: 0.0306 (0.2065)  loss_giou_3_unscaled: 0.1745 (0.5749)  loss_xy_3_unscaled: 0.0106 (0.0579)  loss_hw_3_unscaled: 0.0208 (0.1486)  cardinality_error_3_unscaled: 282.0000 (278.1410)  loss_ce_dn_3_unscaled: 0.0455 (0.1475)  loss_bbox_dn_3_unscaled: 0.0253 (0.0678)  loss_giou_dn_3_unscaled: 0.1452 (0.2499)  loss_xy_dn_3_unscaled: 0.0084 (0.0212)  loss_hw_dn_3_unscaled: 0.0174 (0.0466)  cardinality_error_dn_3_unscaled: 176.6667 (168.4209)  loss_ce_4_unscaled: 0.2994 (0.4147)  loss_bbox_4_unscaled: 0.0296 (0.2037)  loss_giou_4_unscaled: 0.1723 (0.5694)  loss_xy_4_unscaled: 0.0107 (0.0572)  loss_hw_4_unscaled: 0.0200 (0.1465)  cardinality_error_4_unscaled: 284.0000 (278.5947)  loss_ce_dn_4_unscaled: 0.0450 (0.1550)  loss_bbox_dn_4_unscaled: 0.0242 (0.0686)  loss_giou_dn_4_unscaled: 0.1449 (0.2522)  loss_xy_dn_4_unscaled: 0.0083 (0.0212)  loss_hw_dn_4_unscaled: 0.0172 (0.0474)  cardinality_error_dn_4_unscaled: 177.3333 (167.7231)  loss_ce_interm_unscaled: 0.4289 (0.4987)  loss_bbox_interm_unscaled: 0.0801 (0.2468)  loss_giou_interm_unscaled: 0.3099 (0.6784)  loss_xy_interm_unscaled: 0.0263 (0.0649)  loss_hw_interm_unscaled: 0.0571 (0.1818)  cardinality_error_interm_unscaled: 282.6667 (279.2340)  time: 0.3121  data: 0.0003  max mem: 24465
Epoch: [0]  [  1120/111901]  eta: 10:06:43  lr: 0.000100  class_error: 3.70  loss: 9.2233 (25.0406)  loss_ce_dn: 0.0467 (0.1647)  loss_bbox_dn: 0.1115 (0.3469)  loss_giou_dn: 0.2701 (0.5086)  loss_ce: 0.2859 (0.4171)  loss_bbox: 0.1361 (1.0023)  loss_giou: 0.3407 (1.1234)  loss_ce_0: 0.3301 (0.4195)  loss_bbox_0: 0.2438 (1.1549)  loss_giou_0: 0.4371 (1.2653)  loss_ce_dn_0: 0.0598 (0.1866)  loss_bbox_dn_0: 0.2167 (0.4002)  loss_giou_dn_0: 0.3817 (0.5429)  loss_ce_1: 0.3037 (0.4066)  loss_bbox_1: 0.1820 (1.0895)  loss_giou_1: 0.3860 (1.2041)  loss_ce_dn_1: 0.0444 (0.1505)  loss_bbox_dn_1: 0.1539 (0.3553)  loss_giou_dn_1: 0.3078 (0.5105)  loss_ce_2: 0.2857 (0.4035)  loss_bbox_2: 0.1473 (1.0498)  loss_giou_2: 0.3528 (1.1646)  loss_ce_dn_2: 0.0395 (0.1425)  loss_bbox_dn_2: 0.1328 (0.3405)  loss_giou_dn_2: 0.2819 (0.4987)  loss_ce_3: 0.2883 (0.4085)  loss_bbox_3: 0.1426 (1.0254)  loss_giou_3: 0.3484 (1.1438)  loss_ce_dn_3: 0.0391 (0.1466)  loss_bbox_dn_3: 0.1218 (0.3373)  loss_giou_dn_3: 0.2715 (0.4983)  loss_ce_4: 0.2887 (0.4137)  loss_bbox_4: 0.1410 (1.0116)  loss_giou_4: 0.3447 (1.1328)  loss_ce_dn_4: 0.0423 (0.1541)  loss_bbox_dn_4: 0.1191 (0.3409)  loss_giou_dn_4: 0.2702 (0.5027)  loss_ce_interm: 0.4238 (0.4980)  loss_bbox_interm: 0.3804 (1.2273)  loss_giou_interm: 0.5813 (1.3514)  loss_ce_dn_unscaled: 0.0467 (0.1647)  loss_bbox_dn_unscaled: 0.0223 (0.0694)  loss_giou_dn_unscaled: 0.1350 (0.2543)  loss_xy_dn_unscaled: 0.0075 (0.0211)  loss_hw_dn_unscaled: 0.0159 (0.0482)  cardinality_error_dn_unscaled: 170.3333 (167.1906)  loss_ce_unscaled: 0.2859 (0.4171)  class_error_unscaled: 4.0000 (16.0022)  loss_bbox_unscaled: 0.0272 (0.2005)  loss_giou_unscaled: 0.1704 (0.5617)  loss_xy_unscaled: 0.0087 (0.0563)  loss_hw_unscaled: 0.0186 (0.1442)  cardinality_error_unscaled: 279.0000 (277.5219)  loss_ce_0_unscaled: 0.3301 (0.4195)  loss_bbox_0_unscaled: 0.0488 (0.2310)  loss_giou_0_unscaled: 0.2185 (0.6326)  loss_xy_0_unscaled: 0.0165 (0.0644)  loss_hw_0_unscaled: 0.0326 (0.1666)  cardinality_error_0_unscaled: 273.6667 (274.3027)  loss_ce_dn_0_unscaled: 0.0598 (0.1866)  loss_bbox_dn_0_unscaled: 0.0433 (0.0800)  loss_giou_dn_0_unscaled: 0.1909 (0.2715)  loss_xy_dn_0_unscaled: 0.0145 (0.0263)  loss_hw_dn_0_unscaled: 0.0279 (0.0538)  cardinality_error_dn_0_unscaled: 176.6667 (168.3455)  loss_ce_1_unscaled: 0.3037 (0.4066)  loss_bbox_1_unscaled: 0.0364 (0.2179)  loss_giou_1_unscaled: 0.1930 (0.6020)  loss_xy_1_unscaled: 0.0135 (0.0603)  loss_hw_1_unscaled: 0.0229 (0.1576)  cardinality_error_1_unscaled: 270.6667 (273.0836)  loss_ce_dn_1_unscaled: 0.0444 (0.1505)  loss_bbox_dn_1_unscaled: 0.0308 (0.0711)  loss_giou_dn_1_unscaled: 0.1539 (0.2552)  loss_xy_dn_1_unscaled: 0.0098 (0.0227)  loss_hw_dn_1_unscaled: 0.0205 (0.0483)  cardinality_error_dn_1_unscaled: 166.0000 (166.2135)  loss_ce_2_unscaled: 0.2857 (0.4035)  loss_bbox_2_unscaled: 0.0295 (0.2100)  loss_giou_2_unscaled: 0.1764 (0.5823)  loss_xy_2_unscaled: 0.0111 (0.0586)  loss_hw_2_unscaled: 0.0183 (0.1514)  cardinality_error_2_unscaled: 281.0000 (276.6369)  loss_ce_dn_2_unscaled: 0.0395 (0.1425)  loss_bbox_dn_2_unscaled: 0.0266 (0.0681)  loss_giou_dn_2_unscaled: 0.1409 (0.2494)  loss_xy_dn_2_unscaled: 0.0091 (0.0216)  loss_hw_dn_2_unscaled: 0.0178 (0.0465)  cardinality_error_dn_2_unscaled: 169.0000 (168.0607)  loss_ce_3_unscaled: 0.2883 (0.4085)  loss_bbox_3_unscaled: 0.0285 (0.2051)  loss_giou_3_unscaled: 0.1742 (0.5719)  loss_xy_3_unscaled: 0.0097 (0.0575)  loss_hw_3_unscaled: 0.0177 (0.1476)  cardinality_error_3_unscaled: 281.0000 (278.1044)  loss_ce_dn_3_unscaled: 0.0391 (0.1466)  loss_bbox_dn_3_unscaled: 0.0244 (0.0675)  loss_giou_dn_3_unscaled: 0.1358 (0.2491)  loss_xy_dn_3_unscaled: 0.0077 (0.0211)  loss_hw_dn_3_unscaled: 0.0166 (0.0464)  cardinality_error_dn_3_unscaled: 170.0000 (168.2774)  loss_ce_4_unscaled: 0.2887 (0.4137)  loss_bbox_4_unscaled: 0.0282 (0.2023)  loss_giou_4_unscaled: 0.1723 (0.5664)  loss_xy_4_unscaled: 0.0087 (0.0568)  loss_hw_4_unscaled: 0.0191 (0.1455)  cardinality_error_4_unscaled: 280.3333 (278.5766)  loss_ce_dn_4_unscaled: 0.0423 (0.1541)  loss_bbox_dn_4_unscaled: 0.0238 (0.0682)  loss_giou_dn_4_unscaled: 0.1351 (0.2514)  loss_xy_dn_4_unscaled: 0.0076 (0.0210)  loss_hw_dn_4_unscaled: 0.0160 (0.0471)  cardinality_error_dn_4_unscaled: 177.0000 (167.5992)  loss_ce_interm_unscaled: 0.4238 (0.4980)  loss_bbox_interm_unscaled: 0.0761 (0.2455)  loss_giou_interm_unscaled: 0.2906 (0.6757)  loss_xy_interm_unscaled: 0.0275 (0.0647)  loss_hw_interm_unscaled: 0.0494 (0.1808)  cardinality_error_interm_unscaled: 285.6667 (279.2337)  time: 0.3081  data: 0.0002  max mem: 24465
Epoch: [0]  [  1130/111901]  eta: 10:06:36  lr: 0.000100  class_error: 22.58  loss: 9.2927 (24.9084)  loss_ce_dn: 0.0484 (0.1638)  loss_bbox_dn: 0.1088 (0.3448)  loss_giou_dn: 0.2674 (0.5065)  loss_ce: 0.2816 (0.4160)  loss_bbox: 0.1361 (0.9951)  loss_giou: 0.3483 (1.1169)  loss_ce_0: 0.3341 (0.4187)  loss_bbox_0: 0.2690 (1.1472)  loss_giou_0: 0.4670 (1.2587)  loss_ce_dn_0: 0.0657 (0.1856)  loss_bbox_dn_0: 0.2130 (0.3987)  loss_giou_dn_0: 0.3797 (0.5415)  loss_ce_1: 0.3103 (0.4057)  loss_bbox_1: 0.1863 (1.0818)  loss_giou_1: 0.3775 (1.1973)  loss_ce_dn_1: 0.0467 (0.1497)  loss_bbox_dn_1: 0.1449 (0.3536)  loss_giou_dn_1: 0.3089 (0.5087)  loss_ce_2: 0.2785 (0.4024)  loss_bbox_2: 0.1508 (1.0423)  loss_giou_2: 0.3686 (1.1578)  loss_ce_dn_2: 0.0398 (0.1417)  loss_bbox_dn_2: 0.1209 (0.3386)  loss_giou_dn_2: 0.2708 (0.4968)  loss_ce_3: 0.2953 (0.4074)  loss_bbox_3: 0.1365 (1.0180)  loss_giou_3: 0.3671 (1.1371)  loss_ce_dn_3: 0.0410 (0.1458)  loss_bbox_dn_3: 0.1140 (0.3353)  loss_giou_dn_3: 0.2710 (0.4963)  loss_ce_4: 0.2853 (0.4125)  loss_bbox_4: 0.1358 (1.0043)  loss_giou_4: 0.3608 (1.1261)  loss_ce_dn_4: 0.0442 (0.1532)  loss_bbox_dn_4: 0.1074 (0.3389)  loss_giou_dn_4: 0.2691 (0.5007)  loss_ce_interm: 0.4238 (0.4974)  loss_bbox_interm: 0.4164 (1.2200)  loss_giou_interm: 0.6088 (1.3453)  loss_ce_dn_unscaled: 0.0484 (0.1638)  loss_bbox_dn_unscaled: 0.0218 (0.0690)  loss_giou_dn_unscaled: 0.1337 (0.2532)  loss_xy_dn_unscaled: 0.0067 (0.0210)  loss_hw_dn_unscaled: 0.0151 (0.0480)  cardinality_error_dn_unscaled: 163.6667 (167.1008)  loss_ce_unscaled: 0.2816 (0.4160)  class_error_unscaled: 4.0000 (15.9256)  loss_bbox_unscaled: 0.0272 (0.1990)  loss_giou_unscaled: 0.1742 (0.5584)  loss_xy_unscaled: 0.0093 (0.0559)  loss_hw_unscaled: 0.0186 (0.1431)  cardinality_error_unscaled: 277.6667 (277.4686)  loss_ce_0_unscaled: 0.3341 (0.4187)  loss_bbox_0_unscaled: 0.0538 (0.2294)  loss_giou_0_unscaled: 0.2335 (0.6294)  loss_xy_0_unscaled: 0.0199 (0.0640)  loss_hw_0_unscaled: 0.0338 (0.1654)  cardinality_error_0_unscaled: 273.6667 (274.2806)  loss_ce_dn_0_unscaled: 0.0657 (0.1856)  loss_bbox_dn_0_unscaled: 0.0426 (0.0797)  loss_giou_dn_0_unscaled: 0.1899 (0.2707)  loss_xy_dn_0_unscaled: 0.0153 (0.0262)  loss_hw_dn_0_unscaled: 0.0277 (0.0536)  cardinality_error_dn_0_unscaled: 163.0000 (168.2166)  loss_ce_1_unscaled: 0.3103 (0.4057)  loss_bbox_1_unscaled: 0.0373 (0.2164)  loss_giou_1_unscaled: 0.1887 (0.5987)  loss_xy_1_unscaled: 0.0131 (0.0599)  loss_hw_1_unscaled: 0.0231 (0.1565)  cardinality_error_1_unscaled: 270.3333 (273.0363)  loss_ce_dn_1_unscaled: 0.0467 (0.1497)  loss_bbox_dn_1_unscaled: 0.0290 (0.0707)  loss_giou_dn_1_unscaled: 0.1544 (0.2543)  loss_xy_dn_1_unscaled: 0.0088 (0.0226)  loss_hw_dn_1_unscaled: 0.0204 (0.0481)  cardinality_error_dn_1_unscaled: 157.0000 (166.1323)  loss_ce_2_unscaled: 0.2785 (0.4024)  loss_bbox_2_unscaled: 0.0302 (0.2085)  loss_giou_2_unscaled: 0.1843 (0.5789)  loss_xy_2_unscaled: 0.0107 (0.0582)  loss_hw_2_unscaled: 0.0188 (0.1503)  cardinality_error_2_unscaled: 278.6667 (276.6216)  loss_ce_dn_2_unscaled: 0.0398 (0.1417)  loss_bbox_dn_2_unscaled: 0.0242 (0.0677)  loss_giou_dn_2_unscaled: 0.1354 (0.2484)  loss_xy_dn_2_unscaled: 0.0076 (0.0215)  loss_hw_dn_2_unscaled: 0.0171 (0.0463)  cardinality_error_dn_2_unscaled: 163.6667 (167.9293)  loss_ce_3_unscaled: 0.2953 (0.4074)  loss_bbox_3_unscaled: 0.0273 (0.2036)  loss_giou_3_unscaled: 0.1835 (0.5686)  loss_xy_3_unscaled: 0.0095 (0.0571)  loss_hw_3_unscaled: 0.0170 (0.1465)  cardinality_error_3_unscaled: 277.0000 (278.0772)  loss_ce_dn_3_unscaled: 0.0410 (0.1458)  loss_bbox_dn_3_unscaled: 0.0228 (0.0671)  loss_giou_dn_3_unscaled: 0.1355 (0.2481)  loss_xy_dn_3_unscaled: 0.0070 (0.0210)  loss_hw_dn_3_unscaled: 0.0160 (0.0461)  cardinality_error_dn_3_unscaled: 165.3333 (168.1765)  loss_ce_4_unscaled: 0.2853 (0.4125)  loss_bbox_4_unscaled: 0.0272 (0.2009)  loss_giou_4_unscaled: 0.1804 (0.5631)  loss_xy_4_unscaled: 0.0090 (0.0564)  loss_hw_4_unscaled: 0.0181 (0.1444)  cardinality_error_4_unscaled: 278.6667 (278.5184)  loss_ce_dn_4_unscaled: 0.0442 (0.1532)  loss_bbox_dn_4_unscaled: 0.0215 (0.0678)  loss_giou_dn_4_unscaled: 0.1345 (0.2503)  loss_xy_dn_4_unscaled: 0.0068 (0.0209)  loss_hw_dn_4_unscaled: 0.0155 (0.0469)  cardinality_error_dn_4_unscaled: 164.0000 (167.4565)  loss_ce_interm_unscaled: 0.4238 (0.4974)  loss_bbox_interm_unscaled: 0.0833 (0.2440)  loss_giou_interm_unscaled: 0.3044 (0.6727)  loss_xy_interm_unscaled: 0.0286 (0.0643)  loss_hw_interm_unscaled: 0.0512 (0.1797)  cardinality_error_interm_unscaled: 283.0000 (279.2367)  time: 0.3196  data: 0.0002  max mem: 24465
Epoch: [0]  [  1140/111901]  eta: 10:06:33  lr: 0.000100  class_error: 3.57  loss: 9.9747 (24.7862)  loss_ce_dn: 0.0550 (0.1629)  loss_bbox_dn: 0.1088 (0.3429)  loss_giou_dn: 0.2684 (0.5047)  loss_ce: 0.2799 (0.4151)  loss_bbox: 0.1501 (0.9884)  loss_giou: 0.3433 (1.1106)  loss_ce_0: 0.3341 (0.4180)  loss_bbox_0: 0.2690 (1.1402)  loss_giou_0: 0.4670 (1.2523)  loss_ce_dn_0: 0.0672 (0.1847)  loss_bbox_dn_0: 0.2200 (0.3973)  loss_giou_dn_0: 0.3822 (0.5403)  loss_ce_1: 0.3013 (0.4049)  loss_bbox_1: 0.1897 (1.0747)  loss_giou_1: 0.3775 (1.1909)  loss_ce_dn_1: 0.0491 (0.1489)  loss_bbox_dn_1: 0.1577 (0.3520)  loss_giou_dn_1: 0.3004 (0.5071)  loss_ce_2: 0.2836 (0.4016)  loss_bbox_2: 0.1614 (1.0353)  loss_giou_2: 0.3686 (1.1514)  loss_ce_dn_2: 0.0461 (0.1409)  loss_bbox_dn_2: 0.1334 (0.3369)  loss_giou_dn_2: 0.2708 (0.4951)  loss_ce_3: 0.2826 (0.4065)  loss_bbox_3: 0.1453 (1.0111)  loss_giou_3: 0.3422 (1.1308)  loss_ce_dn_3: 0.0458 (0.1450)  loss_bbox_dn_3: 0.1140 (0.3336)  loss_giou_dn_3: 0.2716 (0.4946)  loss_ce_4: 0.2767 (0.4116)  loss_bbox_4: 0.1358 (0.9975)  loss_giou_4: 0.3418 (1.1198)  loss_ce_dn_4: 0.0501 (0.1524)  loss_bbox_dn_4: 0.1074 (0.3371)  loss_giou_dn_4: 0.2664 (0.4989)  loss_ce_interm: 0.4261 (0.4968)  loss_bbox_interm: 0.4221 (1.2137)  loss_giou_interm: 0.6088 (1.3397)  loss_ce_dn_unscaled: 0.0550 (0.1629)  loss_bbox_dn_unscaled: 0.0218 (0.0686)  loss_giou_dn_unscaled: 0.1342 (0.2523)  loss_xy_dn_unscaled: 0.0067 (0.0209)  loss_hw_dn_unscaled: 0.0151 (0.0477)  cardinality_error_dn_unscaled: 169.3333 (167.0222)  loss_ce_unscaled: 0.2799 (0.4151)  class_error_unscaled: 4.7619 (15.8500)  loss_bbox_unscaled: 0.0300 (0.1977)  loss_giou_unscaled: 0.1717 (0.5553)  loss_xy_unscaled: 0.0104 (0.0555)  loss_hw_unscaled: 0.0197 (0.1422)  cardinality_error_unscaled: 278.3333 (277.4806)  loss_ce_0_unscaled: 0.3341 (0.4180)  loss_bbox_0_unscaled: 0.0538 (0.2280)  loss_giou_0_unscaled: 0.2335 (0.6262)  loss_xy_0_unscaled: 0.0180 (0.0636)  loss_hw_0_unscaled: 0.0347 (0.1644)  cardinality_error_0_unscaled: 268.3333 (274.1841)  loss_ce_dn_0_unscaled: 0.0672 (0.1847)  loss_bbox_dn_0_unscaled: 0.0440 (0.0795)  loss_giou_dn_0_unscaled: 0.1911 (0.2701)  loss_xy_dn_0_unscaled: 0.0150 (0.0261)  loss_hw_dn_0_unscaled: 0.0292 (0.0534)  cardinality_error_dn_0_unscaled: 170.0000 (168.2068)  loss_ce_1_unscaled: 0.3013 (0.4049)  loss_bbox_1_unscaled: 0.0379 (0.2149)  loss_giou_1_unscaled: 0.1887 (0.5955)  loss_xy_1_unscaled: 0.0131 (0.0595)  loss_hw_1_unscaled: 0.0242 (0.1555)  cardinality_error_1_unscaled: 271.0000 (273.0321)  loss_ce_dn_1_unscaled: 0.0491 (0.1489)  loss_bbox_dn_1_unscaled: 0.0315 (0.0704)  loss_giou_dn_1_unscaled: 0.1502 (0.2536)  loss_xy_dn_1_unscaled: 0.0089 (0.0225)  loss_hw_dn_1_unscaled: 0.0220 (0.0479)  cardinality_error_dn_1_unscaled: 169.3333 (166.1329)  loss_ce_2_unscaled: 0.2836 (0.4016)  loss_bbox_2_unscaled: 0.0323 (0.2071)  loss_giou_2_unscaled: 0.1843 (0.5757)  loss_xy_2_unscaled: 0.0125 (0.0578)  loss_hw_2_unscaled: 0.0195 (0.1492)  cardinality_error_2_unscaled: 279.3333 (276.6474)  loss_ce_dn_2_unscaled: 0.0461 (0.1409)  loss_bbox_dn_2_unscaled: 0.0267 (0.0674)  loss_giou_dn_2_unscaled: 0.1354 (0.2476)  loss_xy_dn_2_unscaled: 0.0075 (0.0214)  loss_hw_dn_2_unscaled: 0.0179 (0.0460)  cardinality_error_dn_2_unscaled: 168.3333 (167.9205)  loss_ce_3_unscaled: 0.2826 (0.4065)  loss_bbox_3_unscaled: 0.0291 (0.2022)  loss_giou_3_unscaled: 0.1711 (0.5654)  loss_xy_3_unscaled: 0.0094 (0.0567)  loss_hw_3_unscaled: 0.0176 (0.1455)  cardinality_error_3_unscaled: 280.3333 (278.1052)  loss_ce_dn_3_unscaled: 0.0458 (0.1450)  loss_bbox_dn_3_unscaled: 0.0228 (0.0667)  loss_giou_dn_3_unscaled: 0.1358 (0.2473)  loss_xy_dn_3_unscaled: 0.0068 (0.0209)  loss_hw_dn_3_unscaled: 0.0162 (0.0459)  cardinality_error_dn_3_unscaled: 169.0000 (168.1700)  loss_ce_4_unscaled: 0.2767 (0.4116)  loss_bbox_4_unscaled: 0.0272 (0.1995)  loss_giou_4_unscaled: 0.1709 (0.5599)  loss_xy_4_unscaled: 0.0092 (0.0561)  loss_hw_4_unscaled: 0.0181 (0.1434)  cardinality_error_4_unscaled: 279.6667 (278.5212)  loss_ce_dn_4_unscaled: 0.0501 (0.1524)  loss_bbox_dn_4_unscaled: 0.0215 (0.0674)  loss_giou_dn_4_unscaled: 0.1332 (0.2494)  loss_xy_dn_4_unscaled: 0.0068 (0.0208)  loss_hw_dn_4_unscaled: 0.0155 (0.0466)  cardinality_error_dn_4_unscaled: 169.0000 (167.4023)  loss_ce_interm_unscaled: 0.4261 (0.4968)  loss_bbox_interm_unscaled: 0.0844 (0.2427)  loss_giou_interm_unscaled: 0.3044 (0.6698)  loss_xy_interm_unscaled: 0.0276 (0.0640)  loss_hw_interm_unscaled: 0.0533 (0.1787)  cardinality_error_interm_unscaled: 284.6667 (279.2752)  time: 0.3270  data: 0.0002  max mem: 24465
Epoch: [0]  [  1150/111901]  eta: 10:06:30  lr: 0.000100  class_error: 23.91  loss: 10.5231 (24.6645)  loss_ce_dn: 0.0510 (0.1620)  loss_bbox_dn: 0.1189 (0.3411)  loss_giou_dn: 0.3243 (0.5030)  loss_ce: 0.2911 (0.4140)  loss_bbox: 0.1847 (0.9816)  loss_giou: 0.4096 (1.1047)  loss_ce_0: 0.3178 (0.4172)  loss_bbox_0: 0.2582 (1.1327)  loss_giou_0: 0.5241 (1.2461)  loss_ce_dn_0: 0.0721 (0.1837)  loss_bbox_dn_0: 0.2394 (0.3960)  loss_giou_dn_0: 0.3963 (0.5390)  loss_ce_1: 0.3000 (0.4040)  loss_bbox_1: 0.2031 (1.0674)  loss_giou_1: 0.4248 (1.1847)  loss_ce_dn_1: 0.0544 (0.1482)  loss_bbox_dn_1: 0.1577 (0.3505)  loss_giou_dn_1: 0.3306 (0.5057)  loss_ce_2: 0.2911 (0.4006)  loss_bbox_2: 0.2061 (1.0282)  loss_giou_2: 0.4277 (1.1453)  loss_ce_dn_2: 0.0502 (0.1402)  loss_bbox_dn_2: 0.1334 (0.3353)  loss_giou_dn_2: 0.3009 (0.4936)  loss_ce_3: 0.3055 (0.4055)  loss_bbox_3: 0.1865 (1.0041)  loss_giou_3: 0.4205 (1.1248)  loss_ce_dn_3: 0.0485 (0.1442)  loss_bbox_dn_3: 0.1209 (0.3319)  loss_giou_dn_3: 0.3010 (0.4930)  loss_ce_4: 0.2907 (0.4105)  loss_bbox_4: 0.1829 (0.9907)  loss_giou_4: 0.4158 (1.1139)  loss_ce_dn_4: 0.0501 (0.1515)  loss_bbox_dn_4: 0.1166 (0.3353)  loss_giou_dn_4: 0.3103 (0.4973)  loss_ce_interm: 0.4236 (0.4962)  loss_bbox_interm: 0.4239 (1.2069)  loss_giou_interm: 0.6845 (1.3340)  loss_ce_dn_unscaled: 0.0510 (0.1620)  loss_bbox_dn_unscaled: 0.0238 (0.0682)  loss_giou_dn_unscaled: 0.1621 (0.2515)  loss_xy_dn_unscaled: 0.0075 (0.0208)  loss_hw_dn_unscaled: 0.0168 (0.0474)  cardinality_error_dn_unscaled: 170.3333 (166.9453)  loss_ce_unscaled: 0.2911 (0.4140)  class_error_unscaled: 4.7619 (15.7664)  loss_bbox_unscaled: 0.0369 (0.1963)  loss_giou_unscaled: 0.2048 (0.5523)  loss_xy_unscaled: 0.0110 (0.0551)  loss_hw_unscaled: 0.0241 (0.1412)  cardinality_error_unscaled: 278.3333 (277.4532)  loss_ce_0_unscaled: 0.3178 (0.4172)  loss_bbox_0_unscaled: 0.0516 (0.2265)  loss_giou_0_unscaled: 0.2620 (0.6230)  loss_xy_0_unscaled: 0.0183 (0.0632)  loss_hw_0_unscaled: 0.0342 (0.1633)  cardinality_error_0_unscaled: 272.3333 (274.1604)  loss_ce_dn_0_unscaled: 0.0721 (0.1837)  loss_bbox_dn_0_unscaled: 0.0479 (0.0792)  loss_giou_dn_0_unscaled: 0.1981 (0.2695)  loss_xy_dn_0_unscaled: 0.0150 (0.0260)  loss_hw_dn_0_unscaled: 0.0311 (0.0532)  cardinality_error_dn_0_unscaled: 170.6667 (168.1321)  loss_ce_1_unscaled: 0.3000 (0.4040)  loss_bbox_1_unscaled: 0.0406 (0.2135)  loss_giou_1_unscaled: 0.2124 (0.5923)  loss_xy_1_unscaled: 0.0142 (0.0591)  loss_hw_1_unscaled: 0.0279 (0.1544)  cardinality_error_1_unscaled: 274.6667 (272.9965)  loss_ce_dn_1_unscaled: 0.0544 (0.1482)  loss_bbox_dn_1_unscaled: 0.0315 (0.0701)  loss_giou_dn_1_unscaled: 0.1653 (0.2529)  loss_xy_dn_1_unscaled: 0.0102 (0.0224)  loss_hw_dn_1_unscaled: 0.0228 (0.0477)  cardinality_error_dn_1_unscaled: 173.6667 (166.0831)  loss_ce_2_unscaled: 0.2911 (0.4006)  loss_bbox_2_unscaled: 0.0412 (0.2056)  loss_giou_2_unscaled: 0.2139 (0.5727)  loss_xy_2_unscaled: 0.0130 (0.0574)  loss_hw_2_unscaled: 0.0287 (0.1482)  cardinality_error_2_unscaled: 278.6667 (276.6250)  loss_ce_dn_2_unscaled: 0.0502 (0.1402)  loss_bbox_dn_2_unscaled: 0.0267 (0.0671)  loss_giou_dn_2_unscaled: 0.1504 (0.2468)  loss_xy_dn_2_unscaled: 0.0086 (0.0212)  loss_hw_dn_2_unscaled: 0.0183 (0.0458)  cardinality_error_dn_2_unscaled: 175.0000 (167.8633)  loss_ce_3_unscaled: 0.3055 (0.4055)  loss_bbox_3_unscaled: 0.0373 (0.2008)  loss_giou_3_unscaled: 0.2102 (0.5624)  loss_xy_3_unscaled: 0.0118 (0.0563)  loss_hw_3_unscaled: 0.0238 (0.1445)  cardinality_error_3_unscaled: 281.6667 (278.1130)  loss_ce_dn_3_unscaled: 0.0485 (0.1442)  loss_bbox_dn_3_unscaled: 0.0242 (0.0664)  loss_giou_dn_3_unscaled: 0.1505 (0.2465)  loss_xy_dn_3_unscaled: 0.0078 (0.0207)  loss_hw_dn_3_unscaled: 0.0169 (0.0456)  cardinality_error_dn_3_unscaled: 175.6667 (168.1743)  loss_ce_4_unscaled: 0.2907 (0.4105)  loss_bbox_4_unscaled: 0.0366 (0.1981)  loss_giou_4_unscaled: 0.2079 (0.5570)  loss_xy_4_unscaled: 0.0110 (0.0557)  loss_hw_4_unscaled: 0.0243 (0.1424)  cardinality_error_4_unscaled: 277.6667 (278.4877)  loss_ce_dn_4_unscaled: 0.0501 (0.1515)  loss_bbox_dn_4_unscaled: 0.0233 (0.0671)  loss_giou_dn_4_unscaled: 0.1552 (0.2486)  loss_xy_dn_4_unscaled: 0.0074 (0.0207)  loss_hw_dn_4_unscaled: 0.0160 (0.0464)  cardinality_error_dn_4_unscaled: 175.0000 (167.3892)  loss_ce_interm_unscaled: 0.4236 (0.4962)  loss_bbox_interm_unscaled: 0.0848 (0.2414)  loss_giou_interm_unscaled: 0.3422 (0.6670)  loss_xy_interm_unscaled: 0.0300 (0.0638)  loss_hw_interm_unscaled: 0.0528 (0.1776)  cardinality_error_interm_unscaled: 286.0000 (279.2928)  time: 0.3290  data: 0.0002  max mem: 24465
Epoch: [0]  [  1160/111901]  eta: 10:06:18  lr: 0.000100  class_error: 5.88  loss: 9.8521 (24.5354)  loss_ce_dn: 0.0470 (0.1610)  loss_bbox_dn: 0.1175 (0.3392)  loss_giou_dn: 0.3016 (0.5011)  loss_ce: 0.2911 (0.4130)  loss_bbox: 0.1753 (0.9744)  loss_giou: 0.3476 (1.0981)  loss_ce_0: 0.3131 (0.4164)  loss_bbox_0: 0.2659 (1.1251)  loss_giou_0: 0.5233 (1.2395)  loss_ce_dn_0: 0.0721 (0.1827)  loss_bbox_dn_0: 0.2309 (0.3946)  loss_giou_dn_0: 0.3905 (0.5376)  loss_ce_1: 0.2998 (0.4031)  loss_bbox_1: 0.2031 (1.0599)  loss_giou_1: 0.4144 (1.1780)  loss_ce_dn_1: 0.0533 (0.1473)  loss_bbox_dn_1: 0.1575 (0.3488)  loss_giou_dn_1: 0.3344 (0.5041)  loss_ce_2: 0.2855 (0.3998)  loss_bbox_2: 0.1742 (1.0208)  loss_giou_2: 0.3677 (1.1387)  loss_ce_dn_2: 0.0453 (0.1393)  loss_bbox_dn_2: 0.1291 (0.3336)  loss_giou_dn_2: 0.3046 (0.4919)  loss_ce_3: 0.2969 (0.4047)  loss_bbox_3: 0.1788 (0.9968)  loss_giou_3: 0.3809 (1.1182)  loss_ce_dn_3: 0.0462 (0.1433)  loss_bbox_dn_3: 0.1209 (0.3301)  loss_giou_dn_3: 0.3088 (0.4912)  loss_ce_4: 0.2988 (0.4096)  loss_bbox_4: 0.1762 (0.9835)  loss_giou_4: 0.3695 (1.1074)  loss_ce_dn_4: 0.0451 (0.1506)  loss_bbox_dn_4: 0.1180 (0.3335)  loss_giou_dn_4: 0.3028 (0.4954)  loss_ce_interm: 0.4216 (0.4955)  loss_bbox_interm: 0.3968 (1.1998)  loss_giou_interm: 0.6560 (1.3281)  loss_ce_dn_unscaled: 0.0470 (0.1610)  loss_bbox_dn_unscaled: 0.0235 (0.0678)  loss_giou_dn_unscaled: 0.1508 (0.2506)  loss_xy_dn_unscaled: 0.0076 (0.0207)  loss_hw_dn_unscaled: 0.0160 (0.0472)  cardinality_error_dn_unscaled: 154.6667 (166.7709)  loss_ce_unscaled: 0.2911 (0.4130)  class_error_unscaled: 2.8571 (15.6590)  loss_bbox_unscaled: 0.0351 (0.1949)  loss_giou_unscaled: 0.1738 (0.5491)  loss_xy_unscaled: 0.0111 (0.0548)  loss_hw_unscaled: 0.0220 (0.1401)  cardinality_error_unscaled: 273.0000 (277.3965)  loss_ce_0_unscaled: 0.3131 (0.4164)  loss_bbox_0_unscaled: 0.0532 (0.2250)  loss_giou_0_unscaled: 0.2617 (0.6198)  loss_xy_0_unscaled: 0.0182 (0.0628)  loss_hw_0_unscaled: 0.0332 (0.1622)  cardinality_error_0_unscaled: 273.0000 (274.0985)  loss_ce_dn_0_unscaled: 0.0721 (0.1827)  loss_bbox_dn_0_unscaled: 0.0462 (0.0789)  loss_giou_dn_0_unscaled: 0.1953 (0.2688)  loss_xy_dn_0_unscaled: 0.0152 (0.0259)  loss_hw_dn_0_unscaled: 0.0310 (0.0530)  cardinality_error_dn_0_unscaled: 166.0000 (168.0167)  loss_ce_1_unscaled: 0.2998 (0.4031)  loss_bbox_1_unscaled: 0.0406 (0.2120)  loss_giou_1_unscaled: 0.2072 (0.5890)  loss_xy_1_unscaled: 0.0131 (0.0587)  loss_hw_1_unscaled: 0.0270 (0.1533)  cardinality_error_1_unscaled: 268.0000 (272.9231)  loss_ce_dn_1_unscaled: 0.0533 (0.1473)  loss_bbox_dn_1_unscaled: 0.0315 (0.0698)  loss_giou_dn_1_unscaled: 0.1672 (0.2521)  loss_xy_dn_1_unscaled: 0.0097 (0.0223)  loss_hw_dn_1_unscaled: 0.0211 (0.0475)  cardinality_error_dn_1_unscaled: 166.0000 (165.9696)  loss_ce_2_unscaled: 0.2855 (0.3998)  loss_bbox_2_unscaled: 0.0348 (0.2042)  loss_giou_2_unscaled: 0.1839 (0.5693)  loss_xy_2_unscaled: 0.0114 (0.0571)  loss_hw_2_unscaled: 0.0226 (0.1471)  cardinality_error_2_unscaled: 271.3333 (276.5125)  loss_ce_dn_2_unscaled: 0.0453 (0.1393)  loss_bbox_dn_2_unscaled: 0.0258 (0.0667)  loss_giou_dn_2_unscaled: 0.1523 (0.2459)  loss_xy_dn_2_unscaled: 0.0086 (0.0211)  loss_hw_dn_2_unscaled: 0.0180 (0.0456)  cardinality_error_dn_2_unscaled: 163.3333 (167.6985)  loss_ce_3_unscaled: 0.2969 (0.4047)  loss_bbox_3_unscaled: 0.0358 (0.1994)  loss_giou_3_unscaled: 0.1904 (0.5591)  loss_xy_3_unscaled: 0.0118 (0.0560)  loss_hw_3_unscaled: 0.0224 (0.1434)  cardinality_error_3_unscaled: 278.3333 (278.0391)  loss_ce_dn_3_unscaled: 0.0462 (0.1433)  loss_bbox_dn_3_unscaled: 0.0242 (0.0660)  loss_giou_dn_3_unscaled: 0.1544 (0.2456)  loss_xy_dn_3_unscaled: 0.0079 (0.0206)  loss_hw_dn_3_unscaled: 0.0169 (0.0454)  cardinality_error_dn_3_unscaled: 168.0000 (168.0606)  loss_ce_4_unscaled: 0.2988 (0.4096)  loss_bbox_4_unscaled: 0.0352 (0.1967)  loss_giou_4_unscaled: 0.1848 (0.5537)  loss_xy_4_unscaled: 0.0116 (0.0553)  loss_hw_4_unscaled: 0.0231 (0.1414)  cardinality_error_4_unscaled: 275.0000 (278.4109)  loss_ce_dn_4_unscaled: 0.0451 (0.1506)  loss_bbox_dn_4_unscaled: 0.0236 (0.0667)  loss_giou_dn_4_unscaled: 0.1514 (0.2477)  loss_xy_dn_4_unscaled: 0.0076 (0.0206)  loss_hw_dn_4_unscaled: 0.0157 (0.0461)  cardinality_error_dn_4_unscaled: 166.0000 (167.2432)  loss_ce_interm_unscaled: 0.4216 (0.4955)  loss_bbox_interm_unscaled: 0.0794 (0.2400)  loss_giou_interm_unscaled: 0.3280 (0.6640)  loss_xy_interm_unscaled: 0.0296 (0.0635)  loss_hw_interm_unscaled: 0.0468 (0.1765)  cardinality_error_interm_unscaled: 281.6667 (279.2509)  time: 0.3241  data: 0.0002  max mem: 24465
Epoch: [0]  [  1170/111901]  eta: 10:05:53  lr: 0.000100  class_error: 0.00  loss: 9.9425 (24.4243)  loss_ce_dn: 0.0485 (0.1602)  loss_bbox_dn: 0.1184 (0.3376)  loss_giou_dn: 0.2702 (0.4995)  loss_ce: 0.3166 (0.4123)  loss_bbox: 0.1552 (0.9682)  loss_giou: 0.3476 (1.0922)  loss_ce_0: 0.3294 (0.4157)  loss_bbox_0: 0.2659 (1.1184)  loss_giou_0: 0.4810 (1.2337)  loss_ce_dn_0: 0.0718 (0.1818)  loss_bbox_dn_0: 0.2282 (0.3935)  loss_giou_dn_0: 0.3867 (0.5364)  loss_ce_1: 0.3064 (0.4024)  loss_bbox_1: 0.1907 (1.0534)  loss_giou_1: 0.4079 (1.1721)  loss_ce_dn_1: 0.0526 (0.1466)  loss_bbox_dn_1: 0.1595 (0.3475)  loss_giou_dn_1: 0.3062 (0.5028)  loss_ce_2: 0.3090 (0.3993)  loss_bbox_2: 0.1549 (1.0143)  loss_giou_2: 0.3677 (1.1327)  loss_ce_dn_2: 0.0477 (0.1387)  loss_bbox_dn_2: 0.1392 (0.3321)  loss_giou_dn_2: 0.2816 (0.4904)  loss_ce_3: 0.3008 (0.4041)  loss_bbox_3: 0.1666 (0.9905)  loss_giou_3: 0.3352 (1.1122)  loss_ce_dn_3: 0.0472 (0.1426)  loss_bbox_dn_3: 0.1263 (0.3286)  loss_giou_dn_3: 0.2697 (0.4897)  loss_ce_4: 0.3071 (0.4089)  loss_bbox_4: 0.1562 (0.9772)  loss_giou_4: 0.3368 (1.1015)  loss_ce_dn_4: 0.0459 (0.1498)  loss_bbox_dn_4: 0.1208 (0.3320)  loss_giou_dn_4: 0.2711 (0.4938)  loss_ce_interm: 0.4278 (0.4951)  loss_bbox_interm: 0.3968 (1.1937)  loss_giou_interm: 0.6560 (1.3229)  loss_ce_dn_unscaled: 0.0485 (0.1602)  loss_bbox_dn_unscaled: 0.0237 (0.0675)  loss_giou_dn_unscaled: 0.1351 (0.2497)  loss_xy_dn_unscaled: 0.0075 (0.0206)  loss_hw_dn_unscaled: 0.0160 (0.0470)  cardinality_error_dn_unscaled: 143.0000 (166.5881)  loss_ce_unscaled: 0.3166 (0.4123)  class_error_unscaled: 2.6316 (15.5899)  loss_bbox_unscaled: 0.0310 (0.1936)  loss_giou_unscaled: 0.1738 (0.5461)  loss_xy_unscaled: 0.0109 (0.0544)  loss_hw_unscaled: 0.0202 (0.1392)  cardinality_error_unscaled: 269.0000 (277.1802)  loss_ce_0_unscaled: 0.3294 (0.4157)  loss_bbox_0_unscaled: 0.0532 (0.2237)  loss_giou_0_unscaled: 0.2405 (0.6168)  loss_xy_0_unscaled: 0.0182 (0.0625)  loss_hw_0_unscaled: 0.0296 (0.1612)  cardinality_error_0_unscaled: 262.6667 (273.7467)  loss_ce_dn_0_unscaled: 0.0718 (0.1818)  loss_bbox_dn_0_unscaled: 0.0456 (0.0787)  loss_giou_dn_0_unscaled: 0.1933 (0.2682)  loss_xy_dn_0_unscaled: 0.0152 (0.0258)  loss_hw_dn_0_unscaled: 0.0310 (0.0529)  cardinality_error_dn_0_unscaled: 163.6667 (167.9172)  loss_ce_1_unscaled: 0.3064 (0.4024)  loss_bbox_1_unscaled: 0.0381 (0.2107)  loss_giou_1_unscaled: 0.2039 (0.5861)  loss_xy_1_unscaled: 0.0123 (0.0584)  loss_hw_1_unscaled: 0.0254 (0.1523)  cardinality_error_1_unscaled: 260.3333 (272.5226)  loss_ce_dn_1_unscaled: 0.0526 (0.1466)  loss_bbox_dn_1_unscaled: 0.0319 (0.0695)  loss_giou_dn_1_unscaled: 0.1531 (0.2514)  loss_xy_dn_1_unscaled: 0.0098 (0.0222)  loss_hw_dn_1_unscaled: 0.0203 (0.0473)  cardinality_error_dn_1_unscaled: 154.0000 (165.8158)  loss_ce_2_unscaled: 0.3090 (0.3993)  loss_bbox_2_unscaled: 0.0310 (0.2029)  loss_giou_2_unscaled: 0.1839 (0.5663)  loss_xy_2_unscaled: 0.0126 (0.0567)  loss_hw_2_unscaled: 0.0196 (0.1461)  cardinality_error_2_unscaled: 261.3333 (276.2542)  loss_ce_dn_2_unscaled: 0.0477 (0.1387)  loss_bbox_dn_2_unscaled: 0.0278 (0.0664)  loss_giou_dn_2_unscaled: 0.1408 (0.2452)  loss_xy_dn_2_unscaled: 0.0083 (0.0210)  loss_hw_dn_2_unscaled: 0.0180 (0.0454)  cardinality_error_dn_2_unscaled: 159.6667 (167.5443)  loss_ce_3_unscaled: 0.3008 (0.4041)  loss_bbox_3_unscaled: 0.0333 (0.1981)  loss_giou_3_unscaled: 0.1676 (0.5561)  loss_xy_3_unscaled: 0.0118 (0.0556)  loss_hw_3_unscaled: 0.0210 (0.1425)  cardinality_error_3_unscaled: 270.6667 (277.8608)  loss_ce_dn_3_unscaled: 0.0472 (0.1426)  loss_bbox_dn_3_unscaled: 0.0253 (0.0657)  loss_giou_dn_3_unscaled: 0.1348 (0.2448)  loss_xy_dn_3_unscaled: 0.0077 (0.0205)  loss_hw_dn_3_unscaled: 0.0169 (0.0452)  cardinality_error_dn_3_unscaled: 164.0000 (167.9528)  loss_ce_4_unscaled: 0.3071 (0.4089)  loss_bbox_4_unscaled: 0.0312 (0.1954)  loss_giou_4_unscaled: 0.1684 (0.5507)  loss_xy_4_unscaled: 0.0116 (0.0550)  loss_hw_4_unscaled: 0.0199 (0.1404)  cardinality_error_4_unscaled: 268.3333 (278.1808)  loss_ce_dn_4_unscaled: 0.0459 (0.1498)  loss_bbox_dn_4_unscaled: 0.0242 (0.0664)  loss_giou_dn_4_unscaled: 0.1356 (0.2469)  loss_xy_dn_4_unscaled: 0.0076 (0.0205)  loss_hw_dn_4_unscaled: 0.0165 (0.0459)  cardinality_error_dn_4_unscaled: 140.0000 (167.0572)  loss_ce_interm_unscaled: 0.4278 (0.4951)  loss_bbox_interm_unscaled: 0.0794 (0.2387)  loss_giou_interm_unscaled: 0.3280 (0.6614)  loss_xy_interm_unscaled: 0.0272 (0.0632)  loss_hw_interm_unscaled: 0.0497 (0.1755)  cardinality_error_interm_unscaled: 281.0000 (279.0282)  time: 0.3122  data: 0.0002  max mem: 24465
Epoch: [0]  [  1180/111901]  eta: 10:05:15  lr: 0.000100  class_error: 8.00  loss: 10.3074 (24.3023)  loss_ce_dn: 0.0558 (0.1594)  loss_bbox_dn: 0.1054 (0.3358)  loss_giou_dn: 0.2369 (0.4974)  loss_ce: 0.3292 (0.4116)  loss_bbox: 0.1377 (0.9615)  loss_giou: 0.3688 (1.0860)  loss_ce_0: 0.3308 (0.4151)  loss_bbox_0: 0.2450 (1.1112)  loss_giou_0: 0.4810 (1.2273)  loss_ce_dn_0: 0.0775 (0.1809)  loss_bbox_dn_0: 0.2463 (0.3923)  loss_giou_dn_0: 0.3835 (0.5351)  loss_ce_1: 0.3218 (0.4018)  loss_bbox_1: 0.1790 (1.0462)  loss_giou_1: 0.4374 (1.1656)  loss_ce_dn_1: 0.0562 (0.1458)  loss_bbox_dn_1: 0.1558 (0.3459)  loss_giou_dn_1: 0.2928 (0.5010)  loss_ce_2: 0.3148 (0.3985)  loss_bbox_2: 0.1549 (1.0073)  loss_giou_2: 0.3874 (1.1263)  loss_ce_dn_2: 0.0502 (0.1380)  loss_bbox_dn_2: 0.1208 (0.3305)  loss_giou_dn_2: 0.2620 (0.4885)  loss_ce_3: 0.3153 (0.4034)  loss_bbox_3: 0.1565 (0.9837)  loss_giou_3: 0.3865 (1.1060)  loss_ce_dn_3: 0.0522 (0.1419)  loss_bbox_dn_3: 0.1125 (0.3269)  loss_giou_dn_3: 0.2574 (0.4877)  loss_ce_4: 0.3271 (0.4083)  loss_bbox_4: 0.1425 (0.9704)  loss_giou_4: 0.3707 (1.0952)  loss_ce_dn_4: 0.0526 (0.1491)  loss_bbox_dn_4: 0.1064 (0.3302)  loss_giou_dn_4: 0.2377 (0.4918)  loss_ce_interm: 0.4415 (0.4947)  loss_bbox_interm: 0.4165 (1.1871)  loss_giou_interm: 0.6595 (1.3171)  loss_ce_dn_unscaled: 0.0558 (0.1594)  loss_bbox_dn_unscaled: 0.0211 (0.0672)  loss_giou_dn_unscaled: 0.1184 (0.2487)  loss_xy_dn_unscaled: 0.0066 (0.0205)  loss_hw_dn_unscaled: 0.0152 (0.0467)  cardinality_error_dn_unscaled: 158.0000 (166.6193)  loss_ce_unscaled: 0.3292 (0.4116)  class_error_unscaled: 5.8824 (15.5063)  loss_bbox_unscaled: 0.0275 (0.1923)  loss_giou_unscaled: 0.1844 (0.5430)  loss_xy_unscaled: 0.0105 (0.0541)  loss_hw_unscaled: 0.0192 (0.1382)  cardinality_error_unscaled: 275.6667 (277.1950)  loss_ce_0_unscaled: 0.3308 (0.4151)  loss_bbox_0_unscaled: 0.0490 (0.2222)  loss_giou_0_unscaled: 0.2405 (0.6136)  loss_xy_0_unscaled: 0.0172 (0.0621)  loss_hw_0_unscaled: 0.0298 (0.1601)  cardinality_error_0_unscaled: 264.6667 (273.7240)  loss_ce_dn_0_unscaled: 0.0775 (0.1809)  loss_bbox_dn_0_unscaled: 0.0493 (0.0785)  loss_giou_dn_0_unscaled: 0.1917 (0.2675)  loss_xy_dn_0_unscaled: 0.0148 (0.0257)  loss_hw_dn_0_unscaled: 0.0341 (0.0527)  cardinality_error_dn_0_unscaled: 173.3333 (167.9735)  loss_ce_1_unscaled: 0.3218 (0.4018)  loss_bbox_1_unscaled: 0.0358 (0.2092)  loss_giou_1_unscaled: 0.2187 (0.5828)  loss_xy_1_unscaled: 0.0140 (0.0580)  loss_hw_1_unscaled: 0.0239 (0.1512)  cardinality_error_1_unscaled: 268.0000 (272.4815)  loss_ce_dn_1_unscaled: 0.0562 (0.1458)  loss_bbox_dn_1_unscaled: 0.0312 (0.0692)  loss_giou_dn_1_unscaled: 0.1464 (0.2505)  loss_xy_dn_1_unscaled: 0.0099 (0.0221)  loss_hw_dn_1_unscaled: 0.0209 (0.0471)  cardinality_error_dn_1_unscaled: 160.6667 (165.8371)  loss_ce_2_unscaled: 0.3148 (0.3985)  loss_bbox_2_unscaled: 0.0310 (0.2015)  loss_giou_2_unscaled: 0.1937 (0.5631)  loss_xy_2_unscaled: 0.0133 (0.0563)  loss_hw_2_unscaled: 0.0195 (0.1451)  cardinality_error_2_unscaled: 271.3333 (276.2216)  loss_ce_dn_2_unscaled: 0.0502 (0.1380)  loss_bbox_dn_2_unscaled: 0.0242 (0.0661)  loss_giou_dn_2_unscaled: 0.1310 (0.2443)  loss_xy_dn_2_unscaled: 0.0077 (0.0209)  loss_hw_dn_2_unscaled: 0.0171 (0.0452)  cardinality_error_dn_2_unscaled: 161.3333 (167.5143)  loss_ce_3_unscaled: 0.3153 (0.4034)  loss_bbox_3_unscaled: 0.0313 (0.1967)  loss_giou_3_unscaled: 0.1933 (0.5530)  loss_xy_3_unscaled: 0.0114 (0.0552)  loss_hw_3_unscaled: 0.0210 (0.1415)  cardinality_error_3_unscaled: 275.0000 (277.8493)  loss_ce_dn_3_unscaled: 0.0522 (0.1419)  loss_bbox_dn_3_unscaled: 0.0225 (0.0654)  loss_giou_dn_3_unscaled: 0.1287 (0.2439)  loss_xy_dn_3_unscaled: 0.0067 (0.0204)  loss_hw_dn_3_unscaled: 0.0158 (0.0450)  cardinality_error_dn_3_unscaled: 165.3333 (167.9709)  loss_ce_4_unscaled: 0.3271 (0.4083)  loss_bbox_4_unscaled: 0.0285 (0.1941)  loss_giou_4_unscaled: 0.1853 (0.5476)  loss_xy_4_unscaled: 0.0113 (0.0546)  loss_hw_4_unscaled: 0.0199 (0.1395)  cardinality_error_4_unscaled: 277.3333 (278.1891)  loss_ce_dn_4_unscaled: 0.0526 (0.1491)  loss_bbox_dn_4_unscaled: 0.0213 (0.0660)  loss_giou_dn_4_unscaled: 0.1188 (0.2459)  loss_xy_dn_4_unscaled: 0.0068 (0.0204)  loss_hw_dn_4_unscaled: 0.0155 (0.0457)  cardinality_error_dn_4_unscaled: 158.3333 (167.0869)  loss_ce_interm_unscaled: 0.4415 (0.4947)  loss_bbox_interm_unscaled: 0.0833 (0.2374)  loss_giou_interm_unscaled: 0.3298 (0.6585)  loss_xy_interm_unscaled: 0.0272 (0.0629)  loss_hw_interm_unscaled: 0.0567 (0.1745)  cardinality_error_interm_unscaled: 285.0000 (279.0265)  time: 0.2983  data: 0.0002  max mem: 24465
Epoch: [0]  [  1190/111901]  eta: 10:04:50  lr: 0.000100  class_error: 5.00  loss: 9.4303 (24.1824)  loss_ce_dn: 0.0540 (0.1584)  loss_bbox_dn: 0.1032 (0.3340)  loss_giou_dn: 0.2569 (0.4956)  loss_ce: 0.3016 (0.4106)  loss_bbox: 0.1377 (0.9550)  loss_giou: 0.3582 (1.0802)  loss_ce_0: 0.3297 (0.4142)  loss_bbox_0: 0.2208 (1.1040)  loss_giou_0: 0.4790 (1.2211)  loss_ce_dn_0: 0.0705 (0.1799)  loss_bbox_dn_0: 0.2419 (0.3909)  loss_giou_dn_0: 0.3690 (0.5338)  loss_ce_1: 0.3199 (0.4008)  loss_bbox_1: 0.1588 (1.0392)  loss_giou_1: 0.4155 (1.1595)  loss_ce_dn_1: 0.0561 (0.1450)  loss_bbox_dn_1: 0.1520 (0.3443)  loss_giou_dn_1: 0.2928 (0.4995)  loss_ce_2: 0.3083 (0.3975)  loss_bbox_2: 0.1641 (1.0005)  loss_giou_2: 0.3830 (1.1203)  loss_ce_dn_2: 0.0469 (0.1372)  loss_bbox_dn_2: 0.1205 (0.3288)  loss_giou_dn_2: 0.2620 (0.4869)  loss_ce_3: 0.2976 (0.4024)  loss_bbox_3: 0.1518 (0.9770)  loss_giou_3: 0.3865 (1.1001)  loss_ce_dn_3: 0.0472 (0.1411)  loss_bbox_dn_3: 0.1093 (0.3252)  loss_giou_dn_3: 0.2596 (0.4860)  loss_ce_4: 0.3009 (0.4073)  loss_bbox_4: 0.1425 (0.9638)  loss_giou_4: 0.3707 (1.0894)  loss_ce_dn_4: 0.0519 (0.1482)  loss_bbox_dn_4: 0.1064 (0.3285)  loss_giou_dn_4: 0.2575 (0.4901)  loss_ce_interm: 0.4336 (0.4941)  loss_bbox_interm: 0.4000 (1.1805)  loss_giou_interm: 0.6392 (1.3115)  loss_ce_dn_unscaled: 0.0540 (0.1584)  loss_bbox_dn_unscaled: 0.0206 (0.0668)  loss_giou_dn_unscaled: 0.1284 (0.2478)  loss_xy_dn_unscaled: 0.0065 (0.0203)  loss_hw_dn_unscaled: 0.0145 (0.0465)  cardinality_error_dn_unscaled: 158.0000 (166.4173)  loss_ce_unscaled: 0.3016 (0.4106)  class_error_unscaled: 2.9412 (15.3936)  loss_bbox_unscaled: 0.0275 (0.1910)  loss_giou_unscaled: 0.1791 (0.5401)  loss_xy_unscaled: 0.0097 (0.0537)  loss_hw_unscaled: 0.0179 (0.1373)  cardinality_error_unscaled: 283.6667 (277.1285)  loss_ce_0_unscaled: 0.3297 (0.4142)  loss_bbox_0_unscaled: 0.0442 (0.2208)  loss_giou_0_unscaled: 0.2395 (0.6105)  loss_xy_0_unscaled: 0.0152 (0.0618)  loss_hw_0_unscaled: 0.0298 (0.1590)  cardinality_error_0_unscaled: 271.0000 (273.5385)  loss_ce_dn_0_unscaled: 0.0705 (0.1799)  loss_bbox_dn_0_unscaled: 0.0484 (0.0782)  loss_giou_dn_0_unscaled: 0.1845 (0.2669)  loss_xy_dn_0_unscaled: 0.0145 (0.0256)  loss_hw_dn_0_unscaled: 0.0334 (0.0526)  cardinality_error_dn_0_unscaled: 158.0000 (167.8063)  loss_ce_1_unscaled: 0.3199 (0.4008)  loss_bbox_1_unscaled: 0.0318 (0.2078)  loss_giou_1_unscaled: 0.2077 (0.5797)  loss_xy_1_unscaled: 0.0097 (0.0576)  loss_hw_1_unscaled: 0.0225 (0.1502)  cardinality_error_1_unscaled: 269.0000 (272.3210)  loss_ce_dn_1_unscaled: 0.0561 (0.1450)  loss_bbox_dn_1_unscaled: 0.0304 (0.0689)  loss_giou_dn_1_unscaled: 0.1464 (0.2497)  loss_xy_dn_1_unscaled: 0.0095 (0.0220)  loss_hw_dn_1_unscaled: 0.0209 (0.0469)  cardinality_error_dn_1_unscaled: 156.3333 (165.6241)  loss_ce_2_unscaled: 0.3083 (0.3975)  loss_bbox_2_unscaled: 0.0328 (0.2001)  loss_giou_2_unscaled: 0.1915 (0.5601)  loss_xy_2_unscaled: 0.0120 (0.0560)  loss_hw_2_unscaled: 0.0202 (0.1441)  cardinality_error_2_unscaled: 279.0000 (276.1097)  loss_ce_dn_2_unscaled: 0.0469 (0.1372)  loss_bbox_dn_2_unscaled: 0.0241 (0.0658)  loss_giou_dn_2_unscaled: 0.1310 (0.2434)  loss_xy_dn_2_unscaled: 0.0075 (0.0208)  loss_hw_dn_2_unscaled: 0.0175 (0.0449)  cardinality_error_dn_2_unscaled: 158.0000 (167.3465)  loss_ce_3_unscaled: 0.2976 (0.4024)  loss_bbox_3_unscaled: 0.0304 (0.1954)  loss_giou_3_unscaled: 0.1933 (0.5501)  loss_xy_3_unscaled: 0.0114 (0.0549)  loss_hw_3_unscaled: 0.0194 (0.1405)  cardinality_error_3_unscaled: 283.6667 (277.7644)  loss_ce_dn_3_unscaled: 0.0472 (0.1411)  loss_bbox_dn_3_unscaled: 0.0219 (0.0650)  loss_giou_dn_3_unscaled: 0.1298 (0.2430)  loss_xy_dn_3_unscaled: 0.0065 (0.0203)  loss_hw_dn_3_unscaled: 0.0165 (0.0447)  cardinality_error_dn_3_unscaled: 158.3333 (167.7739)  loss_ce_4_unscaled: 0.3009 (0.4073)  loss_bbox_4_unscaled: 0.0285 (0.1928)  loss_giou_4_unscaled: 0.1853 (0.5447)  loss_xy_4_unscaled: 0.0104 (0.0543)  loss_hw_4_unscaled: 0.0191 (0.1385)  cardinality_error_4_unscaled: 284.0000 (278.1475)  loss_ce_dn_4_unscaled: 0.0519 (0.1482)  loss_bbox_dn_4_unscaled: 0.0213 (0.0657)  loss_giou_dn_4_unscaled: 0.1288 (0.2450)  loss_xy_dn_4_unscaled: 0.0065 (0.0203)  loss_hw_dn_4_unscaled: 0.0154 (0.0454)  cardinality_error_dn_4_unscaled: 159.0000 (166.9160)  loss_ce_interm_unscaled: 0.4336 (0.4941)  loss_bbox_interm_unscaled: 0.0800 (0.2361)  loss_giou_interm_unscaled: 0.3196 (0.6557)  loss_xy_interm_unscaled: 0.0246 (0.0626)  loss_hw_interm_unscaled: 0.0530 (0.1735)  cardinality_error_interm_unscaled: 285.0000 (278.9256)  time: 0.2979  data: 0.0002  max mem: 24465
Epoch: [0]  [  1200/111901]  eta: 10:05:03  lr: 0.000100  class_error: 4.35  loss: 9.3921 (24.0622)  loss_ce_dn: 0.0481 (0.1575)  loss_bbox_dn: 0.1017 (0.3320)  loss_giou_dn: 0.2655 (0.4938)  loss_ce: 0.2792 (0.4100)  loss_bbox: 0.1566 (0.9484)  loss_giou: 0.3335 (1.0744)  loss_ce_0: 0.3038 (0.4134)  loss_bbox_0: 0.2340 (1.0969)  loss_giou_0: 0.4128 (1.2150)  loss_ce_dn_0: 0.0643 (0.1789)  loss_bbox_dn_0: 0.2083 (0.3894)  loss_giou_dn_0: 0.3703 (0.5324)  loss_ce_1: 0.2907 (0.3999)  loss_bbox_1: 0.1858 (1.0323)  loss_giou_1: 0.3658 (1.1533)  loss_ce_dn_1: 0.0465 (0.1442)  loss_bbox_dn_1: 0.1308 (0.3425)  loss_giou_dn_1: 0.3060 (0.4978)  loss_ce_2: 0.2653 (0.3967)  loss_bbox_2: 0.1595 (0.9937)  loss_giou_2: 0.3155 (1.1143)  loss_ce_dn_2: 0.0429 (0.1364)  loss_bbox_dn_2: 0.1059 (0.3269)  loss_giou_dn_2: 0.2769 (0.4852)  loss_ce_3: 0.2785 (0.4017)  loss_bbox_3: 0.1575 (0.9703)  loss_giou_3: 0.3253 (1.0943)  loss_ce_dn_3: 0.0427 (0.1403)  loss_bbox_dn_3: 0.1000 (0.3232)  loss_giou_dn_3: 0.2631 (0.4843)  loss_ce_4: 0.2811 (0.4067)  loss_bbox_4: 0.1581 (0.9572)  loss_giou_4: 0.3305 (1.0836)  loss_ce_dn_4: 0.0448 (0.1473)  loss_bbox_dn_4: 0.1034 (0.3265)  loss_giou_dn_4: 0.2693 (0.4884)  loss_ce_interm: 0.4107 (0.4934)  loss_bbox_interm: 0.4000 (1.1739)  loss_giou_interm: 0.5897 (1.3059)  loss_ce_dn_unscaled: 0.0481 (0.1575)  loss_bbox_dn_unscaled: 0.0203 (0.0664)  loss_giou_dn_unscaled: 0.1328 (0.2469)  loss_xy_dn_unscaled: 0.0068 (0.0202)  loss_hw_dn_unscaled: 0.0141 (0.0462)  cardinality_error_dn_unscaled: 154.0000 (166.3258)  loss_ce_unscaled: 0.2792 (0.4100)  class_error_unscaled: 4.0000 (15.3148)  loss_bbox_unscaled: 0.0313 (0.1897)  loss_giou_unscaled: 0.1667 (0.5372)  loss_xy_unscaled: 0.0129 (0.0534)  loss_hw_unscaled: 0.0170 (0.1363)  cardinality_error_unscaled: 275.6667 (277.1055)  loss_ce_0_unscaled: 0.3038 (0.4134)  loss_bbox_0_unscaled: 0.0468 (0.2194)  loss_giou_0_unscaled: 0.2064 (0.6075)  loss_xy_0_unscaled: 0.0165 (0.0614)  loss_hw_0_unscaled: 0.0259 (0.1580)  cardinality_error_0_unscaled: 259.3333 (273.4671)  loss_ce_dn_0_unscaled: 0.0643 (0.1789)  loss_bbox_dn_0_unscaled: 0.0417 (0.0779)  loss_giou_dn_0_unscaled: 0.1851 (0.2662)  loss_xy_dn_0_unscaled: 0.0132 (0.0255)  loss_hw_dn_0_unscaled: 0.0288 (0.0524)  cardinality_error_dn_0_unscaled: 165.3333 (167.8057)  loss_ce_1_unscaled: 0.2907 (0.3999)  loss_bbox_1_unscaled: 0.0372 (0.2065)  loss_giou_1_unscaled: 0.1829 (0.5766)  loss_xy_1_unscaled: 0.0146 (0.0573)  loss_hw_1_unscaled: 0.0228 (0.1492)  cardinality_error_1_unscaled: 260.3333 (272.2717)  loss_ce_dn_1_unscaled: 0.0465 (0.1442)  loss_bbox_dn_1_unscaled: 0.0262 (0.0685)  loss_giou_dn_1_unscaled: 0.1530 (0.2489)  loss_xy_dn_1_unscaled: 0.0084 (0.0219)  loss_hw_dn_1_unscaled: 0.0186 (0.0466)  cardinality_error_dn_1_unscaled: 156.6667 (165.5995)  loss_ce_2_unscaled: 0.2653 (0.3967)  loss_bbox_2_unscaled: 0.0319 (0.1987)  loss_giou_2_unscaled: 0.1578 (0.5571)  loss_xy_2_unscaled: 0.0131 (0.0556)  loss_hw_2_unscaled: 0.0185 (0.1431)  cardinality_error_2_unscaled: 279.6667 (276.1524)  loss_ce_dn_2_unscaled: 0.0429 (0.1364)  loss_bbox_dn_2_unscaled: 0.0212 (0.0654)  loss_giou_dn_2_unscaled: 0.1385 (0.2426)  loss_xy_dn_2_unscaled: 0.0071 (0.0207)  loss_hw_dn_2_unscaled: 0.0142 (0.0447)  cardinality_error_dn_2_unscaled: 166.6667 (167.3622)  loss_ce_3_unscaled: 0.2785 (0.4017)  loss_bbox_3_unscaled: 0.0315 (0.1941)  loss_giou_3_unscaled: 0.1627 (0.5471)  loss_xy_3_unscaled: 0.0132 (0.0546)  loss_hw_3_unscaled: 0.0182 (0.1395)  cardinality_error_3_unscaled: 280.6667 (277.7796)  loss_ce_dn_3_unscaled: 0.0427 (0.1403)  loss_bbox_dn_3_unscaled: 0.0200 (0.0646)  loss_giou_dn_3_unscaled: 0.1316 (0.2421)  loss_xy_dn_3_unscaled: 0.0067 (0.0202)  loss_hw_dn_3_unscaled: 0.0134 (0.0444)  cardinality_error_dn_3_unscaled: 170.0000 (167.7794)  loss_ce_4_unscaled: 0.2811 (0.4067)  loss_bbox_4_unscaled: 0.0316 (0.1914)  loss_giou_4_unscaled: 0.1652 (0.5418)  loss_xy_4_unscaled: 0.0128 (0.0539)  loss_hw_4_unscaled: 0.0169 (0.1375)  cardinality_error_4_unscaled: 280.6667 (278.1904)  loss_ce_dn_4_unscaled: 0.0448 (0.1473)  loss_bbox_dn_4_unscaled: 0.0207 (0.0653)  loss_giou_dn_4_unscaled: 0.1346 (0.2442)  loss_xy_dn_4_unscaled: 0.0068 (0.0201)  loss_hw_dn_4_unscaled: 0.0142 (0.0452)  cardinality_error_dn_4_unscaled: 169.6667 (166.9306)  loss_ce_interm_unscaled: 0.4107 (0.4934)  loss_bbox_interm_unscaled: 0.0800 (0.2348)  loss_giou_interm_unscaled: 0.2949 (0.6529)  loss_xy_interm_unscaled: 0.0273 (0.0623)  loss_hw_interm_unscaled: 0.0499 (0.1725)  cardinality_error_interm_unscaled: 277.3333 (278.8721)  time: 0.3250  data: 0.0002  max mem: 24465
Epoch: [0]  [  1210/111901]  eta: 10:04:49  lr: 0.000100  class_error: 10.00  loss: 9.4247 (23.9472)  loss_ce_dn: 0.0494 (0.1567)  loss_bbox_dn: 0.1004 (0.3302)  loss_giou_dn: 0.2690 (0.4923)  loss_ce: 0.3224 (0.4092)  loss_bbox: 0.1319 (0.9418)  loss_giou: 0.3391 (1.0689)  loss_ce_0: 0.3131 (0.4126)  loss_bbox_0: 0.2340 (1.0898)  loss_giou_0: 0.4823 (1.2092)  loss_ce_dn_0: 0.0677 (0.1780)  loss_bbox_dn_0: 0.2099 (0.3880)  loss_giou_dn_0: 0.3804 (0.5312)  loss_ce_1: 0.2947 (0.3992)  loss_bbox_1: 0.1858 (1.0252)  loss_giou_1: 0.4088 (1.1477)  loss_ce_dn_1: 0.0465 (0.1435)  loss_bbox_dn_1: 0.1327 (0.3409)  loss_giou_dn_1: 0.3111 (0.4964)  loss_ce_2: 0.2940 (0.3959)  loss_bbox_2: 0.1515 (0.9868)  loss_giou_2: 0.3670 (1.1087)  loss_ce_dn_2: 0.0431 (0.1356)  loss_bbox_dn_2: 0.1029 (0.3252)  loss_giou_dn_2: 0.2769 (0.4837)  loss_ce_3: 0.3126 (0.4009)  loss_bbox_3: 0.1402 (0.9635)  loss_giou_3: 0.3403 (1.0887)  loss_ce_dn_3: 0.0427 (0.1395)  loss_bbox_dn_3: 0.0971 (0.3215)  loss_giou_dn_3: 0.2631 (0.4828)  loss_ce_4: 0.3122 (0.4059)  loss_bbox_4: 0.1396 (0.9505)  loss_giou_4: 0.3432 (1.0781)  loss_ce_dn_4: 0.0450 (0.1465)  loss_bbox_dn_4: 0.0972 (0.3247)  loss_giou_dn_4: 0.2731 (0.4868)  loss_ce_interm: 0.4245 (0.4929)  loss_bbox_interm: 0.3460 (1.1671)  loss_giou_interm: 0.5897 (1.3006)  loss_ce_dn_unscaled: 0.0494 (0.1567)  loss_bbox_dn_unscaled: 0.0201 (0.0660)  loss_giou_dn_unscaled: 0.1345 (0.2462)  loss_xy_dn_unscaled: 0.0066 (0.0201)  loss_hw_dn_unscaled: 0.0118 (0.0459)  cardinality_error_dn_unscaled: 165.0000 (166.2720)  loss_ce_unscaled: 0.3224 (0.4092)  class_error_unscaled: 6.4516 (15.2480)  loss_bbox_unscaled: 0.0264 (0.1884)  loss_giou_unscaled: 0.1695 (0.5345)  loss_xy_unscaled: 0.0093 (0.0530)  loss_hw_unscaled: 0.0166 (0.1353)  cardinality_error_unscaled: 281.3333 (277.0336)  loss_ce_0_unscaled: 0.3131 (0.4126)  loss_bbox_0_unscaled: 0.0468 (0.2180)  loss_giou_0_unscaled: 0.2411 (0.6046)  loss_xy_0_unscaled: 0.0161 (0.0610)  loss_hw_0_unscaled: 0.0284 (0.1569)  cardinality_error_0_unscaled: 275.3333 (273.3130)  loss_ce_dn_0_unscaled: 0.0677 (0.1780)  loss_bbox_dn_0_unscaled: 0.0420 (0.0776)  loss_giou_dn_0_unscaled: 0.1902 (0.2656)  loss_xy_dn_0_unscaled: 0.0127 (0.0254)  loss_hw_dn_0_unscaled: 0.0288 (0.0522)  cardinality_error_dn_0_unscaled: 166.0000 (167.7553)  loss_ce_1_unscaled: 0.2947 (0.3992)  loss_bbox_1_unscaled: 0.0372 (0.2050)  loss_giou_1_unscaled: 0.2044 (0.5738)  loss_xy_1_unscaled: 0.0113 (0.0569)  loss_hw_1_unscaled: 0.0214 (0.1481)  cardinality_error_1_unscaled: 275.0000 (272.1241)  loss_ce_dn_1_unscaled: 0.0465 (0.1435)  loss_bbox_dn_1_unscaled: 0.0265 (0.0682)  loss_giou_dn_1_unscaled: 0.1556 (0.2482)  loss_xy_dn_1_unscaled: 0.0080 (0.0218)  loss_hw_dn_1_unscaled: 0.0186 (0.0464)  cardinality_error_dn_1_unscaled: 166.6667 (165.5453)  loss_ce_2_unscaled: 0.2940 (0.3959)  loss_bbox_2_unscaled: 0.0303 (0.1974)  loss_giou_2_unscaled: 0.1835 (0.5544)  loss_xy_2_unscaled: 0.0105 (0.0553)  loss_hw_2_unscaled: 0.0180 (0.1421)  cardinality_error_2_unscaled: 282.0000 (276.0708)  loss_ce_dn_2_unscaled: 0.0431 (0.1356)  loss_bbox_dn_2_unscaled: 0.0206 (0.0650)  loss_giou_dn_2_unscaled: 0.1385 (0.2418)  loss_xy_dn_2_unscaled: 0.0066 (0.0206)  loss_hw_dn_2_unscaled: 0.0136 (0.0444)  cardinality_error_dn_2_unscaled: 166.6667 (167.2967)  loss_ce_3_unscaled: 0.3126 (0.4009)  loss_bbox_3_unscaled: 0.0280 (0.1927)  loss_giou_3_unscaled: 0.1701 (0.5444)  loss_xy_3_unscaled: 0.0100 (0.0542)  loss_hw_3_unscaled: 0.0178 (0.1385)  cardinality_error_3_unscaled: 281.6667 (277.7336)  loss_ce_dn_3_unscaled: 0.0427 (0.1395)  loss_bbox_dn_3_unscaled: 0.0194 (0.0643)  loss_giou_dn_3_unscaled: 0.1316 (0.2414)  loss_xy_dn_3_unscaled: 0.0067 (0.0201)  loss_hw_dn_3_unscaled: 0.0129 (0.0442)  cardinality_error_dn_3_unscaled: 170.0000 (167.7135)  loss_ce_4_unscaled: 0.3122 (0.4059)  loss_bbox_4_unscaled: 0.0279 (0.1901)  loss_giou_4_unscaled: 0.1716 (0.5391)  loss_xy_4_unscaled: 0.0097 (0.0536)  loss_hw_4_unscaled: 0.0168 (0.1365)  cardinality_error_4_unscaled: 283.3333 (278.1137)  loss_ce_dn_4_unscaled: 0.0450 (0.1465)  loss_bbox_dn_4_unscaled: 0.0194 (0.0649)  loss_giou_dn_4_unscaled: 0.1365 (0.2434)  loss_xy_dn_4_unscaled: 0.0066 (0.0200)  loss_hw_dn_4_unscaled: 0.0126 (0.0449)  cardinality_error_dn_4_unscaled: 169.6667 (166.8632)  loss_ce_interm_unscaled: 0.4245 (0.4929)  loss_bbox_interm_unscaled: 0.0692 (0.2334)  loss_giou_interm_unscaled: 0.2949 (0.6503)  loss_xy_interm_unscaled: 0.0273 (0.0620)  loss_hw_interm_unscaled: 0.0429 (0.1714)  cardinality_error_interm_unscaled: 284.3333 (278.7049)  time: 0.3309  data: 0.0002  max mem: 24465
Epoch: [0]  [  1220/111901]  eta: 10:04:31  lr: 0.000100  class_error: 10.00  loss: 8.8967 (23.8272)  loss_ce_dn: 0.0535 (0.1559)  loss_bbox_dn: 0.0971 (0.3282)  loss_giou_dn: 0.2470 (0.4902)  loss_ce: 0.3166 (0.4085)  loss_bbox: 0.1264 (0.9353)  loss_giou: 0.3391 (1.0629)  loss_ce_0: 0.3206 (0.4120)  loss_bbox_0: 0.2051 (1.0828)  loss_giou_0: 0.4704 (1.2031)  loss_ce_dn_0: 0.0684 (0.1772)  loss_bbox_dn_0: 0.2212 (0.3867)  loss_giou_dn_0: 0.3721 (0.5299)  loss_ce_1: 0.2982 (0.3984)  loss_bbox_1: 0.1509 (1.0184)  loss_giou_1: 0.4088 (1.1415)  loss_ce_dn_1: 0.0537 (0.1428)  loss_bbox_dn_1: 0.1432 (0.3393)  loss_giou_dn_1: 0.2906 (0.4947)  loss_ce_2: 0.2940 (0.3952)  loss_bbox_2: 0.1370 (0.9801)  loss_giou_2: 0.3772 (1.1026)  loss_ce_dn_2: 0.0472 (0.1349)  loss_bbox_dn_2: 0.1123 (0.3235)  loss_giou_dn_2: 0.2557 (0.4817)  loss_ce_3: 0.2936 (0.4001)  loss_bbox_3: 0.1243 (0.9569)  loss_giou_3: 0.3403 (1.0827)  loss_ce_dn_3: 0.0451 (0.1388)  loss_bbox_dn_3: 0.0991 (0.3197)  loss_giou_dn_3: 0.2473 (0.4808)  loss_ce_4: 0.3083 (0.4051)  loss_bbox_4: 0.1255 (0.9439)  loss_giou_4: 0.3432 (1.0721)  loss_ce_dn_4: 0.0451 (0.1458)  loss_bbox_dn_4: 0.0975 (0.3228)  loss_giou_dn_4: 0.2483 (0.4848)  loss_ce_interm: 0.4289 (0.4924)  loss_bbox_interm: 0.3294 (1.1607)  loss_giou_interm: 0.6016 (1.2948)  loss_ce_dn_unscaled: 0.0535 (0.1559)  loss_bbox_dn_unscaled: 0.0194 (0.0656)  loss_giou_dn_unscaled: 0.1235 (0.2451)  loss_xy_dn_unscaled: 0.0061 (0.0200)  loss_hw_dn_unscaled: 0.0134 (0.0456)  cardinality_error_dn_unscaled: 163.0000 (166.2572)  loss_ce_unscaled: 0.3166 (0.4085)  class_error_unscaled: 5.5556 (15.1852)  loss_bbox_unscaled: 0.0253 (0.1871)  loss_giou_unscaled: 0.1695 (0.5314)  loss_xy_unscaled: 0.0087 (0.0527)  loss_hw_unscaled: 0.0166 (0.1344)  cardinality_error_unscaled: 280.0000 (276.9866)  loss_ce_0_unscaled: 0.3206 (0.4120)  loss_bbox_0_unscaled: 0.0410 (0.2166)  loss_giou_0_unscaled: 0.2352 (0.6016)  loss_xy_0_unscaled: 0.0143 (0.0607)  loss_hw_0_unscaled: 0.0284 (0.1559)  cardinality_error_0_unscaled: 275.3333 (273.1581)  loss_ce_dn_0_unscaled: 0.0684 (0.1772)  loss_bbox_dn_0_unscaled: 0.0442 (0.0773)  loss_giou_dn_0_unscaled: 0.1860 (0.2649)  loss_xy_dn_0_unscaled: 0.0137 (0.0253)  loss_hw_dn_0_unscaled: 0.0303 (0.0520)  cardinality_error_dn_0_unscaled: 161.0000 (167.7003)  loss_ce_1_unscaled: 0.2982 (0.3984)  loss_bbox_1_unscaled: 0.0302 (0.2037)  loss_giou_1_unscaled: 0.2044 (0.5708)  loss_xy_1_unscaled: 0.0110 (0.0565)  loss_hw_1_unscaled: 0.0206 (0.1471)  cardinality_error_1_unscaled: 274.3333 (271.9402)  loss_ce_dn_1_unscaled: 0.0537 (0.1428)  loss_bbox_dn_1_unscaled: 0.0286 (0.0679)  loss_giou_dn_1_unscaled: 0.1453 (0.2473)  loss_xy_dn_1_unscaled: 0.0089 (0.0217)  loss_hw_dn_1_unscaled: 0.0202 (0.0462)  cardinality_error_dn_1_unscaled: 160.0000 (165.4720)  loss_ce_2_unscaled: 0.2940 (0.3952)  loss_bbox_2_unscaled: 0.0274 (0.1960)  loss_giou_2_unscaled: 0.1886 (0.5513)  loss_xy_2_unscaled: 0.0105 (0.0549)  loss_hw_2_unscaled: 0.0180 (0.1411)  cardinality_error_2_unscaled: 279.0000 (275.9468)  loss_ce_dn_2_unscaled: 0.0472 (0.1349)  loss_bbox_dn_2_unscaled: 0.0225 (0.0647)  loss_giou_dn_2_unscaled: 0.1279 (0.2409)  loss_xy_dn_2_unscaled: 0.0070 (0.0205)  loss_hw_dn_2_unscaled: 0.0148 (0.0442)  cardinality_error_dn_2_unscaled: 159.3333 (167.1589)  loss_ce_3_unscaled: 0.2936 (0.4001)  loss_bbox_3_unscaled: 0.0249 (0.1914)  loss_giou_3_unscaled: 0.1701 (0.5414)  loss_xy_3_unscaled: 0.0092 (0.0538)  loss_hw_3_unscaled: 0.0172 (0.1375)  cardinality_error_3_unscaled: 281.0000 (277.6579)  loss_ce_dn_3_unscaled: 0.0451 (0.1388)  loss_bbox_dn_3_unscaled: 0.0198 (0.0639)  loss_giou_dn_3_unscaled: 0.1237 (0.2404)  loss_xy_dn_3_unscaled: 0.0062 (0.0200)  loss_hw_dn_3_unscaled: 0.0133 (0.0440)  cardinality_error_dn_3_unscaled: 157.3333 (167.6020)  loss_ce_4_unscaled: 0.3083 (0.4051)  loss_bbox_4_unscaled: 0.0251 (0.1888)  loss_giou_4_unscaled: 0.1716 (0.5361)  loss_xy_4_unscaled: 0.0085 (0.0532)  loss_hw_4_unscaled: 0.0167 (0.1356)  cardinality_error_4_unscaled: 281.3333 (278.0423)  loss_ce_dn_4_unscaled: 0.0451 (0.1458)  loss_bbox_dn_4_unscaled: 0.0195 (0.0646)  loss_giou_dn_4_unscaled: 0.1241 (0.2424)  loss_xy_dn_4_unscaled: 0.0062 (0.0199)  loss_hw_dn_4_unscaled: 0.0133 (0.0446)  cardinality_error_dn_4_unscaled: 156.3333 (166.7592)  loss_ce_interm_unscaled: 0.4289 (0.4924)  loss_bbox_interm_unscaled: 0.0659 (0.2321)  loss_giou_interm_unscaled: 0.3008 (0.6474)  loss_xy_interm_unscaled: 0.0255 (0.0617)  loss_hw_interm_unscaled: 0.0426 (0.1704)  cardinality_error_interm_unscaled: 279.6667 (278.5965)  time: 0.3142  data: 0.0002  max mem: 24465
Epoch: [0]  [  1230/111901]  eta: 10:04:29  lr: 0.000100  class_error: 0.00  loss: 9.9550 (23.7186)  loss_ce_dn: 0.0477 (0.1550)  loss_bbox_dn: 0.1008 (0.3265)  loss_giou_dn: 0.2398 (0.4886)  loss_ce: 0.2989 (0.4076)  loss_bbox: 0.1426 (0.9296)  loss_giou: 0.3607 (1.0576)  loss_ce_0: 0.3171 (0.4113)  loss_bbox_0: 0.2365 (1.0766)  loss_giou_0: 0.4704 (1.1973)  loss_ce_dn_0: 0.0698 (0.1763)  loss_bbox_dn_0: 0.2215 (0.3854)  loss_giou_dn_0: 0.3600 (0.5286)  loss_ce_1: 0.2950 (0.3977)  loss_bbox_1: 0.1684 (1.0122)  loss_giou_1: 0.4227 (1.1358)  loss_ce_dn_1: 0.0522 (0.1420)  loss_bbox_dn_1: 0.1472 (0.3377)  loss_giou_dn_1: 0.2839 (0.4932)  loss_ce_2: 0.2888 (0.3944)  loss_bbox_2: 0.1543 (0.9741)  loss_giou_2: 0.3974 (1.0971)  loss_ce_dn_2: 0.0451 (0.1342)  loss_bbox_dn_2: 0.1129 (0.3219)  loss_giou_dn_2: 0.2595 (0.4802)  loss_ce_3: 0.2901 (0.3992)  loss_bbox_3: 0.1462 (0.9510)  loss_giou_3: 0.3804 (1.0773)  loss_ce_dn_3: 0.0442 (0.1380)  loss_bbox_dn_3: 0.1045 (0.3180)  loss_giou_dn_3: 0.2467 (0.4793)  loss_ce_4: 0.2870 (0.4042)  loss_bbox_4: 0.1562 (0.9382)  loss_giou_4: 0.3798 (1.0668)  loss_ce_dn_4: 0.0450 (0.1449)  loss_bbox_dn_4: 0.0999 (0.3211)  loss_giou_dn_4: 0.2424 (0.4832)  loss_ce_interm: 0.4328 (0.4920)  loss_bbox_interm: 0.3513 (1.1548)  loss_giou_interm: 0.6016 (1.2894)  loss_ce_dn_unscaled: 0.0477 (0.1550)  loss_bbox_dn_unscaled: 0.0202 (0.0653)  loss_giou_dn_unscaled: 0.1199 (0.2443)  loss_xy_dn_unscaled: 0.0065 (0.0199)  loss_hw_dn_unscaled: 0.0135 (0.0454)  cardinality_error_dn_unscaled: 170.6667 (166.2445)  loss_ce_unscaled: 0.2989 (0.4076)  class_error_unscaled: 5.2632 (15.1023)  loss_bbox_unscaled: 0.0285 (0.1859)  loss_giou_unscaled: 0.1804 (0.5288)  loss_xy_unscaled: 0.0109 (0.0524)  loss_hw_unscaled: 0.0180 (0.1335)  cardinality_error_unscaled: 283.3333 (277.0379)  loss_ce_0_unscaled: 0.3171 (0.4113)  loss_bbox_0_unscaled: 0.0473 (0.2153)  loss_giou_0_unscaled: 0.2352 (0.5987)  loss_xy_0_unscaled: 0.0169 (0.0604)  loss_hw_0_unscaled: 0.0303 (0.1550)  cardinality_error_0_unscaled: 264.6667 (273.1189)  loss_ce_dn_0_unscaled: 0.0698 (0.1763)  loss_bbox_dn_0_unscaled: 0.0443 (0.0771)  loss_giou_dn_0_unscaled: 0.1800 (0.2643)  loss_xy_dn_0_unscaled: 0.0137 (0.0252)  loss_hw_dn_0_unscaled: 0.0304 (0.0518)  cardinality_error_dn_0_unscaled: 171.0000 (167.7206)  loss_ce_1_unscaled: 0.2950 (0.3977)  loss_bbox_1_unscaled: 0.0337 (0.2024)  loss_giou_1_unscaled: 0.2114 (0.5679)  loss_xy_1_unscaled: 0.0121 (0.0562)  loss_hw_1_unscaled: 0.0241 (0.1462)  cardinality_error_1_unscaled: 264.3333 (271.8993)  loss_ce_dn_1_unscaled: 0.0522 (0.1420)  loss_bbox_dn_1_unscaled: 0.0294 (0.0675)  loss_giou_dn_1_unscaled: 0.1419 (0.2466)  loss_xy_dn_1_unscaled: 0.0092 (0.0216)  loss_hw_dn_1_unscaled: 0.0202 (0.0460)  cardinality_error_dn_1_unscaled: 168.6667 (165.5056)  loss_ce_2_unscaled: 0.2888 (0.3944)  loss_bbox_2_unscaled: 0.0309 (0.1948)  loss_giou_2_unscaled: 0.1987 (0.5486)  loss_xy_2_unscaled: 0.0118 (0.0546)  loss_hw_2_unscaled: 0.0191 (0.1402)  cardinality_error_2_unscaled: 277.3333 (275.9605)  loss_ce_dn_2_unscaled: 0.0451 (0.1342)  loss_bbox_dn_2_unscaled: 0.0226 (0.0644)  loss_giou_dn_2_unscaled: 0.1297 (0.2401)  loss_xy_dn_2_unscaled: 0.0076 (0.0204)  loss_hw_dn_2_unscaled: 0.0155 (0.0440)  cardinality_error_dn_2_unscaled: 169.3333 (167.1885)  loss_ce_3_unscaled: 0.2901 (0.3992)  loss_bbox_3_unscaled: 0.0292 (0.1902)  loss_giou_3_unscaled: 0.1902 (0.5387)  loss_xy_3_unscaled: 0.0108 (0.0535)  loss_hw_3_unscaled: 0.0185 (0.1367)  cardinality_error_3_unscaled: 282.6667 (277.6965)  loss_ce_dn_3_unscaled: 0.0442 (0.1380)  loss_bbox_dn_3_unscaled: 0.0209 (0.0636)  loss_giou_dn_3_unscaled: 0.1234 (0.2396)  loss_xy_dn_3_unscaled: 0.0065 (0.0199)  loss_hw_dn_3_unscaled: 0.0136 (0.0437)  cardinality_error_dn_3_unscaled: 165.0000 (167.6055)  loss_ce_4_unscaled: 0.2870 (0.4042)  loss_bbox_4_unscaled: 0.0312 (0.1876)  loss_giou_4_unscaled: 0.1899 (0.5334)  loss_xy_4_unscaled: 0.0113 (0.0529)  loss_hw_4_unscaled: 0.0199 (0.1347)  cardinality_error_4_unscaled: 283.6667 (278.0769)  loss_ce_dn_4_unscaled: 0.0450 (0.1449)  loss_bbox_dn_4_unscaled: 0.0200 (0.0642)  loss_giou_dn_4_unscaled: 0.1212 (0.2416)  loss_xy_dn_4_unscaled: 0.0064 (0.0198)  loss_hw_dn_4_unscaled: 0.0134 (0.0444)  cardinality_error_dn_4_unscaled: 167.0000 (166.7744)  loss_ce_interm_unscaled: 0.4328 (0.4920)  loss_bbox_interm_unscaled: 0.0703 (0.2310)  loss_giou_interm_unscaled: 0.3008 (0.6447)  loss_xy_interm_unscaled: 0.0255 (0.0615)  loss_hw_interm_unscaled: 0.0472 (0.1695)  cardinality_error_interm_unscaled: 287.0000 (278.6594)  time: 0.3203  data: 0.0002  max mem: 24465